step,mean_stress_ratio,vulnerable_fraction,target_mean_dependencies,actual_mean_indegree,replicate
0,0.30716406829992576,0.43207126948775054,1.0,1.3422222222222222,0
10,0.3082776540460282,0.43429844097995546,1.0,1.3422222222222222,0
20,0.30679287305122493,0.43207126948775054,1.0,1.3422222222222222,0
30,0.30605048255382333,0.42761692650334077,1.0,1.3422222222222222,0
40,0.30902004454342985,0.43429844097995546,1.0,1.3422222222222222,0
50,0.3123608017817372,0.44320712694877507,1.0,1.3422222222222222,0
60,0.3175575352635486,0.44988864142538976,1.0,1.3422222222222222,0
70,0.311804008908686,0.44097995545657015,1.0,1.3422222222222222,0
80,0.31365998515219,0.44766146993318484,1.0,1.3422222222222222,0
90,0.3028953229398664,0.41870824053452116,1.0,1.3422222222222222,0
100,0.303637713437268,0.4142538975501114,1.0,1.3422222222222222,0
110,0.3019673348181143,0.40979955456570155,1.0,1.3422222222222222,0
120,0.2938010393466963,0.39198218262806234,1.0,1.3422222222222222,0
130,0.3066072754268745,0.4209354120267261,1.0,1.3422222222222222,0
140,0.3123608017817372,0.42761692650334077,1.0,1.3422222222222222,0
150,0.31124721603563477,0.41870824053452116,1.0,1.3422222222222222,0
160,0.31551596139569416,0.42761692650334077,1.0,1.3422222222222222,0
170,0.31792873051224946,0.43207126948775054,1.0,1.3422222222222222,0
180,0.3121752041573868,0.41870824053452116,1.0,1.3422222222222222,0
190,0.3069784706755753,0.40979955456570155,1.0,1.3422222222222222,0
200,0.28303637713437263,0.3741648106904232,1.0,1.3422222222222222,0
210,0.2770972531551596,0.36971046770601335,1.0,1.3422222222222222,0
220,0.278210838901262,0.37193763919821826,1.0,1.3422222222222222,0
230,0.2817371937639198,0.37861915367483295,1.0,1.3422222222222222,0
240,0.28507795100222716,0.38752783964365256,1.0,1.3422222222222222,0
250,0.28340757238307346,0.3897550111358575,1.0,1.3422222222222222,0
260,0.31625835189309576,0.45434298440979953,1.0,1.3422222222222222,0
270,0.3283221974758723,0.48106904231625836,1.0,1.3422222222222222,0
280,0.3242390497401633,0.4766146993318486,1.0,1.3422222222222222,0
290,0.3283221974758723,0.48552338530066813,1.0,1.3422222222222222,0
300,0.3288789903489236,0.48775055679287305,1.0,1.3422222222222222,0
310,0.32405345211581293,0.4766146993318486,1.0,1.3422222222222222,0
320,0.32368225686711205,0.47438752783964366,1.0,1.3422222222222222,0
330,0.324981440237565,0.47438752783964366,1.0,1.3422222222222222,0
340,0.2702301410541945,0.3830734966592428,1.0,1.3422222222222222,0
350,0.2754268745360059,0.39198218262806234,1.0,1.3422222222222222,0
360,0.30141054194506306,0.44320712694877507,1.0,1.3422222222222222,0
370,0.3025241276911655,0.44543429844098,1.0,1.3422222222222222,0
380,0.3010393466963623,0.44543429844098,1.0,1.3422222222222222,0
390,0.2999257609502598,0.44097995545657015,1.0,1.3422222222222222,0
400,0.30011135857461024,0.43875278396436523,1.0,1.3422222222222222,0
410,0.3025241276911655,0.44543429844098,1.0,1.3422222222222222,0
420,0.3010393466963623,0.44320712694877507,1.0,1.3422222222222222,0
430,0.2926874536005939,0.4298440979955457,1.0,1.3422222222222222,0
440,0.29342984409799555,0.42316258351893093,1.0,1.3422222222222222,0
450,0.2897178916109873,0.4209354120267261,1.0,1.3422222222222222,0
460,0.29175946547884185,0.4298440979955457,1.0,1.3422222222222222,0
470,0.2906458797327394,0.42761692650334077,1.0,1.3422222222222222,0
480,0.2843355605048255,0.41648106904231624,1.0,1.3422222222222222,0
490,0.27839643652561247,0.41202672605790647,1.0,1.3422222222222222,0
500,0.27783964365256125,0.40311804008908686,1.0,1.3422222222222222,0
510,0.2806236080178174,0.40979955456570155,1.0,1.3422222222222222,0
520,0.2817371937639198,0.40979955456570155,1.0,1.3422222222222222,0
530,0.2802524127691165,0.4053452115812918,1.0,1.3422222222222222,0
540,0.2774684484038604,0.40089086859688194,1.0,1.3422222222222222,0
550,0.2607646622123237,0.36525612472160357,1.0,1.3422222222222222,0
560,0.2633630289532294,0.37193763919821826,1.0,1.3422222222222222,0
570,0.26039346696362287,0.36525612472160357,1.0,1.3422222222222222,0
580,0.2615070527097253,0.3674832962138085,1.0,1.3422222222222222,0
590,0.2557535263548626,0.35634743875278396,1.0,1.3422222222222222,0
600,0.26911655530809203,0.3741648106904232,1.0,1.3422222222222222,0
610,0.2757980697847067,0.37639198218262804,1.0,1.3422222222222222,0
620,0.2795100222717149,0.38084632516703787,1.0,1.3422222222222222,0
630,0.2789532293986637,0.38084632516703787,1.0,1.3422222222222222,0
640,0.27616926503340755,0.3741648106904232,1.0,1.3422222222222222,0
650,0.26280623608017817,0.3585746102449889,1.0,1.3422222222222222,0
660,0.26243504083147734,0.3585746102449889,1.0,1.3422222222222222,0
670,0.26948775055679286,0.3741648106904232,1.0,1.3422222222222222,0
680,0.27152932442464733,0.3741648106904232,1.0,1.3422222222222222,0
690,0.2752412769116555,0.38530066815144765,1.0,1.3422222222222222,0
700,0.27431328878990346,0.38530066815144765,1.0,1.3422222222222222,0
710,0.2706013363028953,0.3741648106904232,1.0,1.3422222222222222,0
720,0.27134372680029695,0.37639198218262804,1.0,1.3422222222222222,0
730,0.2687453600593912,0.37193763919821826,1.0,1.3422222222222222,0
740,0.2757980697847067,0.36302895322939865,1.0,1.3422222222222222,0
750,0.28711952487008163,0.37639198218262804,1.0,1.3422222222222222,0
760,0.2889755011135857,0.37861915367483295,1.0,1.3422222222222222,0
770,0.2847067557535264,0.37193763919821826,1.0,1.3422222222222222,0
780,0.2878619153674833,0.37639198218262804,1.0,1.3422222222222222,0
790,0.2878619153674833,0.37861915367483295,1.0,1.3422222222222222,0
800,0.2852635486265776,0.37193763919821826,1.0,1.3422222222222222,0
810,0.2856347438752784,0.37193763919821826,1.0,1.3422222222222222,0
820,0.2858203414996288,0.3741648106904232,1.0,1.3422222222222222,0
830,0.2921306607275427,0.3741648106904232,1.0,1.3422222222222222,0
840,0.28619153674832964,0.36302895322939865,1.0,1.3422222222222222,0
850,0.28749072011878246,0.3674832962138085,1.0,1.3422222222222222,0
860,0.2889755011135857,0.37193763919821826,1.0,1.3422222222222222,0
870,0.30085374907201184,0.39198218262806234,1.0,1.3422222222222222,0
880,0.3040089086859688,0.39643652561247217,1.0,1.3422222222222222,0
890,0.29435783221974754,0.37861915367483295,1.0,1.3422222222222222,0
900,0.29658500371195246,0.38084632516703787,1.0,1.3422222222222222,0
910,0.29658500371195246,0.3830734966592428,1.0,1.3422222222222222,0
920,0.2984409799554566,0.3897550111358575,1.0,1.3422222222222222,0
930,0.2962138084632517,0.38530066815144765,1.0,1.3422222222222222,0
940,0.29936896807720864,0.39420935412026725,1.0,1.3422222222222222,0
950,0.2926874536005939,0.3830734966592428,1.0,1.3422222222222222,0
960,0.29287305122494434,0.3830734966592428,1.0,1.3422222222222222,0
970,0.2923162583518931,0.38530066815144765,1.0,1.3422222222222222,0
980,0.29268745360059395,0.38752783964365256,1.0,1.3422222222222222,0
990,0.30326651818856715,0.40757238307349664,1.0,1.3422222222222222,0
1000,0.30141054194506306,0.40311804008908686,1.0,1.3422222222222222,0
1010,0.3051224944320713,0.40979955456570155,1.0,1.3422222222222222,0
1020,0.3064216778025241,0.40757238307349664,1.0,1.3422222222222222,0
1030,0.3182999257609503,0.44766146993318484,1.0,1.3422222222222222,0
1040,0.3184855233853007,0.44766146993318484,1.0,1.3422222222222222,0
1050,0.32293986636971045,0.45434298440979953,1.0,1.3422222222222222,0
1060,0.3273942093541203,0.46547884187082406,1.0,1.3422222222222222,0
1070,0.3253526354862658,0.45879732739420936,1.0,1.3422222222222222,0
1080,0.3275798069784706,0.4610244988864143,1.0,1.3422222222222222,0
1090,0.3281365998515219,0.4610244988864143,1.0,1.3422222222222222,0
1100,0.3322197475872309,0.47438752783964366,1.0,1.3422222222222222,0
1110,0.3266518188567187,0.46770601336302897,1.0,1.3422222222222222,0
1120,0.3298069784706755,0.48106904231625836,1.0,1.3422222222222222,0
1130,0.3192279138827023,0.46547884187082406,1.0,1.3422222222222222,0
1140,0.3208982925018559,0.46770601336302897,1.0,1.3422222222222222,0
1150,0.31829992576095023,0.4610244988864143,1.0,1.3422222222222222,0
1160,0.3257238307349666,0.47216035634743875,1.0,1.3422222222222222,0
1170,0.3418708240534521,0.49665924276169265,1.0,1.3422222222222222,0
1180,0.3431700074239049,0.49665924276169265,1.0,1.3422222222222222,0
1190,0.339086859688196,0.47884187082405344,1.0,1.3422222222222222,0
1200,0.3285077951002227,0.4610244988864143,1.0,1.3422222222222222,0
1210,0.32553823311061614,0.4521158129175947,1.0,1.3422222222222222,0
1220,0.32887899034892354,0.45657015590200445,1.0,1.3422222222222222,0
1230,0.33314773570898293,0.46770601336302897,1.0,1.3422222222222222,0
1240,0.3374164810690423,0.4766146993318486,1.0,1.3422222222222222,0
1250,0.3377876763177431,0.47884187082405344,1.0,1.3422222222222222,0
1260,0.33797327394209353,0.48106904231625836,1.0,1.3422222222222222,0
1270,0.33351893095768376,0.47216035634743875,1.0,1.3422222222222222,0
1280,0.33760207869339276,0.48106904231625836,1.0,1.3422222222222222,0
1290,0.3305493689680772,0.47216035634743875,1.0,1.3422222222222222,0
1300,0.33426132145508536,0.48106904231625836,1.0,1.3422222222222222,0
1310,0.33129175946547884,0.4766146993318486,1.0,1.3422222222222222,0
1320,0.33296213808463254,0.46770601336302897,1.0,1.3422222222222222,0
1330,0.2926874536005939,0.39420935412026725,1.0,1.3422222222222222,0
1340,0.30233853006681516,0.4053452115812918,1.0,1.3422222222222222,0
1350,0.30716406829992576,0.4142538975501114,1.0,1.3422222222222222,0
1360,0.3101336302895323,0.41648106904231624,1.0,1.3422222222222222,0
1370,0.3062360801781737,0.40979955456570155,1.0,1.3422222222222222,0
1380,0.30902004454342985,0.4142538975501114,1.0,1.3422222222222222,0
1390,0.2978841870824053,0.39420935412026725,1.0,1.3422222222222222,0
1400,0.2984409799554566,0.3897550111358575,1.0,1.3422222222222222,0
1410,0.2921306607275427,0.4053452115812918,1.0,1.3422222222222222,0
1420,0.2951002227171492,0.41202672605790647,1.0,1.3422222222222222,0
1430,0.29175946547884185,0.40757238307349664,1.0,1.3422222222222222,0
1440,0.2967706013363029,0.41870824053452116,1.0,1.3422222222222222,0
1450,0.30085374907201184,0.43207126948775054,1.0,1.3422222222222222,0
1460,0.3066072754268746,0.44320712694877507,1.0,1.3422222222222222,0
1470,0.2910170749814402,0.4209354120267261,1.0,1.3422222222222222,0
1480,0.29305864884929467,0.43207126948775054,1.0,1.3422222222222222,0
1490,0.29287305122494434,0.43207126948775054,1.0,1.3422222222222222,0
1500,0.29157386785449146,0.4298440979955457,1.0,1.3422222222222222,0
1510,0.29417223459539715,0.4365256124721604,1.0,1.3422222222222222,0
1520,0.2882331106161841,0.42538975501113585,1.0,1.3422222222222222,0
1530,0.28990348923533776,0.42316258351893093,1.0,1.3422222222222222,0
1540,0.2906458797327394,0.42316258351893093,1.0,1.3422222222222222,0
1550,0.2900890868596882,0.42538975501113585,1.0,1.3422222222222222,0
1560,0.29324424647364516,0.43207126948775054,1.0,1.3422222222222222,0
1570,0.2921306607275427,0.4298440979955457,1.0,1.3422222222222222,0
1580,0.29268745360059384,0.42761692650334077,1.0,1.3422222222222222,0
1590,0.29417223459539715,0.43429844097995546,1.0,1.3422222222222222,0
1600,0.29936896807720853,0.44543429844098,1.0,1.3422222222222222,0
1610,0.30066815144766146,0.44097995545657015,1.0,1.3422222222222222,0
1620,0.3019673348181143,0.44097995545657015,1.0,1.3422222222222222,0
1630,0.30679287305122493,0.44766146993318484,1.0,1.3422222222222222,0
1640,0.3040089086859688,0.44320712694877507,1.0,1.3422222222222222,0
1650,0.2999257609502598,0.43875278396436523,1.0,1.3422222222222222,0
1660,0.2980697847067557,0.4365256124721604,1.0,1.3422222222222222,0
1670,0.2984409799554566,0.4365256124721604,1.0,1.3422222222222222,0
1680,0.2975129918337045,0.43429844097995546,1.0,1.3422222222222222,0
1690,0.30085374907201184,0.43875278396436523,1.0,1.3422222222222222,0
1700,0.3019673348181143,0.44097995545657015,1.0,1.3422222222222222,0
1710,0.3025241276911655,0.44320712694877507,1.0,1.3422222222222222,0
1720,0.3108760207869339,0.43875278396436523,1.0,1.3422222222222222,0
1730,0.32516703786191536,0.46993318485523383,1.0,1.3422222222222222,0
1740,0.32683741648106907,0.47216035634743875,1.0,1.3422222222222222,0
1750,0.32293986636971045,0.46325167037861914,1.0,1.3422222222222222,0
1760,0.319970304380104,0.46325167037861914,1.0,1.3422222222222222,0
1770,0.32461024498886415,0.47216035634743875,1.0,1.3422222222222222,0
1780,0.33426132145508536,0.48106904231625836,1.0,1.3422222222222222,0
1790,0.3331477357089829,0.48106904231625836,1.0,1.3422222222222222,0
1800,0.3311061618411284,0.47884187082405344,1.0,1.3422222222222222,0
1810,0.3273942093541203,0.47216035634743875,1.0,1.3422222222222222,0
1820,0.32535263548626575,0.46770601336302897,1.0,1.3422222222222222,0
1830,0.3281365998515219,0.46993318485523383,1.0,1.3422222222222222,0
1840,0.3307349665924276,0.47438752783964366,1.0,1.3422222222222222,0
1850,0.3208982925018559,0.45879732739420936,1.0,1.3422222222222222,0
1860,0.3101336302895323,0.4365256124721604,1.0,1.3422222222222222,0
1870,0.3327765404602821,0.48329621380846327,1.0,1.3422222222222222,0
1880,0.3409428359317001,0.5011135857461024,1.0,1.3422222222222222,0
1890,0.3420564216778025,0.5011135857461024,1.0,1.3422222222222222,0
1900,0.33110616184112845,0.48775055679287305,1.0,1.3422222222222222,0
1910,0.33964365256124723,0.5033407572383074,1.0,1.3422222222222222,0
1920,0.339086859688196,0.5033407572383074,1.0,1.3422222222222222,0
1930,0.2897178916109873,0.4209354120267261,1.0,1.3422222222222222,0
1940,0.29120267260579064,0.4209354120267261,1.0,1.3422222222222222,0
1950,0.2865627319970304,0.41202672605790647,1.0,1.3422222222222222,0
1960,0.2873051224944321,0.4142538975501114,1.0,1.3422222222222222,0
1970,0.28470675575352633,0.40757238307349664,1.0,1.3422222222222222,0
1980,0.3123608017817372,0.4521158129175947,1.0,1.3422222222222222,0
1990,0.3019673348181143,0.4365256124721604,1.0,1.3422222222222222,0
2000,0.30029695619896063,0.4365256124721604,1.0,1.3422222222222222,0
2010,0.3060504825538233,0.44766146993318484,1.0,1.3422222222222222,0
2020,0.3105048255382331,0.45434298440979953,1.0,1.3422222222222222,0
2030,0.30994803266518195,0.45434298440979953,1.0,1.3422222222222222,0
2040,0.31644394951744614,0.4610244988864143,1.0,1.3422222222222222,0
2050,0.3216406829992576,0.46993318485523383,1.0,1.3422222222222222,0
2060,0.3212694877505568,0.46547884187082406,1.0,1.3422222222222222,0
2070,0.32368225686711205,0.46993318485523383,1.0,1.3422222222222222,0
2080,0.29175946547884185,0.4142538975501114,1.0,1.3422222222222222,0
2090,0.2967706013363029,0.42761692650334077,1.0,1.3422222222222222,0
2100,0.3015961395694135,0.43429844097995546,1.0,1.3422222222222222,0
2110,0.3038233110616184,0.43875278396436523,1.0,1.3422222222222222,0
2120,0.3066072754268745,0.44320712694877507,1.0,1.3422222222222222,0
2130,0.311804008908686,0.4521158129175947,1.0,1.3422222222222222,0
2140,0.3149591685226429,0.45657015590200445,1.0,1.3422222222222222,0
2150,0.31867112100965106,0.4610244988864143,1.0,1.3422222222222222,0
2160,0.3082776540460282,0.41648106904231624,1.0,1.3422222222222222,0
2170,0.3125463994060876,0.42316258351893093,1.0,1.3422222222222222,0
2180,0.32331106161841133,0.43875278396436523,1.0,1.3422222222222222,0
2190,0.32516703786191536,0.44320712694877507,1.0,1.3422222222222222,0
2200,0.32423904974016327,0.44543429844098,1.0,1.3422222222222222,0
2210,0.32683741648106907,0.44766146993318484,1.0,1.3422222222222222,0
2220,0.32461024498886415,0.44320712694877507,1.0,1.3422222222222222,0
2230,0.3314773570898292,0.45657015590200445,1.0,1.3422222222222222,0
2240,0.33314773570898293,0.46325167037861914,1.0,1.3422222222222222,0
2250,0.33296213808463254,0.4610244988864143,1.0,1.3422222222222222,0
2260,0.33611729769858945,0.46547884187082406,1.0,1.3422222222222222,0
2270,0.33723088344469193,0.46993318485523383,1.0,1.3422222222222222,0
2280,0.34112843355605044,0.46770601336302897,1.0,1.3422222222222222,0
2290,0.34112843355605044,0.46770601336302897,1.0,1.3422222222222222,0
2300,0.3405716406829993,0.46770601336302897,1.0,1.3422222222222222,0
2310,0.3188567186340015,0.45434298440979953,1.0,1.3422222222222222,0
2320,0.32423904974016327,0.47884187082405344,1.0,1.3422222222222222,0
2330,0.3242390497401633,0.47884187082405344,1.0,1.3422222222222222,0
2340,0.3337045285820341,0.49443207126948774,1.0,1.3422222222222222,0
2350,0.3363028953229399,0.5011135857461024,1.0,1.3422222222222222,0
2360,0.33296213808463254,0.48775055679287305,1.0,1.3422222222222222,0
2370,0.32535263548626575,0.46770601336302897,1.0,1.3422222222222222,0
2380,0.3249814402375649,0.46770601336302897,1.0,1.3422222222222222,0
2390,0.3195991091314031,0.44766146993318484,1.0,1.3422222222222222,0
2400,0.3212694877505568,0.44766146993318484,1.0,1.3422222222222222,0
2410,0.32516703786191536,0.45657015590200445,1.0,1.3422222222222222,0
2420,0.3376020786933927,0.4766146993318486,1.0,1.3422222222222222,0
2430,0.3353749072011878,0.47216035634743875,1.0,1.3422222222222222,0
2440,0.3383444691907944,0.48106904231625836,1.0,1.3422222222222222,0
2450,0.2882331106161841,0.40089086859688194,1.0,1.3422222222222222,0
2460,0.2889755011135857,0.40757238307349664,1.0,1.3422222222222222,0
2470,0.2906458797327394,0.40979955456570155,1.0,1.3422222222222222,0
2480,0.26948775055679286,0.37639198218262804,1.0,1.3422222222222222,0
2490,0.26057906458797325,0.3585746102449889,1.0,1.3422222222222222,0
2500,0.29120267260579064,0.40757238307349664,1.0,1.3422222222222222,0
2510,0.2897178916109873,0.4053452115812918,1.0,1.3422222222222222,0
2520,0.2906458797327394,0.40757238307349664,1.0,1.3422222222222222,0
2530,0.28600593912397926,0.39643652561247217,1.0,1.3422222222222222,0
2540,0.2873051224944321,0.40311804008908686,1.0,1.3422222222222222,0
2550,0.27561247216035634,0.3674832962138085,1.0,1.3422222222222222,0
2560,0.27728285077951004,0.3741648106904232,1.0,1.3422222222222222,0
2570,0.27839643652561247,0.3741648106904232,1.0,1.3422222222222222,0
2580,0.29974016332590936,0.3986636971046771,1.0,1.3422222222222222,0
2590,0.30233853006681516,0.40757238307349664,1.0,1.3422222222222222,0
2600,0.30011135857461024,0.40311804008908686,1.0,1.3422222222222222,0
2610,0.293615441722346,0.38752783964365256,1.0,1.3422222222222222,0
2620,0.30586488492947284,0.41202672605790647,1.0,1.3422222222222222,0
2630,0.31662954714179664,0.4365256124721604,1.0,1.3422222222222222,0
2640,0.31365998515219,0.45434298440979953,1.0,1.3422222222222222,0
2650,0.3145879732739421,0.4610244988864143,1.0,1.3422222222222222,0
2660,0.3192279138827023,0.46993318485523383,1.0,1.3422222222222222,0
2670,0.321826280623608,0.47216035634743875,1.0,1.3422222222222222,0
2680,0.3203414996288047,0.47216035634743875,1.0,1.3422222222222222,0
2690,0.30456570155902,0.4521158129175947,1.0,1.3422222222222222,0
2700,0.30493689680772085,0.45434298440979953,1.0,1.3422222222222222,0
2710,0.30586488492947284,0.45657015590200445,1.0,1.3422222222222222,0
2720,0.3062360801781737,0.45879732739420936,1.0,1.3422222222222222,0
2730,0.30178173719376394,0.45434298440979953,1.0,1.3422222222222222,0
2740,0.3062360801781737,0.46547884187082406,1.0,1.3422222222222222,0
2750,0.30029695619896063,0.45657015590200445,1.0,1.3422222222222222,0
2760,0.29769858945805494,0.44766146993318484,1.0,1.3422222222222222,0
2770,0.2757980697847067,0.40311804008908686,1.0,1.3422222222222222,0
2780,0.3038233110616184,0.43875278396436523,1.0,1.3422222222222222,0
2790,0.29974016332590936,0.4298440979955457,1.0,1.3422222222222222,0
2800,0.28210838901262064,0.40089086859688194,1.0,1.3422222222222222,0
2810,0.27858203414996285,0.39420935412026725,1.0,1.3422222222222222,0
2820,0.2769116555308092,0.3897550111358575,1.0,1.3422222222222222,0
2830,0.2837787676317743,0.4053452115812918,1.0,1.3422222222222222,0
2840,0.29027468448403854,0.40311804008908686,1.0,1.3422222222222222,0
2850,0.27839643652561247,0.38530066815144765,1.0,1.3422222222222222,0
2860,0.27561247216035634,0.37193763919821826,1.0,1.3422222222222222,0
2870,0.2746844840386043,0.3741648106904232,1.0,1.3422222222222222,0
2880,0.2819227913882702,0.36971046770601335,1.0,1.3422222222222222,0
2890,0.2878619153674833,0.38084632516703787,1.0,1.3422222222222222,0
2900,0.28006681514476617,0.36525612472160357,1.0,1.3422222222222222,0
2910,0.2834075723830735,0.3741648106904232,1.0,1.3422222222222222,0
2920,0.28025241276911655,0.36971046770601335,1.0,1.3422222222222222,0
2930,0.2479584261321455,0.3051224944320713,1.0,1.3422222222222222,0
2940,0.2501855976243504,0.30734966592427615,1.0,1.3422222222222222,0
2950,0.24981440237564956,0.30734966592427615,1.0,1.3422222222222222,0
2960,0.2542687453600594,0.31403118040089084,1.0,1.3422222222222222,0
2970,0.2585374907201188,0.3207126948775056,1.0,1.3422222222222222,0
2980,0.2520415738678545,0.3207126948775056,1.0,1.3422222222222222,0
2990,0.25315515961395696,0.3207126948775056,1.0,1.3422222222222222,0
3000,0.2585374907201188,0.3273942093541203,1.0,1.3422222222222222,0
3010,0.2566815144766147,0.32293986636971045,1.0,1.3422222222222222,0
3020,0.2563103192279139,0.3184855233853007,1.0,1.3422222222222222,0
3030,0.25519673348181143,0.3207126948775056,1.0,1.3422222222222222,0
3040,0.2563103192279139,0.32293986636971045,1.0,1.3422222222222222,0
3050,0.263177431328879,0.3363028953229399,1.0,1.3422222222222222,0
3060,0.27969561989606534,0.35634743875278396,1.0,1.3422222222222222,0
3070,0.28229398663697103,0.35634743875278396,1.0,1.3422222222222222,0
3080,0.283221974758723,0.3585746102449889,1.0,1.3422222222222222,0
3090,0.27728285077951,0.34966592427616927,1.0,1.3422222222222222,0
3100,0.2848923533778767,0.36302895322939865,1.0,1.3422222222222222,0
3110,0.28711952487008163,0.3674832962138085,1.0,1.3422222222222222,0
3120,0.2889755011135857,0.36971046770601335,1.0,1.3422222222222222,0
3130,0.3060504825538233,0.3986636971046771,1.0,1.3422222222222222,0
3140,0.300482553823311,0.38752783964365256,1.0,1.3422222222222222,0
3150,0.28878990348923533,0.36080178173719374,1.0,1.3422222222222222,0
3160,0.296399406087602,0.37193763919821826,1.0,1.3422222222222222,0
3170,0.29714179658500367,0.37193763919821826,1.0,1.3422222222222222,0
3180,0.3053080920564216,0.39420935412026725,1.0,1.3422222222222222,0
3190,0.3053080920564216,0.39420935412026725,1.0,1.3422222222222222,0
3200,0.31217520415738675,0.40089086859688194,1.0,1.3422222222222222,0
3210,0.3108760207869339,0.40089086859688194,1.0,1.3422222222222222,0
3220,0.2984409799554566,0.3830734966592428,1.0,1.3422222222222222,0
3230,0.29547141796585,0.37861915367483295,1.0,1.3422222222222222,0
3240,0.294543429844098,0.37639198218262804,1.0,1.3422222222222222,0
3250,0.29287305122494434,0.3741648106904232,1.0,1.3422222222222222,0
3260,0.29287305122494434,0.37639198218262804,1.0,1.3422222222222222,0
3270,0.29658500371195246,0.38084632516703787,1.0,1.3422222222222222,0
3280,0.2980697847067557,0.38084632516703787,1.0,1.3422222222222222,0
3290,0.30326651818856715,0.39420935412026725,1.0,1.3422222222222222,0
3300,0.31829992576095023,0.4298440979955457,1.0,1.3422222222222222,0
3310,0.32405345211581293,0.43875278396436523,1.0,1.3422222222222222,0
3320,0.31477357089829244,0.44988864142538976,1.0,1.3422222222222222,0
3330,0.3197847067557535,0.45434298440979953,1.0,1.3422222222222222,0
3340,0.3119896065330363,0.44097995545657015,1.0,1.3422222222222222,0
3350,0.3105048255382331,0.43875278396436523,1.0,1.3422222222222222,0
3360,0.3101336302895323,0.43875278396436523,1.0,1.3422222222222222,0
3370,0.3088344469190794,0.4365256124721604,1.0,1.3422222222222222,0
3380,0.30308092056421676,0.42316258351893093,1.0,1.3422222222222222,0
3390,0.3025241276911655,0.42316258351893093,1.0,1.3422222222222222,0
3400,0.30233853006681516,0.4209354120267261,1.0,1.3422222222222222,0
3410,0.30270972531551593,0.42316258351893093,1.0,1.3422222222222222,0
3420,0.30066815144766146,0.4209354120267261,1.0,1.3422222222222222,0
3430,0.29992576095025986,0.41648106904231624,1.0,1.3422222222222222,0
3440,0.30642167780252416,0.42316258351893093,1.0,1.3422222222222222,0
3450,0.30734966592427615,0.42538975501113585,1.0,1.3422222222222222,0
3460,0.3049368968077209,0.41870824053452116,1.0,1.3422222222222222,0
3470,0.3110616184112843,0.42761692650334077,1.0,1.3422222222222222,0
3480,0.3051224944320713,0.41870824053452116,1.0,1.3422222222222222,0
3490,0.30809205642167775,0.42316258351893093,1.0,1.3422222222222222,0
3500,0.3062360801781737,0.4209354120267261,1.0,1.3422222222222222,0
3510,0.30902004454342985,0.42538975501113585,1.0,1.3422222222222222,0
3520,0.31440237564959167,0.4365256124721604,1.0,1.3422222222222222,0
3530,0.31700074239049736,0.44097995545657015,1.0,1.3422222222222222,0
3540,0.33853006681514475,0.48997772828507796,1.0,1.3422222222222222,0
3550,0.339086859688196,0.4922048997772829,1.0,1.3422222222222222,0
3560,0.2594654788418708,0.3674832962138085,1.0,1.3422222222222222,0
3570,0.2548255382331106,0.36302895322939865,1.0,1.3422222222222222,0
3580,0.2525983667409057,0.36080178173719374,1.0,1.3422222222222222,0
3590,0.2566815144766147,0.36525612472160357,1.0,1.3422222222222222,0
3600,0.2546399406087602,0.36080178173719374,1.0,1.3422222222222222,0
3610,0.2433184855233853,0.33853006681514475,1.0,1.3422222222222222,0
3620,0.24164810690423164,0.3363028953229399,1.0,1.3422222222222222,0
3630,0.2414625092798812,0.33407572383073497,1.0,1.3422222222222222,0
3640,0.23719376391982183,0.32516703786191536,1.0,1.3422222222222222,0
3650,0.23608017817371937,0.32293986636971045,1.0,1.3422222222222222,0
3660,0.23329621380846324,0.3207126948775056,1.0,1.3422222222222222,0
3670,0.2464736451373422,0.33853006681514475,1.0,1.3422222222222222,0
3680,0.2477728285077951,0.3429844097995546,1.0,1.3422222222222222,0
3690,0.24665924276169265,0.33853006681514475,1.0,1.3422222222222222,0
3700,0.25129918337045287,0.34521158129175944,1.0,1.3422222222222222,0
3710,0.25593912397921303,0.3585746102449889,1.0,1.3422222222222222,0
3720,0.2531551596139569,0.3518930957683742,1.0,1.3422222222222222,0
3730,0.24610244988864138,0.3363028953229399,1.0,1.3422222222222222,0
3740,0.25148478099480326,0.34966592427616927,1.0,1.3422222222222222,0
3750,0.25334075723830735,0.3518930957683742,1.0,1.3422222222222222,0
3760,0.2583518930957684,0.3585746102449889,1.0,1.3422222222222222,0
3770,0.26057906458797325,0.36525612472160357,1.0,1.3422222222222222,0
3780,0.26280623608017817,0.3674832962138085,1.0,1.3422222222222222,0
3790,0.25575352635486265,0.35412026726057905,1.0,1.3422222222222222,0
3800,0.2516703786191537,0.34966592427616927,1.0,1.3422222222222222,0
3810,0.24925760950259834,0.34743875278396436,1.0,1.3422222222222222,0
3820,0.2531551596139569,0.35412026726057905,1.0,1.3422222222222222,0
3830,0.2570527097253155,0.36080178173719374,1.0,1.3422222222222222,0
3840,0.26651818856718634,0.3674832962138085,1.0,1.3422222222222222,0
3850,0.2806236080178174,0.3741648106904232,1.0,1.3422222222222222,0
3860,0.28229398663697103,0.3741648106904232,1.0,1.3422222222222222,0
3870,0.2780252412769117,0.36525612472160357,1.0,1.3422222222222222,0
3880,0.27765404602821087,0.36971046770601335,1.0,1.3422222222222222,0
3890,0.27913882702301407,0.37639198218262804,1.0,1.3422222222222222,0
3900,0.2767260579064588,0.37639198218262804,1.0,1.3422222222222222,0
3910,0.2739420935412027,0.36971046770601335,1.0,1.3422222222222222,0
3920,0.26948775055679286,0.36080178173719374,1.0,1.3422222222222222,0
3930,0.2698589458054937,0.35412026726057905,1.0,1.3422222222222222,0
3940,0.27078693392724573,0.35634743875278396,1.0,1.3422222222222222,0
3950,0.2719005196733482,0.36080178173719374,1.0,1.3422222222222222,0
3960,0.27783964365256125,0.37639198218262804,1.0,1.3422222222222222,0
3970,0.27524127691165556,0.3741648106904232,1.0,1.3422222222222222,0
3980,0.2795100222717149,0.37639198218262804,1.0,1.3422222222222222,0
3990,0.28452115812917594,0.37639198218262804,1.0,1.3422222222222222,0
4000,0.28043801039346694,0.37861915367483295,1.0,1.3422222222222222,0
4010,0.26818856718634,0.34966592427616927,1.0,1.3422222222222222,0
4020,0.26707498144023756,0.34966592427616927,1.0,1.3422222222222222,0
4030,0.26540460282108386,0.3429844097995546,1.0,1.3422222222222222,0
4040,0.263177431328879,0.34075723830734966,1.0,1.3422222222222222,0
4050,0.2596510764662212,0.33407572383073497,1.0,1.3422222222222222,0
4060,0.26132145508537485,0.3363028953229399,1.0,1.3422222222222222,0
4070,0.2611358574610245,0.33853006681514475,1.0,1.3422222222222222,0
4080,0.2639198218262806,0.34075723830734966,1.0,1.3422222222222222,0
4090,0.25519673348181143,0.32516703786191536,1.0,1.3422222222222222,0
4100,0.254083147735709,0.32516703786191536,1.0,1.3422222222222222,0
4110,0.25965107646622126,0.33853006681514475,1.0,1.3422222222222222,0
4120,0.25593912397921303,0.33184855233853006,1.0,1.3422222222222222,0
4130,0.25501113585746105,0.33184855233853006,1.0,1.3422222222222222,0
4140,0.2531551596139569,0.33407572383073497,1.0,1.3422222222222222,0
4150,0.24443207126948774,0.32516703786191536,1.0,1.3422222222222222,0
4160,0.2518559762435041,0.33184855233853006,1.0,1.3422222222222222,0
4170,0.25222717149220486,0.33184855233853006,1.0,1.3422222222222222,0
4180,0.2546399406087602,0.33407572383073497,1.0,1.3422222222222222,0
4190,0.26521900519673347,0.34743875278396436,1.0,1.3422222222222222,0
4200,0.28619153674832964,0.38530066815144765,1.0,1.3422222222222222,0
4210,0.28749072011878246,0.38530066815144765,1.0,1.3422222222222222,0
4220,0.28155159613956937,0.37639198218262804,1.0,1.3422222222222222,0
4230,0.27616926503340755,0.35634743875278396,1.0,1.3422222222222222,0
4240,0.2726429101707498,0.34521158129175944,1.0,1.3422222222222222,0
4250,0.28210838901262064,0.36302895322939865,1.0,1.3422222222222222,0
4260,0.289532293986637,0.36971046770601335,1.0,1.3422222222222222,0
4270,0.28619153674832964,0.36525612472160357,1.0,1.3422222222222222,0
4280,0.28507795100222716,0.36302895322939865,1.0,1.3422222222222222,0
4290,0.28582034149962876,0.36302895322939865,1.0,1.3422222222222222,0
4300,0.28878990348923533,0.37193763919821826,1.0,1.3422222222222222,0
4310,0.2837787676317743,0.36302895322939865,1.0,1.3422222222222222,0
4320,0.27783964365256125,0.3585746102449889,1.0,1.3422222222222222,0
4330,0.2776540460282108,0.36080178173719374,1.0,1.3422222222222222,0
4340,0.2752412769116555,0.35634743875278396,1.0,1.3422222222222222,0
4350,0.28247958426132147,0.36302895322939865,1.0,1.3422222222222222,0
4360,0.28674832962138086,0.3674832962138085,1.0,1.3422222222222222,0
4370,0.28600593912397926,0.3674832962138085,1.0,1.3422222222222222,0
4380,0.28600593912397926,0.3674832962138085,1.0,1.3422222222222222,0
4390,0.2848923533778768,0.36525612472160357,1.0,1.3422222222222222,0
4400,0.2865627319970304,0.36302895322939865,1.0,1.3422222222222222,0
4410,0.29194506310319224,0.37639198218262804,1.0,1.3422222222222222,0
4420,0.2962138084632517,0.37639198218262804,1.0,1.3422222222222222,0
4430,0.2962138084632517,0.37861915367483295,1.0,1.3422222222222222,0
4440,0.3079064587973274,0.40311804008908686,1.0,1.3422222222222222,0
4450,0.3114328136599851,0.40979955456570155,1.0,1.3422222222222222,0
4460,0.3053080920564216,0.3986636971046771,1.0,1.3422222222222222,0
4470,0.3160727542687454,0.4142538975501114,1.0,1.3422222222222222,0
4480,0.3149591685226429,0.4142538975501114,1.0,1.3422222222222222,0
4490,0.31829992576095023,0.4209354120267261,1.0,1.3422222222222222,0
0,0.3221974758723089,0.4521158129175947,1.0,1.3666666666666667,1
10,0.3220118782479584,0.4521158129175947,1.0,1.3666666666666667,1
20,0.3207126948775056,0.44320712694877507,1.0,1.3666666666666667,1
30,0.30085374907201184,0.41870824053452116,1.0,1.3666666666666667,1
40,0.2464736451373422,0.3184855233853007,1.0,1.3666666666666667,1
50,0.24368968077208614,0.311804008908686,1.0,1.3666666666666667,1
60,0.2455456570155902,0.30957683741648107,1.0,1.3666666666666667,1
70,0.24443207126948774,0.31403118040089084,1.0,1.3666666666666667,1
80,0.24536005939123978,0.3184855233853007,1.0,1.3666666666666667,1
90,0.24053452115812918,0.311804008908686,1.0,1.3666666666666667,1
100,0.24164810690423164,0.31625835189309576,1.0,1.3666666666666667,1
110,0.24016332590942835,0.31403118040089084,1.0,1.3666666666666667,1
120,0.24016332590942835,0.31403118040089084,1.0,1.3666666666666667,1
130,0.24610244988864144,0.32516703786191536,1.0,1.3666666666666667,1
140,0.2440608760207869,0.3184855233853007,1.0,1.3666666666666667,1
150,0.24610244988864144,0.32293986636971045,1.0,1.3666666666666667,1
160,0.24944320712694878,0.32962138084632514,1.0,1.3666666666666667,1
170,0.2531551596139569,0.3363028953229399,1.0,1.3666666666666667,1
180,0.2589086859688196,0.32962138084632514,1.0,1.3666666666666667,1
190,0.2585374907201188,0.32293986636971045,1.0,1.3666666666666667,1
200,0.2589086859688196,0.32293986636971045,1.0,1.3666666666666667,1
210,0.27802524127691164,0.34521158129175944,1.0,1.3666666666666667,1
220,0.28006681514476617,0.34743875278396436,1.0,1.3666666666666667,1
230,0.2819227913882702,0.35634743875278396,1.0,1.3666666666666667,1
240,0.26837416481069043,0.33407572383073497,1.0,1.3666666666666667,1
250,0.2676317743132888,0.33184855233853006,1.0,1.3666666666666667,1
260,0.2637342242019302,0.3273942093541203,1.0,1.3666666666666667,1
270,0.26707498144023756,0.33407572383073497,1.0,1.3666666666666667,1
280,0.2663325909428359,0.33853006681514475,1.0,1.3666666666666667,1
290,0.2702301410541945,0.3363028953229399,1.0,1.3666666666666667,1
300,0.27394209354120264,0.34075723830734966,1.0,1.3666666666666667,1
310,0.2765404602821084,0.34743875278396436,1.0,1.3666666666666667,1
320,0.2841499628804751,0.36525612472160357,1.0,1.3666666666666667,1
330,0.28322197475872307,0.36302895322939865,1.0,1.3666666666666667,1
340,0.29194506310319224,0.38530066815144765,1.0,1.3666666666666667,1
350,0.29120267260579064,0.38084632516703787,1.0,1.3666666666666667,1
360,0.34168522642910176,0.46325167037861914,1.0,1.3666666666666667,1
370,0.33240534521158127,0.44766146993318484,1.0,1.3666666666666667,1
380,0.33110616184112845,0.44766146993318484,1.0,1.3666666666666667,1
390,0.3346325167037862,0.4521158129175947,1.0,1.3666666666666667,1
400,0.3363028953229399,0.45434298440979953,1.0,1.3666666666666667,1
410,0.3357461024498886,0.44988864142538976,1.0,1.3666666666666667,1
420,0.33704528582034154,0.4521158129175947,1.0,1.3666666666666667,1
430,0.2865627319970304,0.36971046770601335,1.0,1.3666666666666667,1
440,0.28767631774313285,0.36302895322939865,1.0,1.3666666666666667,1
450,0.29305864884929467,0.37639198218262804,1.0,1.3666666666666667,1
460,0.2984409799554566,0.3897550111358575,1.0,1.3666666666666667,1
470,0.29992576095025986,0.39198218262806234,1.0,1.3666666666666667,1
480,0.30159613956941356,0.39643652561247217,1.0,1.3666666666666667,1
490,0.2989977728285078,0.39198218262806234,1.0,1.3666666666666667,1
500,0.2971417965850038,0.38530066815144765,1.0,1.3666666666666667,1
510,0.30085374907201184,0.3986636971046771,1.0,1.3666666666666667,1
520,0.30011135857461024,0.39420935412026725,1.0,1.3666666666666667,1
530,0.2952858203414996,0.38752783964365256,1.0,1.3666666666666667,1
540,0.2954714179658501,0.3897550111358575,1.0,1.3666666666666667,1
550,0.2965850037119525,0.3897550111358575,1.0,1.3666666666666667,1
560,0.3041945063103192,0.40757238307349664,1.0,1.3666666666666667,1
570,0.3060504825538233,0.40979955456570155,1.0,1.3666666666666667,1
580,0.30716406829992576,0.41202672605790647,1.0,1.3666666666666667,1
590,0.307720861172977,0.41202672605790647,1.0,1.3666666666666667,1
600,0.3121752041573868,0.41648106904231624,1.0,1.3666666666666667,1
610,0.3132887899034893,0.41870824053452116,1.0,1.3666666666666667,1
620,0.31774313288789907,0.42316258351893093,1.0,1.3666666666666667,1
630,0.30994803266518184,0.40979955456570155,1.0,1.3666666666666667,1
640,0.31421677802524123,0.41870824053452116,1.0,1.3666666666666667,1
650,0.3134743875278396,0.4142538975501114,1.0,1.3666666666666667,1
660,0.33389012620638453,0.44766146993318484,1.0,1.3666666666666667,1
670,0.33723088344469193,0.45879732739420936,1.0,1.3666666666666667,1
680,0.33834446919079436,0.46325167037861914,1.0,1.3666666666666667,1
690,0.3355605048255383,0.45879732739420936,1.0,1.3666666666666667,1
700,0.33500371195248707,0.45657015590200445,1.0,1.3666666666666667,1
710,0.3366740905716407,0.45879732739420936,1.0,1.3666666666666667,1
720,0.33797327394209353,0.46325167037861914,1.0,1.3666666666666667,1
730,0.3381588715664439,0.46325167037861914,1.0,1.3666666666666667,1
740,0.33797327394209353,0.4610244988864143,1.0,1.3666666666666667,1
750,0.3389012620638456,0.46325167037861914,1.0,1.3666666666666667,1
760,0.33184855233853006,0.45879732739420936,1.0,1.3666666666666667,1
770,0.3273942093541203,0.45434298440979953,1.0,1.3666666666666667,1
780,0.3277654046028211,0.45879732739420936,1.0,1.3666666666666667,1
790,0.32461024498886415,0.4610244988864143,1.0,1.3666666666666667,1
800,0.3160727542687453,0.44766146993318484,1.0,1.3666666666666667,1
810,0.3166295471417966,0.44988864142538976,1.0,1.3666666666666667,1
820,0.3175575352635486,0.4521158129175947,1.0,1.3666666666666667,1
830,0.32108389012620636,0.45434298440979953,1.0,1.3666666666666667,1
840,0.32461024498886415,0.45657015590200445,1.0,1.3666666666666667,1
850,0.3292501855976243,0.46547884187082406,1.0,1.3666666666666667,1
860,0.32312546399406084,0.4521158129175947,1.0,1.3666666666666667,1
870,0.32312546399406084,0.4521158129175947,1.0,1.3666666666666667,1
880,0.3201559020044543,0.44766146993318484,1.0,1.3666666666666667,1
890,0.3041945063103192,0.40979955456570155,1.0,1.3666666666666667,1
900,0.30586488492947284,0.40757238307349664,1.0,1.3666666666666667,1
910,0.30809205642167775,0.41202672605790647,1.0,1.3666666666666667,1
920,0.30864884929472897,0.4142538975501114,1.0,1.3666666666666667,1
930,0.30363771343726803,0.41202672605790647,1.0,1.3666666666666667,1
940,0.2882331106161841,0.39198218262806234,1.0,1.3666666666666667,1
950,0.28080920564216777,0.37639198218262804,1.0,1.3666666666666667,1
960,0.28043801039346694,0.37639198218262804,1.0,1.3666666666666667,1
970,0.27969561989606534,0.36971046770601335,1.0,1.3666666666666667,1
980,0.2774684484038604,0.36525612472160357,1.0,1.3666666666666667,1
990,0.272271714922049,0.36525612472160357,1.0,1.3666666666666667,1
1000,0.2724573125463994,0.36525612472160357,1.0,1.3666666666666667,1
1010,0.2741276911655531,0.36971046770601335,1.0,1.3666666666666667,1
1020,0.27969561989606534,0.37193763919821826,1.0,1.3666666666666667,1
1030,0.27969561989606534,0.37193763919821826,1.0,1.3666666666666667,1
1040,0.28192279138827026,0.37193763919821826,1.0,1.3666666666666667,1
1050,0.2921306607275427,0.39420935412026725,1.0,1.3666666666666667,1
1060,0.289532293986637,0.3897550111358575,1.0,1.3666666666666667,1
1070,0.278210838901262,0.38530066815144765,1.0,1.3666666666666667,1
1080,0.2848923533778768,0.40089086859688194,1.0,1.3666666666666667,1
1090,0.2548255382331106,0.3363028953229399,1.0,1.3666666666666667,1
1100,0.2585374907201188,0.3429844097995546,1.0,1.3666666666666667,1
1110,0.25816629547141795,0.34075723830734966,1.0,1.3666666666666667,1
1120,0.26410541945063104,0.3518930957683742,1.0,1.3666666666666667,1
1130,0.27616926503340755,0.38084632516703787,1.0,1.3666666666666667,1
1140,0.2778396436525612,0.38530066815144765,1.0,1.3666666666666667,1
1150,0.27598366740905717,0.38530066815144765,1.0,1.3666666666666667,1
1160,0.2767260579064588,0.38530066815144765,1.0,1.3666666666666667,1
1170,0.2724573125463994,0.3741648106904232,1.0,1.3666666666666667,1
1180,0.28582034149962876,0.38752783964365256,1.0,1.3666666666666667,1
1190,0.28674832962138086,0.38084632516703787,1.0,1.3666666666666667,1
1200,0.29120267260579064,0.38752783964365256,1.0,1.3666666666666667,1
1210,0.3002969561989607,0.40757238307349664,1.0,1.3666666666666667,1
1220,0.2960282108389013,0.3986636971046771,1.0,1.3666666666666667,1
1230,0.29398663697104677,0.39643652561247217,1.0,1.3666666666666667,1
1240,0.29417223459539715,0.39198218262806234,1.0,1.3666666666666667,1
1250,0.29918337045285814,0.40089086859688194,1.0,1.3666666666666667,1
1260,0.29936896807720864,0.39643652561247217,1.0,1.3666666666666667,1
1270,0.297698589458055,0.39420935412026725,1.0,1.3666666666666667,1
1280,0.2930586488492947,0.38530066815144765,1.0,1.3666666666666667,1
1290,0.29695619896065334,0.3897550111358575,1.0,1.3666666666666667,1
1300,0.29565701559020047,0.38752783964365256,1.0,1.3666666666666667,1
1310,0.2886043058648849,0.38084632516703787,1.0,1.3666666666666667,1
1320,0.2910170749814402,0.3830734966592428,1.0,1.3666666666666667,1
1330,0.28322197475872307,0.35634743875278396,1.0,1.3666666666666667,1
1340,0.2750556792873051,0.34075723830734966,1.0,1.3666666666666667,1
1350,0.29324424647364505,0.38084632516703787,1.0,1.3666666666666667,1
1360,0.29361544172234594,0.38084632516703787,1.0,1.3666666666666667,1
1370,0.3327765404602821,0.46547884187082406,1.0,1.3666666666666667,1
1380,0.3569042316258352,0.5144766146993318,1.0,1.3666666666666667,1
1390,0.3619153674832962,0.5211581291759465,1.0,1.3666666666666667,1
1400,0.24870081662954713,0.32516703786191536,1.0,1.3666666666666667,1
1410,0.2475872308834447,0.3207126948775056,1.0,1.3666666666666667,1
1420,0.2509279881217521,0.32962138084632514,1.0,1.3666666666666667,1
1430,0.26243504083147734,0.34521158129175944,1.0,1.3666666666666667,1
1440,0.2524127691165553,0.32962138084632514,1.0,1.3666666666666667,1
1450,0.2542687453600594,0.33184855233853006,1.0,1.3666666666666667,1
1460,0.2537119524870082,0.32962138084632514,1.0,1.3666666666666667,1
1470,0.2518559762435041,0.32516703786191536,1.0,1.3666666666666667,1
1480,0.2522271714922049,0.32293986636971045,1.0,1.3666666666666667,1
1490,0.24461766889383818,0.30957683741648107,1.0,1.3666666666666667,1
1500,0.24907201187824796,0.31625835189309576,1.0,1.3666666666666667,1
1510,0.2941722345953972,0.36971046770601335,1.0,1.3666666666666667,1
1520,0.2958426132145508,0.37639198218262804,1.0,1.3666666666666667,1
1530,0.2952858203414996,0.3741648106904232,1.0,1.3666666666666667,1
1540,0.2900890868596882,0.34966592427616927,1.0,1.3666666666666667,1
1550,0.2891610987379361,0.34966592427616927,1.0,1.3666666666666667,1
1560,0.28990348923533776,0.34521158129175944,1.0,1.3666666666666667,1
1570,0.30456570155902,0.36302895322939865,1.0,1.3666666666666667,1
1580,0.3047512991833704,0.36525612472160357,1.0,1.3666666666666667,1
1590,0.29974016332590947,0.3585746102449889,1.0,1.3666666666666667,1
1600,0.3030809205642168,0.36525612472160357,1.0,1.3666666666666667,1
1610,0.3004825538233111,0.3585746102449889,1.0,1.3666666666666667,1
1620,0.296399406087602,0.35412026726057905,1.0,1.3666666666666667,1
1630,0.2962138084632517,0.35412026726057905,1.0,1.3666666666666667,1
1640,0.2947290274684484,0.34966592427616927,1.0,1.3666666666666667,1
1650,0.29658500371195246,0.35412026726057905,1.0,1.3666666666666667,1
1660,0.29435783221974765,0.3429844097995546,1.0,1.3666666666666667,1
1670,0.29658500371195246,0.34521158129175944,1.0,1.3666666666666667,1
1680,0.3043801039346697,0.36302895322939865,1.0,1.3666666666666667,1
1690,0.31031922791388267,0.37639198218262804,1.0,1.3666666666666667,1
1700,0.3049368968077209,0.36971046770601335,1.0,1.3666666666666667,1
1710,0.30586488492947295,0.37193763919821826,1.0,1.3666666666666667,1
1720,0.3145879732739421,0.38530066815144765,1.0,1.3666666666666667,1
1730,0.3192279138827023,0.39643652561247217,1.0,1.3666666666666667,1
1740,0.3212694877505568,0.39420935412026725,1.0,1.3666666666666667,1
1750,0.3292501855976243,0.41648106904231624,1.0,1.3666666666666667,1
1760,0.32516703786191536,0.40979955456570155,1.0,1.3666666666666667,1
1770,0.3264662212323682,0.41202672605790647,1.0,1.3666666666666667,1
1780,0.32683741648106907,0.40979955456570155,1.0,1.3666666666666667,1
1790,0.32553823311061614,0.4053452115812918,1.0,1.3666666666666667,1
1800,0.3238678544914625,0.40089086859688194,1.0,1.3666666666666667,1
1810,0.31737193763919824,0.38530066815144765,1.0,1.3666666666666667,1
1820,0.31792873051224946,0.38752783964365256,1.0,1.3666666666666667,1
1830,0.3155159613956941,0.3830734966592428,1.0,1.3666666666666667,1
1840,0.31885671863400145,0.39198218262806234,1.0,1.3666666666666667,1
1850,0.3175575352635486,0.39198218262806234,1.0,1.3666666666666667,1
1860,0.3201559020044543,0.3986636971046771,1.0,1.3666666666666667,1
1870,0.32368225686711205,0.40311804008908686,1.0,1.3666666666666667,1
1880,0.3171863400148478,0.39420935412026725,1.0,1.3666666666666667,1
1890,0.3125463994060876,0.38530066815144765,1.0,1.3666666666666667,1
1900,0.31403118040089084,0.38752783964365256,1.0,1.3666666666666667,1
1910,0.3012249443207127,0.37639198218262804,1.0,1.3666666666666667,1
1920,0.29918337045285814,0.3741648106904232,1.0,1.3666666666666667,1
1930,0.2921306607275427,0.36080178173719374,1.0,1.3666666666666667,1
1940,0.28953229398663693,0.35412026726057905,1.0,1.3666666666666667,1
1950,0.2802524127691165,0.34075723830734966,1.0,1.3666666666666667,1
1960,0.2796956198960653,0.3429844097995546,1.0,1.3666666666666667,1
1970,0.28544914625092804,0.36525612472160357,1.0,1.3666666666666667,1
1980,0.28749072011878246,0.36525612472160357,1.0,1.3666666666666667,1
1990,0.28155159613956937,0.34966592427616927,1.0,1.3666666666666667,1
2000,0.2830363771343727,0.3518930957683742,1.0,1.3666666666666667,1
2010,0.2973273942093541,0.37193763919821826,1.0,1.3666666666666667,1
2020,0.28582034149962876,0.33853006681514475,1.0,1.3666666666666667,1
2030,0.28043801039346694,0.33407572383073497,1.0,1.3666666666666667,1
2040,0.29120267260579064,0.36080178173719374,1.0,1.3666666666666667,1
2050,0.31737193763919824,0.4209354120267261,1.0,1.3666666666666667,1
2060,0.3457683741648107,0.48106904231625836,1.0,1.3666666666666667,1
2070,0.3353749072011878,0.4610244988864143,1.0,1.3666666666666667,1
2080,0.3431700074239049,0.46993318485523383,1.0,1.3666666666666667,1
2090,0.34521158129175944,0.47216035634743875,1.0,1.3666666666666667,1
2100,0.36432813659985147,0.5211581291759465,1.0,1.3666666666666667,1
2110,0.36822568671121003,0.5233853006681515,1.0,1.3666666666666667,1
2120,0.3515219005196733,0.49665924276169265,1.0,1.3666666666666667,1
2130,0.35412026726057905,0.5033407572383074,1.0,1.3666666666666667,1
2140,0.3561618411284335,0.5100222717149221,1.0,1.3666666666666667,1
2150,0.34762435040831474,0.5033407572383074,1.0,1.3666666666666667,1
2160,0.3619153674832962,0.5233853006681515,1.0,1.3666666666666667,1
2170,0.36247216035634744,0.5233853006681515,1.0,1.3666666666666667,1
2180,0.36599851521900517,0.5278396436525612,1.0,1.3666666666666667,1
2190,0.36469933184855235,0.5278396436525612,1.0,1.3666666666666667,1
2200,0.2412769116555308,0.31625835189309576,1.0,1.3666666666666667,1
2210,0.24628804751299183,0.32293986636971045,1.0,1.3666666666666667,1
2220,0.24795842613214553,0.32293986636971045,1.0,1.3666666666666667,1
2230,0.24795842613214553,0.32293986636971045,1.0,1.3666666666666667,1
2240,0.25037119524870083,0.30734966592427615,1.0,1.3666666666666667,1
2250,0.25,0.30734966592427615,1.0,1.3666666666666667,1
2260,0.2520415738678545,0.30957683741648107,1.0,1.3666666666666667,1
2270,0.22160356347438753,0.2561247216035635,1.0,1.3666666666666667,1
2280,0.2253155159613957,0.26057906458797325,1.0,1.3666666666666667,1
2290,0.23867854491462506,0.2828507795100223,1.0,1.3666666666666667,1
2300,0.281365998515219,0.3741648106904232,1.0,1.3666666666666667,1
2310,0.2806236080178174,0.3741648106904232,1.0,1.3666666666666667,1
2320,0.281365998515219,0.3741648106904232,1.0,1.3666666666666667,1
2330,0.28099480326651816,0.3741648106904232,1.0,1.3666666666666667,1
2340,0.28118040089086854,0.37193763919821826,1.0,1.3666666666666667,1
2350,0.2789532293986636,0.3674832962138085,1.0,1.3666666666666667,1
2360,0.28637713437268003,0.37639198218262804,1.0,1.3666666666666667,1
2370,0.28470675575352633,0.3741648106904232,1.0,1.3666666666666667,1
2380,0.2800668151447661,0.36971046770601335,1.0,1.3666666666666667,1
2390,0.278210838901262,0.3674832962138085,1.0,1.3666666666666667,1
2400,0.278210838901262,0.3674832962138085,1.0,1.3666666666666667,1
2410,0.2744988864142539,0.36080178173719374,1.0,1.3666666666666667,1
2420,0.2802524127691165,0.3674832962138085,1.0,1.3666666666666667,1
2430,0.2696733481811433,0.33853006681514475,1.0,1.3666666666666667,1
2440,0.26837416481069043,0.33853006681514475,1.0,1.3666666666666667,1
2450,0.27060133630289535,0.34521158129175944,1.0,1.3666666666666667,1
2460,0.2728285077951002,0.34743875278396436,1.0,1.3666666666666667,1
2470,0.2770972531551596,0.3830734966592428,1.0,1.3666666666666667,1
2480,0.28322197475872307,0.38530066815144765,1.0,1.3666666666666667,1
2490,0.2973273942093541,0.3986636971046771,1.0,1.3666666666666667,1
2500,0.2962138084632517,0.40089086859688194,1.0,1.3666666666666667,1
2510,0.29695619896065334,0.3986636971046771,1.0,1.3666666666666667,1
2520,0.30085374907201184,0.41202672605790647,1.0,1.3666666666666667,1
2530,0.30233853006681516,0.41648106904231624,1.0,1.3666666666666667,1
2540,0.3069784706755753,0.4209354120267261,1.0,1.3666666666666667,1
2550,0.3040089086859688,0.41870824053452116,1.0,1.3666666666666667,1
2560,0.3021529324424647,0.4142538975501114,1.0,1.3666666666666667,1
2570,0.29342984409799555,0.3986636971046771,1.0,1.3666666666666667,1
2580,0.25798069784706756,0.3363028953229399,1.0,1.3666666666666667,1
2590,0.25334075723830735,0.3363028953229399,1.0,1.3666666666666667,1
2600,0.2572383073496659,0.3429844097995546,1.0,1.3666666666666667,1
2610,0.27616926503340755,0.38084632516703787,1.0,1.3666666666666667,1
2620,0.27598366740905717,0.38084632516703787,1.0,1.3666666666666667,1
2630,0.27505567928730507,0.38084632516703787,1.0,1.3666666666666667,1
2640,0.2752412769116555,0.37861915367483295,1.0,1.3666666666666667,1
2650,0.2776540460282108,0.38530066815144765,1.0,1.3666666666666667,1
2660,0.27858203414996285,0.38752783964365256,1.0,1.3666666666666667,1
2670,0.2958426132145508,0.40089086859688194,1.0,1.3666666666666667,1
2680,0.289532293986637,0.39198218262806234,1.0,1.3666666666666667,1
2690,0.2906458797327394,0.39420935412026725,1.0,1.3666666666666667,1
2700,0.28990348923533776,0.39420935412026725,1.0,1.3666666666666667,1
2710,0.31384558277654045,0.40757238307349664,1.0,1.3666666666666667,1
2720,0.31124721603563477,0.40757238307349664,1.0,1.3666666666666667,1
2730,0.30753526354862654,0.40089086859688194,1.0,1.3666666666666667,1
2740,0.3056792873051225,0.39420935412026725,1.0,1.3666666666666667,1
2750,0.3069784706755754,0.3986636971046771,1.0,1.3666666666666667,1
2760,0.30883444691907946,0.3986636971046771,1.0,1.3666666666666667,1
2770,0.30846325167037864,0.39420935412026725,1.0,1.3666666666666667,1
2780,0.31143281365998515,0.3986636971046771,1.0,1.3666666666666667,1
2790,0.311804008908686,0.40089086859688194,1.0,1.3666666666666667,1
2800,0.3145879732739421,0.40757238307349664,1.0,1.3666666666666667,1
2810,0.3110616184112844,0.4053452115812918,1.0,1.3666666666666667,1
2820,0.3038233110616184,0.38752783964365256,1.0,1.3666666666666667,1
2830,0.3088344469190794,0.39643652561247217,1.0,1.3666666666666667,1
2840,0.3106904231625835,0.40089086859688194,1.0,1.3666666666666667,1
2850,0.31161841128433554,0.3986636971046771,1.0,1.3666666666666667,1
2860,0.3119896065330363,0.3986636971046771,1.0,1.3666666666666667,1
2870,0.307720861172977,0.39198218262806234,1.0,1.3666666666666667,1
2880,0.3088344469190794,0.39643652561247217,1.0,1.3666666666666667,1
2890,0.2938010393466964,0.39198218262806234,1.0,1.3666666666666667,1
2900,0.2952858203414996,0.39198218262806234,1.0,1.3666666666666667,1
2910,0.2958426132145508,0.39198218262806234,1.0,1.3666666666666667,1
2920,0.29342984409799555,0.38530066815144765,1.0,1.3666666666666667,1
2930,0.2938010393466963,0.38084632516703787,1.0,1.3666666666666667,1
2940,0.29435783221974765,0.38084632516703787,1.0,1.3666666666666667,1
2950,0.2978841870824053,0.3830734966592428,1.0,1.3666666666666667,1
2960,0.298626577579807,0.38084632516703787,1.0,1.3666666666666667,1
2970,0.2882331106161841,0.36525612472160357,1.0,1.3666666666666667,1
2980,0.31941351150705266,0.42761692650334077,1.0,1.3666666666666667,1
2990,0.31365998515219,0.4209354120267261,1.0,1.3666666666666667,1
3000,0.31384558277654045,0.42316258351893093,1.0,1.3666666666666667,1
3010,0.32720861172976984,0.45434298440979953,1.0,1.3666666666666667,1
3020,0.33184855233853006,0.46547884187082406,1.0,1.3666666666666667,1
3030,0.3327765404602821,0.46770601336302897,1.0,1.3666666666666667,1
3040,0.33259094283593166,0.46993318485523383,1.0,1.3666666666666667,1
3050,0.3262806236080178,0.46325167037861914,1.0,1.3666666666666667,1
3060,0.32405345211581293,0.44097995545657015,1.0,1.3666666666666667,1
3070,0.32405345211581293,0.44097995545657015,1.0,1.3666666666666667,1
3080,0.3166295471417966,0.43429844097995546,1.0,1.3666666666666667,1
3090,0.319970304380104,0.4365256124721604,1.0,1.3666666666666667,1
3100,0.31774313288789907,0.43429844097995546,1.0,1.3666666666666667,1
3110,0.31384558277654045,0.42538975501113585,1.0,1.3666666666666667,1
3120,0.3184855233853007,0.42538975501113585,1.0,1.3666666666666667,1
3130,0.31161841128433554,0.42538975501113585,1.0,1.3666666666666667,1
3140,0.30734966592427615,0.41870824053452116,1.0,1.3666666666666667,1
3150,0.3056792873051225,0.41648106904231624,1.0,1.3666666666666667,1
3160,0.3093912397921306,0.42316258351893093,1.0,1.3666666666666667,1
3170,0.3131031922791388,0.4298440979955457,1.0,1.3666666666666667,1
3180,0.31662954714179664,0.4365256124721604,1.0,1.3666666666666667,1
3190,0.31737193763919824,0.4365256124721604,1.0,1.3666666666666667,1
3200,0.31718634001484786,0.4365256124721604,1.0,1.3666666666666667,1
3210,0.3221974758723089,0.44320712694877507,1.0,1.3666666666666667,1
3220,0.3281365998515219,0.4521158129175947,1.0,1.3666666666666667,1
3230,0.32720861172976984,0.45657015590200445,1.0,1.3666666666666667,1
3240,0.3322197475872309,0.46547884187082406,1.0,1.3666666666666667,1
3250,0.3348181143281366,0.46993318485523383,1.0,1.3666666666666667,1
3260,0.33351893095768376,0.47216035634743875,1.0,1.3666666666666667,1
3270,0.33240534521158127,0.46993318485523383,1.0,1.3666666666666667,1
3280,0.33203414996288044,0.47216035634743875,1.0,1.3666666666666667,1
3290,0.3374164810690423,0.48329621380846327,1.0,1.3666666666666667,1
3300,0.33667409057164066,0.48329621380846327,1.0,1.3666666666666667,1
3310,0.34910913140311806,0.5167037861915368,1.0,1.3666666666666667,1
3320,0.34762435040831474,0.5144766146993318,1.0,1.3666666666666667,1
3330,0.34651076466221226,0.5055679287305123,1.0,1.3666666666666667,1
3340,0.3337045285820341,0.47438752783964366,1.0,1.3666666666666667,1
3350,0.33407572383073497,0.4766146993318486,1.0,1.3666666666666667,1
3360,0.33797327394209353,0.47884187082405344,1.0,1.3666666666666667,1
3370,0.338158871566444,0.47884187082405344,1.0,1.3666666666666667,1
3380,0.35467706013363026,0.5055679287305123,1.0,1.3666666666666667,1
3390,0.3559762435040831,0.5077951002227171,1.0,1.3666666666666667,1
3400,0.3587602078693392,0.5100222717149221,1.0,1.3666666666666667,1
3410,0.3559762435040832,0.5167037861915368,1.0,1.3666666666666667,1
3420,0.3600593912397922,0.5233853006681515,1.0,1.3666666666666667,1
3430,0.3600593912397922,0.5233853006681515,1.0,1.3666666666666667,1
3440,0.35727542687453606,0.5167037861915368,1.0,1.3666666666666667,1
3450,0.35579064587973275,0.5144766146993318,1.0,1.3666666666666667,1
3460,0.35059391239792137,0.5033407572383074,1.0,1.3666666666666667,1
3470,0.3524498886414254,0.5077951002227171,1.0,1.3666666666666667,1
3480,0.3524498886414254,0.5077951002227171,1.0,1.3666666666666667,1
3490,0.35040831477357093,0.5077951002227171,1.0,1.3666666666666667,1
3500,0.3500371195248701,0.512249443207127,1.0,1.3666666666666667,1
3510,0.3507795100222717,0.512249443207127,1.0,1.3666666666666667,1
3520,0.34948032665181883,0.5100222717149221,1.0,1.3666666666666667,1
3530,0.34966592427616927,0.5100222717149221,1.0,1.3666666666666667,1
3540,0.3520786933927245,0.5300668151447662,1.0,1.3666666666666667,1
3550,0.35319227913882706,0.5300668151447662,1.0,1.3666666666666667,1
3560,0.3455827765404603,0.5077951002227171,1.0,1.3666666666666667,1
3570,0.27728285077951004,0.3897550111358575,1.0,1.3666666666666667,1
3580,0.2774684484038605,0.3897550111358575,1.0,1.3666666666666667,1
3590,0.2787676317743133,0.39198218262806234,1.0,1.3666666666666667,1
3600,0.27542687453600595,0.38752783964365256,1.0,1.3666666666666667,1
3610,0.2757980697847067,0.3897550111358575,1.0,1.3666666666666667,1
3620,0.27728285077951004,0.39198218262806234,1.0,1.3666666666666667,1
3630,0.2856347438752784,0.41202672605790647,1.0,1.3666666666666667,1
3640,0.28303637713437263,0.41202672605790647,1.0,1.3666666666666667,1
3650,0.2848923533778767,0.41202672605790647,1.0,1.3666666666666667,1
3660,0.2856347438752784,0.41202672605790647,1.0,1.3666666666666667,1
3670,0.289532293986637,0.41648106904231624,1.0,1.3666666666666667,1
3680,0.2882331106161841,0.41870824053452116,1.0,1.3666666666666667,1
3690,0.29157386785449146,0.42538975501113585,1.0,1.3666666666666667,1
3700,0.29175946547884185,0.4298440979955457,1.0,1.3666666666666667,1
3710,0.2869339272457312,0.42316258351893093,1.0,1.3666666666666667,1
3720,0.3028953229398664,0.44097995545657015,1.0,1.3666666666666667,1
3730,0.3028953229398664,0.43875278396436523,1.0,1.3666666666666667,1
3740,0.30270972531551593,0.43875278396436523,1.0,1.3666666666666667,1
3750,0.3066072754268745,0.44766146993318484,1.0,1.3666666666666667,1
3760,0.26893095768374164,0.36525612472160357,1.0,1.3666666666666667,1
3770,0.26466221232368226,0.3585746102449889,1.0,1.3666666666666667,1
3780,0.26540460282108386,0.3585746102449889,1.0,1.3666666666666667,1
3790,0.2674461766889384,0.36302895322939865,1.0,1.3666666666666667,1
3800,0.2687453600593912,0.3674832962138085,1.0,1.3666666666666667,1
3810,0.2724573125463994,0.37193763919821826,1.0,1.3666666666666667,1
3820,0.27746844840386037,0.3830734966592428,1.0,1.3666666666666667,1
3830,0.2897178916109873,0.4053452115812918,1.0,1.3666666666666667,1
3840,0.29565701559020047,0.39420935412026725,1.0,1.3666666666666667,1
3850,0.289532293986637,0.36971046770601335,1.0,1.3666666666666667,1
3860,0.2886043058648849,0.36971046770601335,1.0,1.3666666666666667,1
3870,0.2900890868596882,0.3674832962138085,1.0,1.3666666666666667,1
3880,0.29936896807720864,0.3830734966592428,1.0,1.3666666666666667,1
3890,0.3101336302895323,0.40979955456570155,1.0,1.3666666666666667,1
3900,0.3028953229398664,0.39420935412026725,1.0,1.3666666666666667,1
3910,0.3069784706755753,0.3986636971046771,1.0,1.3666666666666667,1
3920,0.30809205642167775,0.3986636971046771,1.0,1.3666666666666667,1
3930,0.30864884929472897,0.40311804008908686,1.0,1.3666666666666667,1
3940,0.307720861172977,0.40311804008908686,1.0,1.3666666666666667,1
3950,0.29658500371195246,0.3897550111358575,1.0,1.3666666666666667,1
3960,0.29250185597624345,0.3830734966592428,1.0,1.3666666666666667,1
3970,0.31737193763919824,0.44320712694877507,1.0,1.3666666666666667,1
3980,0.32145508537490713,0.44988864142538976,1.0,1.3666666666666667,1
3990,0.3225686711210096,0.4521158129175947,1.0,1.3666666666666667,1
4000,0.32720861172976984,0.45879732739420936,1.0,1.3666666666666667,1
4010,0.3273942093541203,0.45657015590200445,1.0,1.3666666666666667,1
4020,0.32479584261321454,0.4521158129175947,1.0,1.3666666666666667,1
4030,0.3249814402375649,0.4521158129175947,1.0,1.3666666666666667,1
4040,0.33407572383073497,0.46993318485523383,1.0,1.3666666666666667,1
4050,0.3351893095768374,0.47438752783964366,1.0,1.3666666666666667,1
4060,0.3190423162583519,0.44988864142538976,1.0,1.3666666666666667,1
4070,0.3149591685226429,0.44320712694877507,1.0,1.3666666666666667,1
4080,0.31792873051224946,0.44766146993318484,1.0,1.3666666666666667,1
4090,0.321826280623608,0.44988864142538976,1.0,1.3666666666666667,1
4100,0.34799554565701557,0.49888641425389757,1.0,1.3666666666666667,1
4110,0.3461395694135115,0.49443207126948774,1.0,1.3666666666666667,1
4120,0.3403860430586488,0.48329621380846327,1.0,1.3666666666666667,1
4130,0.347253155159614,0.5077951002227171,1.0,1.3666666666666667,1
4140,0.34521158129175944,0.5011135857461024,1.0,1.3666666666666667,1
4150,0.34595397178916104,0.5033407572383074,1.0,1.3666666666666667,1
4160,0.35226429101707496,0.5077951002227171,1.0,1.3666666666666667,1
4170,0.3504083147735709,0.5033407572383074,1.0,1.3666666666666667,1
4180,0.3492947290274684,0.5077951002227171,1.0,1.3666666666666667,1
4190,0.3466963622865627,0.5033407572383074,1.0,1.3666666666666667,1
4200,0.34651076466221226,0.5011135857461024,1.0,1.3666666666666667,1
4210,0.34910913140311806,0.5055679287305123,1.0,1.3666666666666667,1
4220,0.34873793615441717,0.5011135857461024,1.0,1.3666666666666667,1
4230,0.3565330363771344,0.5189309576837416,1.0,1.3666666666666667,1
4240,0.35541945063103186,0.5189309576837416,1.0,1.3666666666666667,1
4250,0.33982925018559756,0.49665924276169265,1.0,1.3666666666666667,1
4260,0.34075723830734966,0.49443207126948774,1.0,1.3666666666666667,1
4270,0.3489235337787676,0.5033407572383074,1.0,1.3666666666666667,1
4280,0.3533778767631774,0.5100222717149221,1.0,1.3666666666666667,1
4290,0.35634743875278396,0.5167037861915368,1.0,1.3666666666666667,1
4300,0.35541945063103186,0.5167037861915368,1.0,1.3666666666666667,1
4310,0.3634001484780995,0.532293986636971,1.0,1.3666666666666667,1
4320,0.3632145508537491,0.5300668151447662,1.0,1.3666666666666667,1
4330,0.3667409057164069,0.5389755011135857,1.0,1.3666666666666667,1
4340,0.36562731997030434,0.5389755011135857,1.0,1.3666666666666667,1
4350,0.3648849294729027,0.5389755011135857,1.0,1.3666666666666667,1
4360,0.36841128433556053,0.5456570155902004,1.0,1.3666666666666667,1
4370,0.25742390497401635,0.34743875278396436,1.0,1.3666666666666667,1
4380,0.25389755011135856,0.34521158129175944,1.0,1.3666666666666667,1
4390,0.25334075723830735,0.34743875278396436,1.0,1.3666666666666667,1
4400,0.25631031922791386,0.3518930957683742,1.0,1.3666666666666667,1
4410,0.2598366740905716,0.3585746102449889,1.0,1.3666666666666667,1
4420,0.2616926503340757,0.36080178173719374,1.0,1.3666666666666667,1
4430,0.2568671121009651,0.3518930957683742,1.0,1.3666666666666667,1
4440,0.26670378619153673,0.3741648106904232,1.0,1.3666666666666667,1
4450,0.27115812917594656,0.36525612472160357,1.0,1.3666666666666667,1
4460,0.2744988864142539,0.37193763919821826,1.0,1.3666666666666667,1
4470,0.27357089829250186,0.36971046770601335,1.0,1.3666666666666667,1
4480,0.2652190051967334,0.3518930957683742,1.0,1.3666666666666667,1
4490,0.26893095768374164,0.35634743875278396,1.0,1.3666666666666667,1
0,0.308648849294729,0.4298440979955457,1.0,1.3066666666666666,2
10,0.3134743875278396,0.44097995545657015,1.0,1.3066666666666666,2
20,0.307720861172977,0.43207126948775054,1.0,1.3066666666666666,2
30,0.3079064587973274,0.43207126948775054,1.0,1.3066666666666666,2
40,0.3082776540460282,0.43429844097995546,1.0,1.3066666666666666,2
50,0.30902004454342985,0.4365256124721604,1.0,1.3066666666666666,2
60,0.31161841128433554,0.44097995545657015,1.0,1.3066666666666666,2
70,0.31384558277654045,0.44097995545657015,1.0,1.3066666666666666,2
80,0.2989977728285078,0.40311804008908686,1.0,1.3066666666666666,2
90,0.2989977728285078,0.4053452115812918,1.0,1.3066666666666666,2
100,0.30196733481811433,0.40089086859688194,1.0,1.3066666666666666,2
110,0.30716406829992576,0.41202672605790647,1.0,1.3066666666666666,2
120,0.3062360801781737,0.41202672605790647,1.0,1.3066666666666666,2
130,0.30734966592427615,0.41202672605790647,1.0,1.3066666666666666,2
140,0.3079064587973274,0.41202672605790647,1.0,1.3066666666666666,2
150,0.3043801039346697,0.40757238307349664,1.0,1.3066666666666666,2
160,0.2808092056421678,0.40979955456570155,1.0,1.3066666666666666,2
170,0.2858203414996288,0.40979955456570155,1.0,1.3066666666666666,2
180,0.2891610987379361,0.4142538975501114,1.0,1.3066666666666666,2
190,0.29287305122494434,0.41870824053452116,1.0,1.3066666666666666,2
200,0.3040089086859688,0.42761692650334077,1.0,1.3066666666666666,2
210,0.3043801039346697,0.42761692650334077,1.0,1.3066666666666666,2
220,0.3032665181885672,0.42538975501113585,1.0,1.3066666666666666,2
230,0.29361544172234594,0.40979955456570155,1.0,1.3066666666666666,2
240,0.29213066072754273,0.40757238307349664,1.0,1.3066666666666666,2
250,0.281365998515219,0.39198218262806234,1.0,1.3066666666666666,2
260,0.28285077951002224,0.39198218262806234,1.0,1.3066666666666666,2
270,0.2524127691165553,0.34075723830734966,1.0,1.3066666666666666,2
280,0.2642910170749814,0.35634743875278396,1.0,1.3066666666666666,2
290,0.2661469933184855,0.36080178173719374,1.0,1.3066666666666666,2
300,0.26651818856718634,0.36080178173719374,1.0,1.3066666666666666,2
310,0.26688938381588717,0.36302895322939865,1.0,1.3066666666666666,2
320,0.26002227171492204,0.34966592427616927,1.0,1.3066666666666666,2
330,0.27876763177431324,0.36971046770601335,1.0,1.3066666666666666,2
340,0.27134372680029695,0.3518930957683742,1.0,1.3066666666666666,2
350,0.27208611729769855,0.35412026726057905,1.0,1.3066666666666666,2
360,0.2798812175204157,0.36971046770601335,1.0,1.3066666666666666,2
370,0.2828507795100223,0.3741648106904232,1.0,1.3066666666666666,2
380,0.29398663697104677,0.3986636971046771,1.0,1.3066666666666666,2
390,0.28452115812917594,0.38530066815144765,1.0,1.3066666666666666,2
400,0.2923162583518931,0.3986636971046771,1.0,1.3066666666666666,2
410,0.2951002227171492,0.40089086859688194,1.0,1.3066666666666666,2
420,0.29918337045285814,0.40979955456570155,1.0,1.3066666666666666,2
430,0.30679287305122493,0.43429844097995546,1.0,1.3066666666666666,2
440,0.30716406829992576,0.43429844097995546,1.0,1.3066666666666666,2
450,0.3079064587973274,0.4365256124721604,1.0,1.3066666666666666,2
460,0.3079064587973274,0.43429844097995546,1.0,1.3066666666666666,2
470,0.3093912397921306,0.43875278396436523,1.0,1.3066666666666666,2
480,0.31124721603563477,0.44766146993318484,1.0,1.3066666666666666,2
490,0.3108760207869339,0.44543429844098,1.0,1.3066666666666666,2
500,0.30902004454342985,0.44097995545657015,1.0,1.3066666666666666,2
510,0.309576837416481,0.44097995545657015,1.0,1.3066666666666666,2
520,0.3372308834446919,0.46770601336302897,1.0,1.3066666666666666,2
530,0.33203414996288044,0.45879732739420936,1.0,1.3066666666666666,2
540,0.33092056421677796,0.45657015590200445,1.0,1.3066666666666666,2
550,0.3327765404602821,0.4610244988864143,1.0,1.3066666666666666,2
560,0.33890126206384563,0.46993318485523383,1.0,1.3066666666666666,2
570,0.33964365256124723,0.47216035634743875,1.0,1.3066666666666666,2
580,0.3333333333333333,0.4610244988864143,1.0,1.3066666666666666,2
590,0.33184855233853006,0.4610244988864143,1.0,1.3066666666666666,2
600,0.3292501855976243,0.47216035634743875,1.0,1.3066666666666666,2
610,0.32962138084632514,0.47438752783964366,1.0,1.3066666666666666,2
620,0.32238307349665923,0.46547884187082406,1.0,1.3066666666666666,2
630,0.2980697847067557,0.41648106904231624,1.0,1.3066666666666666,2
640,0.29398663697104677,0.40757238307349664,1.0,1.3066666666666666,2
650,0.2906458797327394,0.39643652561247217,1.0,1.3066666666666666,2
660,0.2891610987379361,0.39420935412026725,1.0,1.3066666666666666,2
670,0.2889755011135857,0.39643652561247217,1.0,1.3066666666666666,2
680,0.28637713437268,0.39420935412026725,1.0,1.3066666666666666,2
690,0.29194506310319224,0.40089086859688194,1.0,1.3066666666666666,2
700,0.291388270230141,0.3986636971046771,1.0,1.3066666666666666,2
710,0.2923162583518931,0.40089086859688194,1.0,1.3066666666666666,2
720,0.29194506310319224,0.40311804008908686,1.0,1.3066666666666666,2
730,0.29175946547884185,0.40311804008908686,1.0,1.3066666666666666,2
740,0.2923162583518931,0.40311804008908686,1.0,1.3066666666666666,2
750,0.3260950259836674,0.4766146993318486,1.0,1.3066666666666666,2
760,0.3285077951002227,0.48106904231625836,1.0,1.3066666666666666,2
770,0.3290645879732739,0.48106904231625836,1.0,1.3066666666666666,2
780,0.3283221974758723,0.4766146993318486,1.0,1.3066666666666666,2
790,0.32368225686711205,0.46993318485523383,1.0,1.3066666666666666,2
800,0.3186711210096511,0.4610244988864143,1.0,1.3066666666666666,2
810,0.31477357089829244,0.45434298440979953,1.0,1.3066666666666666,2
820,0.3203414996288047,0.46547884187082406,1.0,1.3066666666666666,2
830,0.3221974758723089,0.47216035634743875,1.0,1.3066666666666666,2
840,0.3207126948775056,0.46993318485523383,1.0,1.3066666666666666,2
850,0.31403118040089084,0.45434298440979953,1.0,1.3066666666666666,2
860,0.3234966592427617,0.48106904231625836,1.0,1.3066666666666666,2
870,0.3221974758723088,0.4521158129175947,1.0,1.3066666666666666,2
880,0.33296213808463254,0.45879732739420936,1.0,1.3066666666666666,2
890,0.3518930957683742,0.5100222717149221,1.0,1.3066666666666666,2
900,0.3596881959910913,0.5233853006681515,1.0,1.3066666666666666,2
910,0.36321455085374904,0.5278396436525612,1.0,1.3066666666666666,2
920,0.366369710467706,0.532293986636971,1.0,1.3066666666666666,2
930,0.36822568671121003,0.5367483296213809,1.0,1.3066666666666666,2
940,0.369524870081663,0.5389755011135857,1.0,1.3066666666666666,2
950,0.3492947290274684,0.49888641425389757,1.0,1.3066666666666666,2
960,0.3606161841128434,0.5256124721603563,1.0,1.3066666666666666,2
970,0.23775055679287302,0.3429844097995546,1.0,1.3066666666666666,2
980,0.23515219005196733,0.33853006681514475,1.0,1.3066666666666666,2
990,0.2321826280623608,0.33407572383073497,1.0,1.3066666666666666,2
1000,0.245916852264291,0.34743875278396436,1.0,1.3066666666666666,2
1010,0.24740163325909428,0.3518930957683742,1.0,1.3066666666666666,2
1020,0.24628804751299183,0.3518930957683742,1.0,1.3066666666666666,2
1030,0.24313288789903487,0.33853006681514475,1.0,1.3066666666666666,2
1040,0.2533407572383073,0.3741648106904232,1.0,1.3066666666666666,2
1050,0.25389755011135856,0.3741648106904232,1.0,1.3066666666666666,2
1060,0.2687453600593912,0.39643652561247217,1.0,1.3066666666666666,2
1070,0.26837416481069043,0.39420935412026725,1.0,1.3066666666666666,2
1080,0.2661469933184855,0.39198218262806234,1.0,1.3066666666666666,2
1090,0.25835189309576834,0.37861915367483295,1.0,1.3066666666666666,2
1100,0.264105419450631,0.38752783964365256,1.0,1.3066666666666666,2
1110,0.26726057906458794,0.39420935412026725,1.0,1.3066666666666666,2
1120,0.26800296956198955,0.39643652561247217,1.0,1.3066666666666666,2
1130,0.26911655530809203,0.3986636971046771,1.0,1.3066666666666666,2
1140,0.26187824795842607,0.37861915367483295,1.0,1.3066666666666666,2
1150,0.2687453600593912,0.3741648106904232,1.0,1.3066666666666666,2
1160,0.27134372680029695,0.37861915367483295,1.0,1.3066666666666666,2
1170,0.26688938381588717,0.37193763919821826,1.0,1.3066666666666666,2
1180,0.26224944320712695,0.3585746102449889,1.0,1.3066666666666666,2
1190,0.26002227171492204,0.35412026726057905,1.0,1.3066666666666666,2
1200,0.2648478099480327,0.3585746102449889,1.0,1.3066666666666666,2
1210,0.2583518930957684,0.34521158129175944,1.0,1.3066666666666666,2
1220,0.2663325909428359,0.35412026726057905,1.0,1.3066666666666666,2
1230,0.26447661469933187,0.3518930957683742,1.0,1.3066666666666666,2
1240,0.26484780994803264,0.34966592427616927,1.0,1.3066666666666666,2
1250,0.2735708982925018,0.36525612472160357,1.0,1.3066666666666666,2
1260,0.2739420935412027,0.3674832962138085,1.0,1.3066666666666666,2
1270,0.28507795100222716,0.40757238307349664,1.0,1.3066666666666666,2
1280,0.29250185597624345,0.42316258351893093,1.0,1.3066666666666666,2
1290,0.2878619153674833,0.41870824053452116,1.0,1.3066666666666666,2
1300,0.29213066072754273,0.42538975501113585,1.0,1.3066666666666666,2
1310,0.29324424647364516,0.43207126948775054,1.0,1.3066666666666666,2
1320,0.28080920564216777,0.40979955456570155,1.0,1.3066666666666666,2
1330,0.28136599851521904,0.41202672605790647,1.0,1.3066666666666666,2
1340,0.28006681514476617,0.40979955456570155,1.0,1.3066666666666666,2
1350,0.2843355605048255,0.41648106904231624,1.0,1.3066666666666666,2
1360,0.2828507795100223,0.40979955456570155,1.0,1.3066666666666666,2
1370,0.31124721603563477,0.44097995545657015,1.0,1.3066666666666666,2
1380,0.3093912397921306,0.4365256124721604,1.0,1.3066666666666666,2
1390,0.3082776540460282,0.43429844097995546,1.0,1.3066666666666666,2
1400,0.31421677802524123,0.44097995545657015,1.0,1.3066666666666666,2
1410,0.3171863400148478,0.44543429844098,1.0,1.3066666666666666,2
1420,0.31365998515219,0.44320712694877507,1.0,1.3066666666666666,2
1430,0.3021529324424647,0.42761692650334077,1.0,1.3066666666666666,2
1440,0.30029695619896063,0.42538975501113585,1.0,1.3066666666666666,2
1450,0.28990348923533776,0.4053452115812918,1.0,1.3066666666666666,2
1460,0.2880475129918337,0.40089086859688194,1.0,1.3066666666666666,2
1470,0.28507795100222716,0.39643652561247217,1.0,1.3066666666666666,2
1480,0.2880475129918337,0.40311804008908686,1.0,1.3066666666666666,2
1490,0.2908314773570898,0.41202672605790647,1.0,1.3066666666666666,2
1500,0.2889755011135857,0.40757238307349664,1.0,1.3066666666666666,2
1510,0.2908314773570898,0.41202672605790647,1.0,1.3066666666666666,2
1520,0.28767631774313285,0.4053452115812918,1.0,1.3066666666666666,2
1530,0.2878619153674833,0.40089086859688194,1.0,1.3066666666666666,2
1540,0.2897178916109873,0.4053452115812918,1.0,1.3066666666666666,2
1550,0.294543429844098,0.37861915367483295,1.0,1.3066666666666666,2
1560,0.2938010393466964,0.37861915367483295,1.0,1.3066666666666666,2
1570,0.28322197475872307,0.36302895322939865,1.0,1.3066666666666666,2
1580,0.28099480326651816,0.3585746102449889,1.0,1.3066666666666666,2
1590,0.2880475129918337,0.37193763919821826,1.0,1.3066666666666666,2
1600,0.2741276911655531,0.3429844097995546,1.0,1.3066666666666666,2
1610,0.27561247216035634,0.34966592427616927,1.0,1.3066666666666666,2
1620,0.2769116555308092,0.35412026726057905,1.0,1.3066666666666666,2
1630,0.2798812175204157,0.3585746102449889,1.0,1.3066666666666666,2
1640,0.2776540460282108,0.35634743875278396,1.0,1.3066666666666666,2
1650,0.285449146250928,0.37193763919821826,1.0,1.3066666666666666,2
1660,0.2891610987379361,0.37861915367483295,1.0,1.3066666666666666,2
1670,0.29194506310319224,0.38084632516703787,1.0,1.3066666666666666,2
1680,0.29175946547884185,0.38084632516703787,1.0,1.3066666666666666,2
1690,0.2899034892353378,0.37639198218262804,1.0,1.3066666666666666,2
1700,0.29491462509279887,0.38752783964365256,1.0,1.3066666666666666,2
1710,0.2906458797327394,0.38084632516703787,1.0,1.3066666666666666,2
1720,0.29324424647364516,0.38084632516703787,1.0,1.3066666666666666,2
1730,0.2951002227171492,0.38752783964365256,1.0,1.3066666666666666,2
1740,0.29120267260579064,0.37861915367483295,1.0,1.3066666666666666,2
1750,0.2954714179658501,0.39420935412026725,1.0,1.3066666666666666,2
1760,0.29974016332590947,0.40311804008908686,1.0,1.3066666666666666,2
1770,0.3012249443207127,0.4053452115812918,1.0,1.3066666666666666,2
1780,0.3019673348181143,0.40311804008908686,1.0,1.3066666666666666,2
1790,0.2993689680772086,0.40089086859688194,1.0,1.3066666666666666,2
1800,0.2993689680772086,0.40311804008908686,1.0,1.3066666666666666,2
1810,0.29714179658500367,0.3986636971046771,1.0,1.3066666666666666,2
1820,0.3077208611729769,0.41648106904231624,1.0,1.3066666666666666,2
1830,0.31031922791388267,0.42538975501113585,1.0,1.3066666666666666,2
1840,0.3088344469190794,0.42316258351893093,1.0,1.3066666666666666,2
1850,0.30957683741648107,0.42316258351893093,1.0,1.3066666666666666,2
1860,0.3125463994060876,0.4298440979955457,1.0,1.3066666666666666,2
1870,0.3105048255382331,0.43207126948775054,1.0,1.3066666666666666,2
1880,0.2834075723830735,0.3830734966592428,1.0,1.3066666666666666,2
1890,0.2860059391239792,0.37639198218262804,1.0,1.3066666666666666,2
1900,0.2967706013363029,0.39643652561247217,1.0,1.3066666666666666,2
1910,0.2999257609502598,0.40311804008908686,1.0,1.3066666666666666,2
1920,0.2908314773570898,0.38752783964365256,1.0,1.3066666666666666,2
1930,0.2882331106161842,0.3830734966592428,1.0,1.3066666666666666,2
1940,0.29547141796585,0.3986636971046771,1.0,1.3066666666666666,2
1950,0.2921306607275427,0.3897550111358575,1.0,1.3066666666666666,2
1960,0.2967706013363029,0.40089086859688194,1.0,1.3066666666666666,2
1970,0.3028953229398664,0.40757238307349664,1.0,1.3066666666666666,2
1980,0.3053080920564216,0.4142538975501114,1.0,1.3066666666666666,2
1990,0.30549368968077206,0.41648106904231624,1.0,1.3066666666666666,2
2000,0.30326651818856715,0.41202672605790647,1.0,1.3066666666666666,2
2010,0.2910170749814402,0.39420935412026725,1.0,1.3066666666666666,2
2020,0.290460282108389,0.39198218262806234,1.0,1.3066666666666666,2
2030,0.2921306607275427,0.39643652561247217,1.0,1.3066666666666666,2
2040,0.28934669636228655,0.40311804008908686,1.0,1.3066666666666666,2
2050,0.2906458797327394,0.38084632516703787,1.0,1.3066666666666666,2
2060,0.2923162583518931,0.3830734966592428,1.0,1.3066666666666666,2
2070,0.28934669636228655,0.37639198218262804,1.0,1.3066666666666666,2
2080,0.29417223459539715,0.38752783964365256,1.0,1.3066666666666666,2
2090,0.3414996288047513,0.5033407572383074,1.0,1.3066666666666666,2
2100,0.33407572383073497,0.4922048997772829,1.0,1.3066666666666666,2
2110,0.33296213808463254,0.48997772828507796,1.0,1.3066666666666666,2
2120,0.3337045285820341,0.48997772828507796,1.0,1.3066666666666666,2
2130,0.33259094283593166,0.48775055679287305,1.0,1.3066666666666666,2
2140,0.32999257609502597,0.48106904231625836,1.0,1.3066666666666666,2
2150,0.33259094283593166,0.48329621380846327,1.0,1.3066666666666666,2
2160,0.30178173719376394,0.42316258351893093,1.0,1.3066666666666666,2
2170,0.2988121752041574,0.41202672605790647,1.0,1.3066666666666666,2
2180,0.29547141796585,0.40311804008908686,1.0,1.3066666666666666,2
2190,0.29918337045285814,0.40757238307349664,1.0,1.3066666666666666,2
2200,0.29825538233110616,0.40757238307349664,1.0,1.3066666666666666,2
2210,0.31403118040089084,0.4209354120267261,1.0,1.3066666666666666,2
2220,0.3114328136599851,0.4142538975501114,1.0,1.3066666666666666,2
2230,0.3195991091314031,0.43207126948775054,1.0,1.3066666666666666,2
2240,0.31997030438010393,0.43429844097995546,1.0,1.3066666666666666,2
2250,0.32145508537490713,0.4365256124721604,1.0,1.3066666666666666,2
2260,0.3233110616184112,0.43875278396436523,1.0,1.3066666666666666,2
2270,0.3285077951002227,0.44320712694877507,1.0,1.3066666666666666,2
2280,0.3294357832219748,0.44320712694877507,1.0,1.3066666666666666,2
2290,0.3403860430586488,0.46325167037861914,1.0,1.3066666666666666,2
2300,0.33444691907943574,0.44988864142538976,1.0,1.3066666666666666,2
2310,0.3351893095768374,0.44988864142538976,1.0,1.3066666666666666,2
2320,0.3348181143281366,0.4521158129175947,1.0,1.3066666666666666,2
2330,0.3351893095768374,0.4521158129175947,1.0,1.3066666666666666,2
2340,0.33890126206384563,0.45657015590200445,1.0,1.3066666666666666,2
2350,0.3351893095768374,0.44988864142538976,1.0,1.3066666666666666,2
2360,0.3322197475872308,0.44320712694877507,1.0,1.3066666666666666,2
2370,0.33556050482553823,0.4521158129175947,1.0,1.3066666666666666,2
2380,0.33778767631774304,0.45879732739420936,1.0,1.3066666666666666,2
2390,0.339086859688196,0.4610244988864143,1.0,1.3066666666666666,2
2400,0.3364884929472902,0.46547884187082406,1.0,1.3066666666666666,2
2410,0.33129175946547884,0.45657015590200445,1.0,1.3066666666666666,2
2420,0.33129175946547884,0.45434298440979953,1.0,1.3066666666666666,2
2430,0.3307349665924276,0.4521158129175947,1.0,1.3066666666666666,2
2440,0.3283221974758723,0.44543429844098,1.0,1.3066666666666666,2
2450,0.3314773570898292,0.4521158129175947,1.0,1.3066666666666666,2
2460,0.32943578322197475,0.44988864142538976,1.0,1.3066666666666666,2
2470,0.32720861172976984,0.44543429844098,1.0,1.3066666666666666,2
2480,0.3281365998515219,0.44766146993318484,1.0,1.3066666666666666,2
2490,0.32312546399406084,0.44097995545657015,1.0,1.3066666666666666,2
2500,0.31792873051224946,0.4298440979955457,1.0,1.3066666666666666,2
2510,0.3166295471417966,0.42316258351893093,1.0,1.3066666666666666,2
2520,0.31625835189309576,0.4209354120267261,1.0,1.3066666666666666,2
2530,0.3155159613956941,0.41870824053452116,1.0,1.3066666666666666,2
2540,0.31625835189309576,0.4209354120267261,1.0,1.3066666666666666,2
2550,0.3208982925018559,0.43207126948775054,1.0,1.3066666666666666,2
2560,0.32479584261321454,0.44097995545657015,1.0,1.3066666666666666,2
2570,0.3270230141054194,0.44320712694877507,1.0,1.3066666666666666,2
2580,0.32720861172976984,0.44988864142538976,1.0,1.3066666666666666,2
2590,0.3305493689680772,0.45434298440979953,1.0,1.3066666666666666,2
2600,0.33129175946547884,0.45879732739420936,1.0,1.3066666666666666,2
2610,0.3314773570898292,0.45879732739420936,1.0,1.3066666666666666,2
2620,0.3238678544914625,0.44320712694877507,1.0,1.3066666666666666,2
2630,0.31384558277654045,0.42538975501113585,1.0,1.3066666666666666,2
2640,0.31681514476614697,0.4298440979955457,1.0,1.3066666666666666,2
2650,0.3184855233853007,0.43429844097995546,1.0,1.3066666666666666,2
2660,0.3244246473645137,0.44097995545657015,1.0,1.3066666666666666,2
2670,0.32590942835931697,0.43875278396436523,1.0,1.3066666666666666,2
2680,0.3331477357089829,0.47438752783964366,1.0,1.3066666666666666,2
2690,0.29955456570155903,0.41870824053452116,1.0,1.3066666666666666,2
2700,0.29547141796585,0.41202672605790647,1.0,1.3066666666666666,2
2710,0.3056792873051225,0.41870824053452116,1.0,1.3066666666666666,2
2720,0.30308092056421676,0.41202672605790647,1.0,1.3066666666666666,2
2730,0.305493689680772,0.4142538975501114,1.0,1.3066666666666666,2
2740,0.3062360801781737,0.4142538975501114,1.0,1.3066666666666666,2
2750,0.30734966592427615,0.41648106904231624,1.0,1.3066666666666666,2
2760,0.31161841128433554,0.4298440979955457,1.0,1.3066666666666666,2
2770,0.30976243504083145,0.4298440979955457,1.0,1.3066666666666666,2
2780,0.31031922791388267,0.44988864142538976,1.0,1.3066666666666666,2
2790,0.3066072754268745,0.44543429844098,1.0,1.3066666666666666,2
2800,0.31533036377134366,0.45879732739420936,1.0,1.3066666666666666,2
2810,0.31124721603563477,0.4521158129175947,1.0,1.3066666666666666,2
2820,0.3208982925018559,0.45879732739420936,1.0,1.3066666666666666,2
2830,0.319970304380104,0.44766146993318484,1.0,1.3066666666666666,2
2840,0.32145508537490725,0.45434298440979953,1.0,1.3066666666666666,2
2850,0.321826280623608,0.45657015590200445,1.0,1.3066666666666666,2
2860,0.303637713437268,0.43207126948775054,1.0,1.3066666666666666,2
2870,0.3028953229398664,0.42761692650334077,1.0,1.3066666666666666,2
2880,0.3069784706755753,0.43429844097995546,1.0,1.3066666666666666,2
2890,0.30920564216778024,0.4365256124721604,1.0,1.3066666666666666,2
2900,0.3110616184112843,0.44097995545657015,1.0,1.3066666666666666,2
2910,0.24777282850779506,0.32293986636971045,1.0,1.3066666666666666,2
2920,0.24777282850779506,0.32293986636971045,1.0,1.3066666666666666,2
2930,0.24888641425389751,0.3273942093541203,1.0,1.3066666666666666,2
2940,0.2620638455827765,0.36080178173719374,1.0,1.3066666666666666,2
2950,0.26169265033407574,0.3585746102449889,1.0,1.3066666666666666,2
2960,0.27487008166295473,0.39198218262806234,1.0,1.3066666666666666,2
2970,0.29714179658500367,0.42316258351893093,1.0,1.3066666666666666,2
2980,0.29027468448403854,0.41202672605790647,1.0,1.3066666666666666,2
2990,0.2921306607275427,0.41870824053452116,1.0,1.3066666666666666,2
3000,0.2884187082405345,0.4142538975501114,1.0,1.3066666666666666,2
3010,0.2884187082405345,0.4142538975501114,1.0,1.3066666666666666,2
3020,0.285449146250928,0.40979955456570155,1.0,1.3066666666666666,2
3030,0.2880475129918337,0.4142538975501114,1.0,1.3066666666666666,2
3040,0.289532293986637,0.41648106904231624,1.0,1.3066666666666666,2
3050,0.2837787676317743,0.4142538975501114,1.0,1.3066666666666666,2
3060,0.28637713437268003,0.41648106904231624,1.0,1.3066666666666666,2
3070,0.2834075723830735,0.41202672605790647,1.0,1.3066666666666666,2
3080,0.27598366740905717,0.40311804008908686,1.0,1.3066666666666666,2
3090,0.27672605790645877,0.4053452115812918,1.0,1.3066666666666666,2
3100,0.2793244246473645,0.41202672605790647,1.0,1.3066666666666666,2
3110,0.28155159613956937,0.41648106904231624,1.0,1.3066666666666666,2
3120,0.28118040089086854,0.41648106904231624,1.0,1.3066666666666666,2
3130,0.28600593912397926,0.41870824053452116,1.0,1.3066666666666666,2
3140,0.2841499628804751,0.41648106904231624,1.0,1.3066666666666666,2
3150,0.2882331106161841,0.42761692650334077,1.0,1.3066666666666666,2
3160,0.2886043058648849,0.42761692650334077,1.0,1.3066666666666666,2
3170,0.2817371937639198,0.41648106904231624,1.0,1.3066666666666666,2
3180,0.2856347438752784,0.42316258351893093,1.0,1.3066666666666666,2
3190,0.2843355605048255,0.4209354120267261,1.0,1.3066666666666666,2
3200,0.2913882702301411,0.42761692650334077,1.0,1.3066666666666666,2
3210,0.28266518188567186,0.41870824053452116,1.0,1.3066666666666666,2
3220,0.2882331106161841,0.42761692650334077,1.0,1.3066666666666666,2
3230,0.3038233110616185,0.43875278396436523,1.0,1.3066666666666666,2
3240,0.2952858203414996,0.4209354120267261,1.0,1.3066666666666666,2
3250,0.29825538233110616,0.42761692650334077,1.0,1.3066666666666666,2
3260,0.2993689680772086,0.42761692650334077,1.0,1.3066666666666666,2
3270,0.2650334075723831,0.34966592427616927,1.0,1.3066666666666666,2
3280,0.2602078693392724,0.3429844097995546,1.0,1.3066666666666666,2
3290,0.2639198218262806,0.35412026726057905,1.0,1.3066666666666666,2
3300,0.2676317743132888,0.36080178173719374,1.0,1.3066666666666666,2
3310,0.2650334075723831,0.35634743875278396,1.0,1.3066666666666666,2
3320,0.2676317743132888,0.36080178173719374,1.0,1.3066666666666666,2
3330,0.26967334818114325,0.36080178173719374,1.0,1.3066666666666666,2
3340,0.2689309576837416,0.36080178173719374,1.0,1.3066666666666666,2
3350,0.26670378619153673,0.35412026726057905,1.0,1.3066666666666666,2
3360,0.2642910170749814,0.34966592427616927,1.0,1.3066666666666666,2
3370,0.26707498144023756,0.3518930957683742,1.0,1.3066666666666666,2
3380,0.27375649591685225,0.36302895322939865,1.0,1.3066666666666666,2
3390,0.2726429101707498,0.36080178173719374,1.0,1.3066666666666666,2
3400,0.2655902004454343,0.36302895322939865,1.0,1.3066666666666666,2
3410,0.2637342242019302,0.36080178173719374,1.0,1.3066666666666666,2
3420,0.24387527839643652,0.3184855233853007,1.0,1.3066666666666666,2
3430,0.24628804751299183,0.3207126948775056,1.0,1.3066666666666666,2
3440,0.24703043801039345,0.3207126948775056,1.0,1.3066666666666666,2
3450,0.24536005939123978,0.31625835189309576,1.0,1.3066666666666666,2
3460,0.2726429101707498,0.35412026726057905,1.0,1.3066666666666666,2
3470,0.28006681514476617,0.3585746102449889,1.0,1.3066666666666666,2
3480,0.2793244246473645,0.3585746102449889,1.0,1.3066666666666666,2
3490,0.2806236080178174,0.35412026726057905,1.0,1.3066666666666666,2
3500,0.28247958426132147,0.3585746102449889,1.0,1.3066666666666666,2
3510,0.3127319970304381,0.43207126948775054,1.0,1.3066666666666666,2
3520,0.27375649591685225,0.3585746102449889,1.0,1.3066666666666666,2
3530,0.274127691165553,0.36302895322939865,1.0,1.3066666666666666,2
3540,0.2741276911655531,0.36080178173719374,1.0,1.3066666666666666,2
3550,0.26744617668893833,0.34743875278396436,1.0,1.3066666666666666,2
3560,0.25965107646622126,0.32293986636971045,1.0,1.3066666666666666,2
3570,0.2657757980697847,0.3363028953229399,1.0,1.3066666666666666,2
3580,0.2767260579064588,0.36525612472160357,1.0,1.3066666666666666,2
3590,0.2841499628804751,0.38084632516703787,1.0,1.3066666666666666,2
3600,0.278210838901262,0.37193763919821826,1.0,1.3066666666666666,2
3610,0.2733853006681514,0.36302895322939865,1.0,1.3066666666666666,2
3620,0.27319970304380103,0.3674832962138085,1.0,1.3066666666666666,2
3630,0.31050482553823316,0.40979955456570155,1.0,1.3066666666666666,2
3640,0.3110616184112844,0.4209354120267261,1.0,1.3066666666666666,2
3650,0.311804008908686,0.42761692650334077,1.0,1.3066666666666666,2
3660,0.3298069784706755,0.46993318485523383,1.0,1.3066666666666666,2
3670,0.3307349665924276,0.47216035634743875,1.0,1.3066666666666666,2
3680,0.28210838901262064,0.3897550111358575,1.0,1.3066666666666666,2
3690,0.29194506310319224,0.42316258351893093,1.0,1.3066666666666666,2
3700,0.29194506310319224,0.4298440979955457,1.0,1.3066666666666666,2
3710,0.29157386785449146,0.42761692650334077,1.0,1.3066666666666666,2
3720,0.29305864884929467,0.43207126948775054,1.0,1.3066666666666666,2
3730,0.29250185597624345,0.4298440979955457,1.0,1.3066666666666666,2
3740,0.28674832962138086,0.41648106904231624,1.0,1.3066666666666666,2
3750,0.29342984409799555,0.42316258351893093,1.0,1.3066666666666666,2
3760,0.29472902746844837,0.42538975501113585,1.0,1.3066666666666666,2
3770,0.2984409799554566,0.43207126948775054,1.0,1.3066666666666666,2
3780,0.3010393466963623,0.4365256124721604,1.0,1.3066666666666666,2
3790,0.30957683741648107,0.44988864142538976,1.0,1.3066666666666666,2
3800,0.30902004454342985,0.44988864142538976,1.0,1.3066666666666666,2
3810,0.30549368968077206,0.43875278396436523,1.0,1.3066666666666666,2
3820,0.2962138084632517,0.4142538975501114,1.0,1.3066666666666666,2
3830,0.29175946547884185,0.40757238307349664,1.0,1.3066666666666666,2
3840,0.291388270230141,0.4053452115812918,1.0,1.3066666666666666,2
3850,0.2839643652561247,0.3897550111358575,1.0,1.3066666666666666,2
3860,0.28470675575352633,0.3897550111358575,1.0,1.3066666666666666,2
3870,0.2845211581291759,0.38530066815144765,1.0,1.3066666666666666,2
3880,0.28619153674832964,0.38752783964365256,1.0,1.3066666666666666,2
3890,0.28396436525612473,0.3897550111358575,1.0,1.3066666666666666,2
3900,0.28396436525612473,0.3897550111358575,1.0,1.3066666666666666,2
3910,0.27765404602821087,0.37639198218262804,1.0,1.3066666666666666,2
3920,0.2819227913882702,0.37861915367483295,1.0,1.3066666666666666,2
3930,0.2865627319970304,0.3830734966592428,1.0,1.3066666666666666,2
3940,0.296399406087602,0.40089086859688194,1.0,1.3066666666666666,2
3950,0.2949146250927988,0.3986636971046771,1.0,1.3066666666666666,2
3960,0.2978841870824053,0.3986636971046771,1.0,1.3066666666666666,2
3970,0.3040089086859688,0.40757238307349664,1.0,1.3066666666666666,2
3980,0.3234966592427617,0.46770601336302897,1.0,1.3066666666666666,2
3990,0.32516703786191536,0.46993318485523383,1.0,1.3066666666666666,2
4000,0.31217520415738675,0.42538975501113585,1.0,1.3066666666666666,2
4010,0.3106904231625835,0.42316258351893093,1.0,1.3066666666666666,2
4020,0.3040089086859688,0.4053452115812918,1.0,1.3066666666666666,2
4030,0.3056792873051225,0.4053452115812918,1.0,1.3066666666666666,2
4040,0.303637713437268,0.40089086859688194,1.0,1.3066666666666666,2
4050,0.30270972531551593,0.3986636971046771,1.0,1.3066666666666666,2
4060,0.29862657757980693,0.3897550111358575,1.0,1.3066666666666666,2
4070,0.2923162583518931,0.37861915367483295,1.0,1.3066666666666666,2
4080,0.28637713437268,0.3674832962138085,1.0,1.3066666666666666,2
4090,0.2865627319970304,0.37193763919821826,1.0,1.3066666666666666,2
4100,0.2897178916109873,0.37861915367483295,1.0,1.3066666666666666,2
4110,0.2932442464736451,0.38530066815144765,1.0,1.3066666666666666,2
4120,0.29435783221974754,0.38752783964365256,1.0,1.3066666666666666,2
4130,0.2910170749814402,0.38530066815144765,1.0,1.3066666666666666,2
4140,0.29250185597624345,0.3897550111358575,1.0,1.3066666666666666,2
4150,0.29175946547884185,0.3897550111358575,1.0,1.3066666666666666,2
4160,0.31867112100965106,0.45434298440979953,1.0,1.3066666666666666,2
4170,0.31495916852264294,0.4521158129175947,1.0,1.3066666666666666,2
4180,0.27691165553080915,0.38084632516703787,1.0,1.3066666666666666,2
4190,0.27876763177431324,0.3830734966592428,1.0,1.3066666666666666,2
4200,0.27728285077951,0.38084632516703787,1.0,1.3066666666666666,2
4210,0.2769116555308092,0.37861915367483295,1.0,1.3066666666666666,2
4220,0.2776540460282108,0.38084632516703787,1.0,1.3066666666666666,2
4230,0.27913882702301407,0.3830734966592428,1.0,1.3066666666666666,2
4240,0.28359317000742384,0.39198218262806234,1.0,1.3066666666666666,2
4250,0.28582034149962876,0.39198218262806234,1.0,1.3066666666666666,2
4260,0.28582034149962876,0.3897550111358575,1.0,1.3066666666666666,2
4270,0.28878990348923533,0.39643652561247217,1.0,1.3066666666666666,2
4280,0.2910170749814403,0.3986636971046771,1.0,1.3066666666666666,2
4290,0.2887899034892354,0.39198218262806234,1.0,1.3066666666666666,2
4300,0.29083147735708986,0.39643652561247217,1.0,1.3066666666666666,2
4310,0.2923162583518931,0.39643652561247217,1.0,1.3066666666666666,2
4320,0.2938010393466964,0.40089086859688194,1.0,1.3066666666666666,2
4330,0.28526354862657755,0.38752783964365256,1.0,1.3066666666666666,2
4340,0.2889755011135857,0.39198218262806234,1.0,1.3066666666666666,2
4350,0.28637713437268003,0.38752783964365256,1.0,1.3066666666666666,2
4360,0.28637713437268,0.38752783964365256,1.0,1.3066666666666666,2
4370,0.28767631774313285,0.38752783964365256,1.0,1.3066666666666666,2
4380,0.29955456570155903,0.3986636971046771,1.0,1.3066666666666666,2
4390,0.3014105419450631,0.4053452115812918,1.0,1.3066666666666666,2
4400,0.30326651818856715,0.40979955456570155,1.0,1.3066666666666666,2
4410,0.3015961395694135,0.4053452115812918,1.0,1.3066666666666666,2
4420,0.3040089086859688,0.41202672605790647,1.0,1.3066666666666666,2
4430,0.30011135857461024,0.4053452115812918,1.0,1.3066666666666666,2
4440,0.30270972531551593,0.4053452115812918,1.0,1.3066666666666666,2
4450,0.30679287305122493,0.41202672605790647,1.0,1.3066666666666666,2
4460,0.2882331106161841,0.38084632516703787,1.0,1.3066666666666666,2
4470,0.2923162583518931,0.3830734966592428,1.0,1.3066666666666666,2
4480,0.2800668151447661,0.3674832962138085,1.0,1.3066666666666666,2
4490,0.2709725315515962,0.35412026726057905,1.0,1.3066666666666666,2
0,0.3192279138827023,0.47216035634743875,1.0,1.3488888888888888,3
10,0.33259094283593166,0.47438752783964366,1.0,1.3488888888888888,3
20,0.3314773570898292,0.46993318485523383,1.0,1.3488888888888888,3
30,0.33314773570898293,0.47216035634743875,1.0,1.3488888888888888,3
40,0.33296213808463254,0.46993318485523383,1.0,1.3488888888888888,3
50,0.3374164810690423,0.47884187082405344,1.0,1.3488888888888888,3
60,0.3455827765404603,0.49888641425389757,1.0,1.3488888888888888,3
70,0.3463251670378619,0.5011135857461024,1.0,1.3488888888888888,3
80,0.3429844097995546,0.49665924276169265,1.0,1.3488888888888888,3
90,0.34521158129175944,0.49665924276169265,1.0,1.3488888888888888,3
100,0.3435412026726058,0.49443207126948774,1.0,1.3488888888888888,3
110,0.27561247216035634,0.40979955456570155,1.0,1.3488888888888888,3
120,0.27598366740905717,0.4053452115812918,1.0,1.3488888888888888,3
130,0.28229398663697103,0.41648106904231624,1.0,1.3488888888888888,3
140,0.2828507795100223,0.41870824053452116,1.0,1.3488888888888888,3
150,0.28229398663697103,0.41870824053452116,1.0,1.3488888888888888,3
160,0.280438010393467,0.4142538975501114,1.0,1.3488888888888888,3
170,0.2828507795100223,0.42316258351893093,1.0,1.3488888888888888,3
180,0.2798812175204157,0.41870824053452116,1.0,1.3488888888888888,3
190,0.2774684484038604,0.41648106904231624,1.0,1.3488888888888888,3
200,0.27802524127691164,0.4142538975501114,1.0,1.3488888888888888,3
210,0.3290645879732739,0.48329621380846327,1.0,1.3488888888888888,3
220,0.33407572383073497,0.48997772828507796,1.0,1.3488888888888888,3
230,0.3298069784706755,0.48775055679287305,1.0,1.3488888888888888,3
240,0.3333333333333333,0.49443207126948774,1.0,1.3488888888888888,3
250,0.33036377134372674,0.4922048997772829,1.0,1.3488888888888888,3
260,0.3311061618411284,0.49443207126948774,1.0,1.3488888888888888,3
270,0.32776540460282105,0.48329621380846327,1.0,1.3488888888888888,3
280,0.3286933927245731,0.48329621380846327,1.0,1.3488888888888888,3
290,0.33092056421677796,0.48997772828507796,1.0,1.3488888888888888,3
300,0.3292501855976243,0.48775055679287305,1.0,1.3488888888888888,3
310,0.33036377134372674,0.48997772828507796,1.0,1.3488888888888888,3
320,0.31031922791388267,0.4610244988864143,1.0,1.3488888888888888,3
330,0.3175575352635486,0.47216035634743875,1.0,1.3488888888888888,3
340,0.3266518188567186,0.49888641425389757,1.0,1.3488888888888888,3
350,0.3233110616184113,0.4922048997772829,1.0,1.3488888888888888,3
360,0.3207126948775055,0.48775055679287305,1.0,1.3488888888888888,3
370,0.3192279138827023,0.48329621380846327,1.0,1.3488888888888888,3
380,0.3207126948775056,0.48552338530066813,1.0,1.3488888888888888,3
390,0.3207126948775056,0.47438752783964366,1.0,1.3488888888888888,3
400,0.317743132887899,0.47216035634743875,1.0,1.3488888888888888,3
410,0.3221974758723088,0.47438752783964366,1.0,1.3488888888888888,3
420,0.3264662212323682,0.48329621380846327,1.0,1.3488888888888888,3
430,0.32479584261321454,0.48106904231625836,1.0,1.3488888888888888,3
440,0.32553823311061614,0.47216035634743875,1.0,1.3488888888888888,3
450,0.3353749072011878,0.48552338530066813,1.0,1.3488888888888888,3
460,0.3389012620638456,0.48997772828507796,1.0,1.3488888888888888,3
470,0.3363028953229398,0.48552338530066813,1.0,1.3488888888888888,3
480,0.28619153674832964,0.40979955456570155,1.0,1.3488888888888888,3
490,0.2598366740905716,0.3429844097995546,1.0,1.3488888888888888,3
500,0.2501855976243504,0.32962138084632514,1.0,1.3488888888888888,3
510,0.24164810690423164,0.31403118040089084,1.0,1.3488888888888888,3
520,0.2440608760207869,0.3207126948775056,1.0,1.3488888888888888,3
530,0.2518559762435041,0.33184855233853006,1.0,1.3488888888888888,3
540,0.2537119524870081,0.32962138084632514,1.0,1.3488888888888888,3
550,0.25352635486265773,0.32516703786191536,1.0,1.3488888888888888,3
560,0.25408314773570895,0.32516703786191536,1.0,1.3488888888888888,3
570,0.2516703786191537,0.3207126948775056,1.0,1.3488888888888888,3
580,0.24276169265033404,0.311804008908686,1.0,1.3488888888888888,3
590,0.25798069784706756,0.34743875278396436,1.0,1.3488888888888888,3
600,0.2602078693392724,0.3518930957683742,1.0,1.3488888888888888,3
610,0.2598366740905716,0.34743875278396436,1.0,1.3488888888888888,3
620,0.25816629547141795,0.34521158129175944,1.0,1.3488888888888888,3
630,0.27858203414996285,0.37861915367483295,1.0,1.3488888888888888,3
640,0.2702301410541945,0.36525612472160357,1.0,1.3488888888888888,3
650,0.27208611729769855,0.36302895322939865,1.0,1.3488888888888888,3
660,0.2765404602821084,0.3741648106904232,1.0,1.3488888888888888,3
670,0.2767260579064588,0.3741648106904232,1.0,1.3488888888888888,3
680,0.2757980697847067,0.3741648106904232,1.0,1.3488888888888888,3
690,0.2770972531551596,0.37639198218262804,1.0,1.3488888888888888,3
700,0.2770972531551596,0.37639198218262804,1.0,1.3488888888888888,3
710,0.27858203414996285,0.37639198218262804,1.0,1.3488888888888888,3
720,0.28229398663697103,0.38084632516703787,1.0,1.3488888888888888,3
730,0.2806236080178174,0.37639198218262804,1.0,1.3488888888888888,3
740,0.28247958426132147,0.38530066815144765,1.0,1.3488888888888888,3
750,0.28637713437268,0.39198218262806234,1.0,1.3488888888888888,3
760,0.28210838901262064,0.38530066815144765,1.0,1.3488888888888888,3
770,0.3071640682999258,0.4142538975501114,1.0,1.3488888888888888,3
780,0.3043801039346697,0.40757238307349664,1.0,1.3488888888888888,3
790,0.3119896065330364,0.42761692650334077,1.0,1.3488888888888888,3
800,0.31867112100965106,0.43875278396436523,1.0,1.3488888888888888,3
810,0.31941351150705277,0.44097995545657015,1.0,1.3488888888888888,3
820,0.32461024498886415,0.45434298440979953,1.0,1.3488888888888888,3
830,0.32461024498886415,0.45434298440979953,1.0,1.3488888888888888,3
840,0.3286933927245731,0.46325167037861914,1.0,1.3488888888888888,3
850,0.3285077951002227,0.46547884187082406,1.0,1.3488888888888888,3
860,0.3253526354862658,0.45879732739420936,1.0,1.3488888888888888,3
870,0.32553823311061625,0.4610244988864143,1.0,1.3488888888888888,3
880,0.3207126948775056,0.45434298440979953,1.0,1.3488888888888888,3
890,0.31978470675575354,0.4610244988864143,1.0,1.3488888888888888,3
900,0.30716406829992576,0.44543429844098,1.0,1.3488888888888888,3
910,0.3069784706755753,0.44320712694877507,1.0,1.3488888888888888,3
920,0.3069784706755753,0.44320712694877507,1.0,1.3488888888888888,3
930,0.31031922791388267,0.44988864142538976,1.0,1.3488888888888888,3
940,0.31124721603563477,0.4521158129175947,1.0,1.3488888888888888,3
950,0.3207126948775056,0.46770601336302897,1.0,1.3488888888888888,3
960,0.31533036377134366,0.4610244988864143,1.0,1.3488888888888888,3
970,0.2930586488492947,0.42761692650334077,1.0,1.3488888888888888,3
980,0.29398663697104677,0.43429844097995546,1.0,1.3488888888888888,3
990,0.29194506310319224,0.4298440979955457,1.0,1.3488888888888888,3
1000,0.30308092056421676,0.44320712694877507,1.0,1.3488888888888888,3
1010,0.29565701559020047,0.43207126948775054,1.0,1.3488888888888888,3
1020,0.2969561989606533,0.4365256124721604,1.0,1.3488888888888888,3
1030,0.2839643652561247,0.4053452115812918,1.0,1.3488888888888888,3
1040,0.28470675575352633,0.40979955456570155,1.0,1.3488888888888888,3
1050,0.3025241276911655,0.43207126948775054,1.0,1.3488888888888888,3
1060,0.30141054194506306,0.4298440979955457,1.0,1.3488888888888888,3
1070,0.3051224944320713,0.4365256124721604,1.0,1.3488888888888888,3
1080,0.307720861172977,0.43875278396436523,1.0,1.3488888888888888,3
1090,0.307720861172977,0.43875278396436523,1.0,1.3488888888888888,3
1100,0.30753526354862654,0.43875278396436523,1.0,1.3488888888888888,3
1110,0.3053080920564216,0.43429844097995546,1.0,1.3488888888888888,3
1120,0.2993689680772086,0.42761692650334077,1.0,1.3488888888888888,3
1130,0.3019673348181143,0.4298440979955457,1.0,1.3488888888888888,3
1140,0.3041945063103192,0.43429844097995546,1.0,1.3488888888888888,3
1150,0.30493689680772085,0.43429844097995546,1.0,1.3488888888888888,3
1160,0.3049368968077209,0.4365256124721604,1.0,1.3488888888888888,3
1170,0.3056792873051225,0.4365256124721604,1.0,1.3488888888888888,3
1180,0.30456570155902,0.43429844097995546,1.0,1.3488888888888888,3
1190,0.3075352635486266,0.43429844097995546,1.0,1.3488888888888888,3
1200,0.3092056421677803,0.4365256124721604,1.0,1.3488888888888888,3
1210,0.30772086117297703,0.43429844097995546,1.0,1.3488888888888888,3
1220,0.31254639940608764,0.44097995545657015,1.0,1.3488888888888888,3
1230,0.3069784706755754,0.43875278396436523,1.0,1.3488888888888888,3
1240,0.30864884929472897,0.44320712694877507,1.0,1.3488888888888888,3
1250,0.3082776540460282,0.44320712694877507,1.0,1.3488888888888888,3
1260,0.3082776540460282,0.44543429844098,1.0,1.3488888888888888,3
1270,0.30549368968077206,0.43875278396436523,1.0,1.3488888888888888,3
1280,0.30196733481811433,0.4298440979955457,1.0,1.3488888888888888,3
1290,0.29862657757980693,0.42538975501113585,1.0,1.3488888888888888,3
1300,0.3040089086859688,0.42761692650334077,1.0,1.3488888888888888,3
1310,0.29510022271714914,0.41648106904231624,1.0,1.3488888888888888,3
1320,0.2978841870824053,0.42761692650334077,1.0,1.3488888888888888,3
1330,0.2900890868596882,0.4142538975501114,1.0,1.3488888888888888,3
1340,0.2884187082405345,0.40979955456570155,1.0,1.3488888888888888,3
1350,0.28507795100222716,0.4053452115812918,1.0,1.3488888888888888,3
1360,0.2860059391239792,0.40311804008908686,1.0,1.3488888888888888,3
1370,0.291388270230141,0.4209354120267261,1.0,1.3488888888888888,3
1380,0.2899034892353378,0.41870824053452116,1.0,1.3488888888888888,3
1390,0.2958426132145508,0.42761692650334077,1.0,1.3488888888888888,3
1400,0.291388270230141,0.4209354120267261,1.0,1.3488888888888888,3
1410,0.29472902746844837,0.4298440979955457,1.0,1.3488888888888888,3
1420,0.2867483296213808,0.4142538975501114,1.0,1.3488888888888888,3
1430,0.285449146250928,0.40757238307349664,1.0,1.3488888888888888,3
1440,0.28099480326651816,0.40089086859688194,1.0,1.3488888888888888,3
1450,0.2886043058648849,0.40979955456570155,1.0,1.3488888888888888,3
1460,0.28322197475872307,0.40311804008908686,1.0,1.3488888888888888,3
1470,0.2878619153674833,0.40979955456570155,1.0,1.3488888888888888,3
1480,0.2951002227171492,0.42538975501113585,1.0,1.3488888888888888,3
1490,0.29528582034149964,0.4209354120267261,1.0,1.3488888888888888,3
1500,0.297698589458055,0.42761692650334077,1.0,1.3488888888888888,3
1510,0.28452115812917594,0.41648106904231624,1.0,1.3488888888888888,3
1520,0.28711952487008163,0.41870824053452116,1.0,1.3488888888888888,3
1530,0.29472902746844837,0.44988864142538976,1.0,1.3488888888888888,3
1540,0.29287305122494434,0.44543429844098,1.0,1.3488888888888888,3
1550,0.2951002227171492,0.44543429844098,1.0,1.3488888888888888,3
1560,0.3010393466963623,0.45657015590200445,1.0,1.3488888888888888,3
1570,0.3123608017817372,0.47438752783964366,1.0,1.3488888888888888,3
1580,0.3069784706755753,0.4610244988864143,1.0,1.3488888888888888,3
1590,0.31087602078693394,0.46325167037861914,1.0,1.3488888888888888,3
1600,0.3093912397921306,0.44320712694877507,1.0,1.3488888888888888,3
1610,0.3110616184112843,0.44543429844098,1.0,1.3488888888888888,3
1620,0.31588715664439493,0.4521158129175947,1.0,1.3488888888888888,3
1630,0.31941351150705277,0.45879732739420936,1.0,1.3488888888888888,3
1640,0.3286933927245731,0.46770601336302897,1.0,1.3488888888888888,3
1650,0.3184855233853006,0.44766146993318484,1.0,1.3488888888888888,3
1660,0.3134743875278396,0.4365256124721604,1.0,1.3488888888888888,3
1670,0.3108760207869339,0.43429844097995546,1.0,1.3488888888888888,3
1680,0.30475129918337046,0.42316258351893093,1.0,1.3488888888888888,3
1690,0.29862657757980693,0.4053452115812918,1.0,1.3488888888888888,3
1700,0.30196733481811433,0.41202672605790647,1.0,1.3488888888888888,3
1710,0.3040089086859688,0.4142538975501114,1.0,1.3488888888888888,3
1720,0.31551596139569416,0.44320712694877507,1.0,1.3488888888888888,3
1730,0.291388270230141,0.40089086859688194,1.0,1.3488888888888888,3
1740,0.28934669636228655,0.39643652561247217,1.0,1.3488888888888888,3
1750,0.29547141796585,0.40979955456570155,1.0,1.3488888888888888,3
1760,0.2926874536005939,0.4053452115812918,1.0,1.3488888888888888,3
1770,0.2926874536005939,0.4053452115812918,1.0,1.3488888888888888,3
1780,0.291388270230141,0.40089086859688194,1.0,1.3488888888888888,3
1790,0.2858203414996288,0.39198218262806234,1.0,1.3488888888888888,3
1800,0.28674832962138086,0.39198218262806234,1.0,1.3488888888888888,3
1810,0.2795100222717149,0.3830734966592428,1.0,1.3488888888888888,3
1820,0.2869339272457312,0.39198218262806234,1.0,1.3488888888888888,3
1830,0.2837787676317743,0.38530066815144765,1.0,1.3488888888888888,3
1840,0.2683741648106904,0.36302895322939865,1.0,1.3488888888888888,3
1850,0.2639198218262806,0.35412026726057905,1.0,1.3488888888888888,3
1860,0.26169265033407574,0.3518930957683742,1.0,1.3488888888888888,3
1870,0.26057906458797325,0.3518930957683742,1.0,1.3488888888888888,3
1880,0.25798069784706756,0.34521158129175944,1.0,1.3488888888888888,3
1890,0.2572383073496659,0.34521158129175944,1.0,1.3488888888888888,3
1900,0.2602078693392724,0.3518930957683742,1.0,1.3488888888888888,3
1910,0.25408314773570895,0.3273942093541203,1.0,1.3488888888888888,3
1920,0.2537119524870081,0.32293986636971045,1.0,1.3488888888888888,3
1930,0.24034892353377874,0.2962138084632517,1.0,1.3488888888888888,3
1940,0.23960653303637713,0.29175946547884185,1.0,1.3488888888888888,3
1950,0.24183370452858202,0.2962138084632517,1.0,1.3488888888888888,3
1960,0.23942093541202672,0.29398663697104677,1.0,1.3488888888888888,3
1970,0.2410913140311804,0.2984409799554566,1.0,1.3488888888888888,3
1980,0.24536005939123978,0.3028953229398664,1.0,1.3488888888888888,3
1990,0.24183370452858202,0.29175946547884185,1.0,1.3488888888888888,3
2000,0.24239049740163324,0.29175946547884185,1.0,1.3488888888888888,3
2010,0.24870081662954713,0.30066815144766146,1.0,1.3488888888888888,3
2020,0.25,0.3028953229398664,1.0,1.3488888888888888,3
2030,0.2503711952487008,0.2984409799554566,1.0,1.3488888888888888,3
2040,0.25631031922791386,0.30734966592427615,1.0,1.3488888888888888,3
2050,0.28006681514476617,0.34966592427616927,1.0,1.3488888888888888,3
2060,0.26002227171492204,0.311804008908686,1.0,1.3488888888888888,3
2070,0.2620638455827765,0.31625835189309576,1.0,1.3488888888888888,3
2080,0.2657757980697847,0.3207126948775056,1.0,1.3488888888888888,3
2090,0.2789532293986637,0.34966592427616927,1.0,1.3488888888888888,3
2100,0.2798812175204157,0.35412026726057905,1.0,1.3488888888888888,3
2110,0.2798812175204157,0.35412026726057905,1.0,1.3488888888888888,3
2120,0.278210838901262,0.35634743875278396,1.0,1.3488888888888888,3
2130,0.278210838901262,0.35634743875278396,1.0,1.3488888888888888,3
2140,0.2767260579064588,0.3518930957683742,1.0,1.3488888888888888,3
2150,0.27969561989606534,0.35634743875278396,1.0,1.3488888888888888,3
2160,0.28043801039346694,0.35634743875278396,1.0,1.3488888888888888,3
2170,0.280438010393467,0.34966592427616927,1.0,1.3488888888888888,3
2180,0.2769116555308092,0.34966592427616927,1.0,1.3488888888888888,3
2190,0.2702301410541945,0.34075723830734966,1.0,1.3488888888888888,3
2200,0.27152932442464733,0.34743875278396436,1.0,1.3488888888888888,3
2210,0.2687453600593912,0.34521158129175944,1.0,1.3488888888888888,3
2220,0.26967334818114325,0.34521158129175944,1.0,1.3488888888888888,3
2230,0.26948775055679286,0.34743875278396436,1.0,1.3488888888888888,3
2240,0.26521900519673347,0.33853006681514475,1.0,1.3488888888888888,3
2250,0.2620638455827765,0.33407572383073497,1.0,1.3488888888888888,3
2260,0.26874536005939126,0.34743875278396436,1.0,1.3488888888888888,3
2270,0.2744988864142539,0.36302895322939865,1.0,1.3488888888888888,3
2280,0.2696733481811433,0.35412026726057905,1.0,1.3488888888888888,3
2290,0.26855976243504087,0.35412026726057905,1.0,1.3488888888888888,3
2300,0.26893095768374164,0.35634743875278396,1.0,1.3488888888888888,3
2310,0.27319970304380103,0.34966592427616927,1.0,1.3488888888888888,3
2320,0.26837416481069043,0.33853006681514475,1.0,1.3488888888888888,3
2330,0.28507795100222716,0.37639198218262804,1.0,1.3488888888888888,3
2340,0.2748700816629547,0.3674832962138085,1.0,1.3488888888888888,3
2350,0.27728285077951004,0.36971046770601335,1.0,1.3488888888888888,3
2360,0.2841499628804751,0.37861915367483295,1.0,1.3488888888888888,3
2370,0.2980697847067557,0.39643652561247217,1.0,1.3488888888888888,3
2380,0.2980697847067557,0.39643652561247217,1.0,1.3488888888888888,3
2390,0.2980697847067557,0.39420935412026725,1.0,1.3488888888888888,3
2400,0.29955456570155903,0.40089086859688194,1.0,1.3488888888888888,3
2410,0.29658500371195246,0.39420935412026725,1.0,1.3488888888888888,3
2420,0.30066815144766146,0.40089086859688194,1.0,1.3488888888888888,3
2430,0.29918337045285814,0.3986636971046771,1.0,1.3488888888888888,3
2440,0.30066815144766146,0.40089086859688194,1.0,1.3488888888888888,3
2450,0.3066072754268745,0.40979955456570155,1.0,1.3488888888888888,3
2460,0.3060504825538233,0.40757238307349664,1.0,1.3488888888888888,3
2470,0.3019673348181143,0.39643652561247217,1.0,1.3488888888888888,3
2480,0.3012249443207127,0.39643652561247217,1.0,1.3488888888888888,3
2490,0.30308092056421676,0.40089086859688194,1.0,1.3488888888888888,3
2500,0.30549368968077206,0.4053452115812918,1.0,1.3488888888888888,3
2510,0.28749072011878246,0.38530066815144765,1.0,1.3488888888888888,3
2520,0.28674832962138086,0.38752783964365256,1.0,1.3488888888888888,3
2530,0.28674832962138086,0.38752783964365256,1.0,1.3488888888888888,3
2540,0.281365998515219,0.37861915367483295,1.0,1.3488888888888888,3
2550,0.28247958426132147,0.37861915367483295,1.0,1.3488888888888888,3
2560,0.281365998515219,0.37639198218262804,1.0,1.3488888888888888,3
2570,0.2802524127691165,0.36971046770601335,1.0,1.3488888888888888,3
2580,0.28619153674832964,0.37861915367483295,1.0,1.3488888888888888,3
2590,0.2906458797327394,0.39198218262806234,1.0,1.3488888888888888,3
2600,0.2770972531551596,0.36971046770601335,1.0,1.3488888888888888,3
2610,0.2776540460282108,0.36971046770601335,1.0,1.3488888888888888,3
2620,0.2757980697847067,0.36302895322939865,1.0,1.3488888888888888,3
2630,0.27375649591685225,0.3585746102449889,1.0,1.3488888888888888,3
2640,0.27913882702301407,0.36525612472160357,1.0,1.3488888888888888,3
2650,0.27876763177431324,0.3674832962138085,1.0,1.3488888888888888,3
2660,0.2837787676317743,0.37861915367483295,1.0,1.3488888888888888,3
2670,0.2811804008908686,0.3741648106904232,1.0,1.3488888888888888,3
2680,0.2841499628804751,0.3741648106904232,1.0,1.3488888888888888,3
2690,0.2774684484038604,0.36080178173719374,1.0,1.3488888888888888,3
2700,0.2765404602821084,0.34743875278396436,1.0,1.3488888888888888,3
2710,0.30902004454342985,0.42316258351893093,1.0,1.3488888888888888,3
2720,0.30326651818856715,0.4142538975501114,1.0,1.3488888888888888,3
2730,0.3028953229398664,0.41202672605790647,1.0,1.3488888888888888,3
2740,0.3051224944320713,0.41648106904231624,1.0,1.3488888888888888,3
2750,0.30734966592427615,0.4209354120267261,1.0,1.3488888888888888,3
2760,0.30994803266518184,0.42761692650334077,1.0,1.3488888888888888,3
2770,0.3051224944320713,0.41870824053452116,1.0,1.3488888888888888,3
2780,0.30586488492947284,0.41870824053452116,1.0,1.3488888888888888,3
2790,0.3129175946547884,0.43875278396436523,1.0,1.3488888888888888,3
2800,0.31533036377134377,0.44097995545657015,1.0,1.3488888888888888,3
2810,0.31143281365998515,0.43429844097995546,1.0,1.3488888888888888,3
2820,0.3041945063103192,0.41202672605790647,1.0,1.3488888888888888,3
2830,0.3025241276911656,0.41202672605790647,1.0,1.3488888888888888,3
2840,0.3105048255382331,0.42761692650334077,1.0,1.3488888888888888,3
2850,0.311804008908686,0.4298440979955457,1.0,1.3488888888888888,3
2860,0.30753526354862654,0.4142538975501114,1.0,1.3488888888888888,3
2870,0.3101336302895323,0.4209354120267261,1.0,1.3488888888888888,3
2880,0.31533036377134377,0.4298440979955457,1.0,1.3488888888888888,3
2890,0.3220118782479584,0.43875278396436523,1.0,1.3488888888888888,3
2900,0.3220118782479584,0.4365256124721604,1.0,1.3488888888888888,3
2910,0.3220118782479584,0.4365256124721604,1.0,1.3488888888888888,3
2920,0.3281365998515219,0.44988864142538976,1.0,1.3488888888888888,3
2930,0.32145508537490725,0.44320712694877507,1.0,1.3488888888888888,3
2940,0.3205270972531552,0.44097995545657015,1.0,1.3488888888888888,3
2950,0.3184855233853007,0.43875278396436523,1.0,1.3488888888888888,3
2960,0.32331106161841133,0.44766146993318484,1.0,1.3488888888888888,3
2970,0.3275798069784706,0.4521158129175947,1.0,1.3488888888888888,3
2980,0.3257238307349666,0.44766146993318484,1.0,1.3488888888888888,3
2990,0.3275798069784706,0.44988864142538976,1.0,1.3488888888888888,3
3000,0.32479584261321454,0.44543429844098,1.0,1.3488888888888888,3
3010,0.3238678544914625,0.44543429844098,1.0,1.3488888888888888,3
3020,0.32479584261321454,0.44543429844098,1.0,1.3488888888888888,3
3030,0.3277654046028211,0.45879732739420936,1.0,1.3488888888888888,3
3040,0.32238307349665923,0.45434298440979953,1.0,1.3488888888888888,3
3050,0.3201559020044543,0.44988864142538976,1.0,1.3488888888888888,3
3060,0.31737193763919824,0.44543429844098,1.0,1.3488888888888888,3
3070,0.31829992576095023,0.44543429844098,1.0,1.3488888888888888,3
3080,0.31829992576095023,0.44097995545657015,1.0,1.3488888888888888,3
3090,0.31681514476614697,0.43875278396436523,1.0,1.3488888888888888,3
3100,0.3225686711210096,0.44988864142538976,1.0,1.3488888888888888,3
3110,0.32405345211581293,0.4521158129175947,1.0,1.3488888888888888,3
3120,0.324981440237565,0.45434298440979953,1.0,1.3488888888888888,3
3130,0.3262806236080178,0.45657015590200445,1.0,1.3488888888888888,3
3140,0.3262806236080178,0.45657015590200445,1.0,1.3488888888888888,3
3150,0.32776540460282105,0.45879732739420936,1.0,1.3488888888888888,3
3160,0.3195991091314031,0.44097995545657015,1.0,1.3488888888888888,3
3170,0.3131031922791388,0.4298440979955457,1.0,1.3488888888888888,3
3180,0.3132887899034893,0.4298440979955457,1.0,1.3488888888888888,3
3190,0.3105048255382331,0.42316258351893093,1.0,1.3488888888888888,3
3200,0.30994803266518184,0.41870824053452116,1.0,1.3488888888888888,3
3210,0.3101336302895323,0.4209354120267261,1.0,1.3488888888888888,3
3220,0.3210838901262064,0.44097995545657015,1.0,1.3488888888888888,3
3230,0.32145508537490725,0.44320712694877507,1.0,1.3488888888888888,3
3240,0.3233110616184113,0.44766146993318484,1.0,1.3488888888888888,3
3250,0.3298069784706755,0.4610244988864143,1.0,1.3488888888888888,3
3260,0.32312546399406084,0.4521158129175947,1.0,1.3488888888888888,3
3270,0.3220118782479584,0.4521158129175947,1.0,1.3488888888888888,3
3280,0.3234966592427617,0.45434298440979953,1.0,1.3488888888888888,3
3290,0.3301781737193764,0.46770601336302897,1.0,1.3488888888888888,3
3300,0.33296213808463254,0.47216035634743875,1.0,1.3488888888888888,3
3310,0.34335560504825535,0.5144766146993318,1.0,1.3488888888888888,3
3320,0.34521158129175944,0.5167037861915368,1.0,1.3488888888888888,3
3330,0.3478099480326652,0.5233853006681515,1.0,1.3488888888888888,3
3340,0.3363028953229399,0.5011135857461024,1.0,1.3488888888888888,3
3350,0.3363028953229399,0.5011135857461024,1.0,1.3488888888888888,3
3360,0.32962138084632514,0.48997772828507796,1.0,1.3488888888888888,3
3370,0.321826280623608,0.47438752783964366,1.0,1.3488888888888888,3
3380,0.32423904974016327,0.47884187082405344,1.0,1.3488888888888888,3
3390,0.3175575352635486,0.46547884187082406,1.0,1.3488888888888888,3
3400,0.31792873051224946,0.46547884187082406,1.0,1.3488888888888888,3
3410,0.3216406829992576,0.47216035634743875,1.0,1.3488888888888888,3
3420,0.32238307349665923,0.4766146993318486,1.0,1.3488888888888888,3
3430,0.3264662212323682,0.48552338530066813,1.0,1.3488888888888888,3
3440,0.3305493689680772,0.4922048997772829,1.0,1.3488888888888888,3
3450,0.32943578322197475,0.48997772828507796,1.0,1.3488888888888888,3
3460,0.32962138084632514,0.48997772828507796,1.0,1.3488888888888888,3
3470,0.32925018559762437,0.48775055679287305,1.0,1.3488888888888888,3
3480,0.3273942093541203,0.48552338530066813,1.0,1.3488888888888888,3
3490,0.2455456570155902,0.3363028953229399,1.0,1.3488888888888888,3
3500,0.23960653303637713,0.32516703786191536,1.0,1.3488888888888888,3
3510,0.24832962138084633,0.34521158129175944,1.0,1.3488888888888888,3
3520,0.24907201187824793,0.34521158129175944,1.0,1.3488888888888888,3
3530,0.2518559762435041,0.34743875278396436,1.0,1.3488888888888888,3
3540,0.25649591685226425,0.3585746102449889,1.0,1.3488888888888888,3
3550,0.25872308834446917,0.36080178173719374,1.0,1.3488888888888888,3
3560,0.24832962138084633,0.34521158129175944,1.0,1.3488888888888888,3
3570,0.24164810690423164,0.33407572383073497,1.0,1.3488888888888888,3
3580,0.2190051967334818,0.29175946547884185,1.0,1.3488888888888888,3
3590,0.22383073496659242,0.3028953229398664,1.0,1.3488888888888888,3
3600,0.22457312546399408,0.3051224944320713,1.0,1.3488888888888888,3
3610,0.2190051967334818,0.29398663697104677,1.0,1.3488888888888888,3
3620,0.22197475872308833,0.2962138084632517,1.0,1.3488888888888888,3
3630,0.22308834446919076,0.2984409799554566,1.0,1.3488888888888888,3
3640,0.22568671121009648,0.3051224944320713,1.0,1.3488888888888888,3
3650,0.22438752783964366,0.30066815144766146,1.0,1.3488888888888888,3
3660,0.2273570898292502,0.30734966592427615,1.0,1.3488888888888888,3
3670,0.22828507795100222,0.2962138084632517,1.0,1.3488888888888888,3
3680,0.22921306607275424,0.2984409799554566,1.0,1.3488888888888888,3
3690,0.24313288789903487,0.31625835189309576,1.0,1.3488888888888888,3
3700,0.25463994060876016,0.33853006681514475,1.0,1.3488888888888888,3
3710,0.25593912397921303,0.34075723830734966,1.0,1.3488888888888888,3
3720,0.2574239049740163,0.3429844097995546,1.0,1.3488888888888888,3
3730,0.2594654788418708,0.34966592427616927,1.0,1.3488888888888888,3
3740,0.2618782479584262,0.3518930957683742,1.0,1.3488888888888888,3
3750,0.2615070527097253,0.3518930957683742,1.0,1.3488888888888888,3
3760,0.26169265033407574,0.34966592427616927,1.0,1.3488888888888888,3
3770,0.2989977728285078,0.39643652561247217,1.0,1.3488888888888888,3
3780,0.30029695619896063,0.40089086859688194,1.0,1.3488888888888888,3
3790,0.30178173719376394,0.40311804008908686,1.0,1.3488888888888888,3
3800,0.29955456570155903,0.39643652561247217,1.0,1.3488888888888888,3
3810,0.2991833704528582,0.39643652561247217,1.0,1.3488888888888888,3
3820,0.2965850037119525,0.39643652561247217,1.0,1.3488888888888888,3
3830,0.302709725315516,0.3986636971046771,1.0,1.3488888888888888,3
3840,0.30957683741648107,0.4142538975501114,1.0,1.3488888888888888,3
3850,0.3106904231625835,0.41870824053452116,1.0,1.3488888888888888,3
3860,0.30493689680772085,0.40757238307349664,1.0,1.3488888888888888,3
3870,0.3105048255382331,0.41870824053452116,1.0,1.3488888888888888,3
3880,0.3062360801781737,0.4142538975501114,1.0,1.3488888888888888,3
3890,0.3129175946547884,0.43429844097995546,1.0,1.3488888888888888,3
3900,0.33203414996288044,0.47438752783964366,1.0,1.3488888888888888,3
3910,0.3307349665924276,0.47216035634743875,1.0,1.3488888888888888,3
3920,0.32702301410541945,0.46547884187082406,1.0,1.3488888888888888,3
3930,0.32646622123236824,0.46547884187082406,1.0,1.3488888888888888,3
3940,0.3227542687453601,0.4610244988864143,1.0,1.3488888888888888,3
3950,0.3234966592427617,0.46325167037861914,1.0,1.3488888888888888,3
3960,0.324981440237565,0.47216035634743875,1.0,1.3488888888888888,3
3970,0.30939123979213057,0.45657015590200445,1.0,1.3488888888888888,3
3980,0.3105048255382331,0.45657015590200445,1.0,1.3488888888888888,3
3990,0.3080920564216778,0.4521158129175947,1.0,1.3488888888888888,3
4000,0.3080920564216778,0.4521158129175947,1.0,1.3488888888888888,3
4010,0.3118040089086859,0.45879732739420936,1.0,1.3488888888888888,3
4020,0.30586488492947284,0.44543429844098,1.0,1.3488888888888888,3
4030,0.3069784706755753,0.44543429844098,1.0,1.3488888888888888,3
4040,0.30809205642167775,0.44766146993318484,1.0,1.3488888888888888,3
4050,0.29435783221974765,0.42316258351893093,1.0,1.3488888888888888,3
4060,0.29472902746844837,0.4209354120267261,1.0,1.3488888888888888,3
4070,0.3056792873051225,0.43429844097995546,1.0,1.3488888888888888,3
4080,0.30233853006681516,0.4298440979955457,1.0,1.3488888888888888,3
4090,0.3062360801781737,0.4365256124721604,1.0,1.3488888888888888,3
4100,0.3051224944320713,0.43207126948775054,1.0,1.3488888888888888,3
4110,0.3051224944320713,0.43207126948775054,1.0,1.3488888888888888,3
4120,0.3062360801781737,0.43429844097995546,1.0,1.3488888888888888,3
4130,0.3047512991833704,0.43207126948775054,1.0,1.3488888888888888,3
4140,0.30270972531551593,0.42761692650334077,1.0,1.3488888888888888,3
4150,0.30716406829992576,0.4365256124721604,1.0,1.3488888888888888,3
4160,0.31440237564959167,0.44097995545657015,1.0,1.3488888888888888,3
4170,0.3160727542687453,0.44543429844098,1.0,1.3488888888888888,3
4180,0.31737193763919824,0.44766146993318484,1.0,1.3488888888888888,3
4190,0.3149591685226429,0.44320712694877507,1.0,1.3488888888888888,3
4200,0.3190423162583519,0.4521158129175947,1.0,1.3488888888888888,3
4210,0.3181143281365999,0.44766146993318484,1.0,1.3488888888888888,3
4220,0.3260950259836674,0.4610244988864143,1.0,1.3488888888888888,3
4230,0.28674832962138086,0.42761692650334077,1.0,1.3488888888888888,3
4240,0.2706013363028953,0.3897550111358575,1.0,1.3488888888888888,3
4250,0.2706013363028953,0.38752783964365256,1.0,1.3488888888888888,3
4260,0.2661469933184855,0.38084632516703787,1.0,1.3488888888888888,3
4270,0.26447661469933187,0.3741648106904232,1.0,1.3488888888888888,3
4280,0.26559020044543424,0.36971046770601335,1.0,1.3488888888888888,3
4290,0.2652190051967334,0.36971046770601335,1.0,1.3488888888888888,3
4300,0.28099480326651816,0.3986636971046771,1.0,1.3488888888888888,3
4310,0.274127691165553,0.38752783964365256,1.0,1.3488888888888888,3
4320,0.26818856718634,0.37639198218262804,1.0,1.3488888888888888,3
4330,0.26447661469933187,0.36971046770601335,1.0,1.3488888888888888,3
4340,0.26540460282108386,0.36971046770601335,1.0,1.3488888888888888,3
4350,0.2657757980697847,0.36971046770601335,1.0,1.3488888888888888,3
4360,0.26354862657757977,0.3674832962138085,1.0,1.3488888888888888,3
4370,0.2650334075723831,0.3741648106904232,1.0,1.3488888888888888,3
4380,0.26132145508537485,0.3674832962138085,1.0,1.3488888888888888,3
4390,0.2642910170749814,0.37193763919821826,1.0,1.3488888888888888,3
4400,0.2626206384558277,0.37193763919821826,1.0,1.3488888888888888,3
4410,0.27115812917594656,0.3897550111358575,1.0,1.3488888888888888,3
4420,0.2704157386785449,0.36971046770601335,1.0,1.3488888888888888,3
4430,0.26521900519673347,0.36080178173719374,1.0,1.3488888888888888,3
4440,0.26169265033407574,0.3585746102449889,1.0,1.3488888888888888,3
4450,0.263177431328879,0.36080178173719374,1.0,1.3488888888888888,3
4460,0.26911655530809203,0.3741648106904232,1.0,1.3488888888888888,3
4470,0.27190051967334816,0.38530066815144765,1.0,1.3488888888888888,3
4480,0.2661469933184855,0.38530066815144765,1.0,1.3488888888888888,3
4490,0.26818856718634,0.38752783964365256,1.0,1.3488888888888888,3
0,0.3247958426132146,0.4766146993318486,1.0,1.34,4
10,0.3231254639940609,0.47216035634743875,1.0,1.34,4
20,0.3413140311804009,0.49665924276169265,1.0,1.34,4
30,0.3283221974758723,0.48106904231625836,1.0,1.34,4
40,0.3264662212323682,0.47438752783964366,1.0,1.34,4
50,0.3207126948775056,0.45879732739420936,1.0,1.34,4
60,0.3286933927245731,0.46993318485523383,1.0,1.34,4
70,0.3260950259836674,0.46770601336302897,1.0,1.34,4
80,0.3234966592427617,0.46325167037861914,1.0,1.34,4
90,0.31644394951744614,0.4521158129175947,1.0,1.34,4
100,0.31328878990348924,0.43875278396436523,1.0,1.34,4
110,0.3208982925018559,0.45434298440979953,1.0,1.34,4
120,0.3227542687453601,0.45879732739420936,1.0,1.34,4
130,0.32683741648106907,0.46325167037861914,1.0,1.34,4
140,0.31885671863400145,0.4521158129175947,1.0,1.34,4
150,0.3307349665924276,0.4766146993318486,1.0,1.34,4
160,0.3286933927245731,0.47216035634743875,1.0,1.34,4
170,0.32442464736451376,0.46770601336302897,1.0,1.34,4
180,0.32442464736451376,0.46993318485523383,1.0,1.34,4
190,0.3231254639940609,0.46993318485523383,1.0,1.34,4
200,0.31867112100965106,0.45879732739420936,1.0,1.34,4
210,0.31403118040089084,0.44988864142538976,1.0,1.34,4
220,0.31885671863400145,0.45879732739420936,1.0,1.34,4
230,0.3270230141054194,0.47438752783964366,1.0,1.34,4
240,0.3331477357089829,0.48997772828507796,1.0,1.34,4
250,0.3220118782479584,0.47216035634743875,1.0,1.34,4
260,0.3260950259836674,0.47438752783964366,1.0,1.34,4
270,0.3272086117297699,0.47216035634743875,1.0,1.34,4
280,0.3234966592427617,0.46547884187082406,1.0,1.34,4
290,0.3294357832219748,0.47438752783964366,1.0,1.34,4
300,0.3294357832219748,0.47438752783964366,1.0,1.34,4
310,0.32293986636971045,0.47216035634743875,1.0,1.34,4
320,0.32312546399406084,0.47216035634743875,1.0,1.34,4
330,0.31941351150705266,0.46547884187082406,1.0,1.34,4
340,0.3234966592427617,0.47216035634743875,1.0,1.34,4
350,0.33110616184112845,0.48775055679287305,1.0,1.34,4
360,0.3307349665924276,0.48775055679287305,1.0,1.34,4
370,0.32442464736451376,0.47884187082405344,1.0,1.34,4
380,0.31997030438010393,0.46993318485523383,1.0,1.34,4
390,0.321826280623608,0.47438752783964366,1.0,1.34,4
400,0.32312546399406084,0.47216035634743875,1.0,1.34,4
410,0.3294357832219748,0.4922048997772829,1.0,1.34,4
420,0.3311061618411284,0.49443207126948774,1.0,1.34,4
430,0.32832219747587227,0.48775055679287305,1.0,1.34,4
440,0.3314773570898292,0.49443207126948774,1.0,1.34,4
450,0.3205270972531552,0.47216035634743875,1.0,1.34,4
460,0.31328878990348924,0.45657015590200445,1.0,1.34,4
470,0.3164439495174462,0.46547884187082406,1.0,1.34,4
480,0.31737193763919824,0.46770601336302897,1.0,1.34,4
490,0.3192279138827023,0.46993318485523383,1.0,1.34,4
500,0.31792873051224946,0.46993318485523383,1.0,1.34,4
510,0.3186711210096511,0.47216035634743875,1.0,1.34,4
520,0.3129175946547884,0.45879732739420936,1.0,1.34,4
530,0.3197847067557535,0.4766146993318486,1.0,1.34,4
540,0.3234966592427617,0.48775055679287305,1.0,1.34,4
550,0.3192279138827023,0.47884187082405344,1.0,1.34,4
560,0.31774313288789907,0.4766146993318486,1.0,1.34,4
570,0.31792873051224946,0.47216035634743875,1.0,1.34,4
580,0.31365998515219,0.46770601336302897,1.0,1.34,4
590,0.3155159613956941,0.46993318485523383,1.0,1.34,4
600,0.3110616184112843,0.4610244988864143,1.0,1.34,4
610,0.3079064587973274,0.45657015590200445,1.0,1.34,4
620,0.29083147735708986,0.42761692650334077,1.0,1.34,4
630,0.3028953229398664,0.43429844097995546,1.0,1.34,4
640,0.29955456570155903,0.4209354120267261,1.0,1.34,4
650,0.3012249443207127,0.42316258351893093,1.0,1.34,4
660,0.3056792873051225,0.4298440979955457,1.0,1.34,4
670,0.30753526354862654,0.43429844097995546,1.0,1.34,4
680,0.30976243504083145,0.44320712694877507,1.0,1.34,4
690,0.3082776540460282,0.44320712694877507,1.0,1.34,4
700,0.317743132887899,0.4610244988864143,1.0,1.34,4
710,0.3316629547141797,0.48106904231625836,1.0,1.34,4
720,0.33407572383073497,0.4922048997772829,1.0,1.34,4
730,0.33259094283593166,0.48997772828507796,1.0,1.34,4
740,0.33389012620638453,0.48997772828507796,1.0,1.34,4
750,0.33351893095768376,0.48552338530066813,1.0,1.34,4
760,0.3394580549368968,0.49443207126948774,1.0,1.34,4
770,0.33834446919079436,0.49443207126948774,1.0,1.34,4
780,0.34075723830734966,0.49888641425389757,1.0,1.34,4
790,0.3279510022271715,0.48106904231625836,1.0,1.34,4
800,0.32720861172976984,0.47884187082405344,1.0,1.34,4
810,0.3353749072011878,0.4922048997772829,1.0,1.34,4
820,0.2841499628804751,0.41202672605790647,1.0,1.34,4
830,0.28674832962138086,0.41648106904231624,1.0,1.34,4
840,0.2887899034892354,0.41648106904231624,1.0,1.34,4
850,0.28637713437268,0.4142538975501114,1.0,1.34,4
860,0.2741276911655531,0.39198218262806234,1.0,1.34,4
870,0.27728285077951004,0.39643652561247217,1.0,1.34,4
880,0.2754268745360059,0.39643652561247217,1.0,1.34,4
890,0.27561247216035634,0.3986636971046771,1.0,1.34,4
900,0.2748700816629547,0.40089086859688194,1.0,1.34,4
910,0.27561247216035634,0.40089086859688194,1.0,1.34,4
920,0.2741276911655531,0.39643652561247217,1.0,1.34,4
930,0.27357089829250186,0.3986636971046771,1.0,1.34,4
940,0.2746844840386043,0.39420935412026725,1.0,1.34,4
950,0.27598366740905717,0.39643652561247217,1.0,1.34,4
960,0.27561247216035634,0.39420935412026725,1.0,1.34,4
970,0.27375649591685225,0.3897550111358575,1.0,1.34,4
980,0.27431328878990346,0.3897550111358575,1.0,1.34,4
990,0.27969561989606534,0.40089086859688194,1.0,1.34,4
1000,0.2876763177431329,0.4053452115812918,1.0,1.34,4
1010,0.276354862657758,0.38752783964365256,1.0,1.34,4
1020,0.2674461766889384,0.39198218262806234,1.0,1.34,4
1030,0.26299183370452855,0.37861915367483295,1.0,1.34,4
1040,0.26688938381588717,0.38530066815144765,1.0,1.34,4
1050,0.27208611729769855,0.37639198218262804,1.0,1.34,4
1060,0.267260579064588,0.3674832962138085,1.0,1.34,4
1070,0.2663325909428359,0.36525612472160357,1.0,1.34,4
1080,0.26187824795842607,0.36971046770601335,1.0,1.34,4
1090,0.26670378619153673,0.38084632516703787,1.0,1.34,4
1100,0.2678173719376392,0.38530066815144765,1.0,1.34,4
1110,0.28043801039346694,0.40089086859688194,1.0,1.34,4
1120,0.2793244246473645,0.3986636971046771,1.0,1.34,4
1130,0.26726057906458794,0.37861915367483295,1.0,1.34,4
1140,0.2620638455827765,0.3674832962138085,1.0,1.34,4
1150,0.2709725315515961,0.38084632516703787,1.0,1.34,4
1160,0.27208611729769855,0.3830734966592428,1.0,1.34,4
1170,0.27672605790645877,0.39420935412026725,1.0,1.34,4
1180,0.27616926503340755,0.3986636971046771,1.0,1.34,4
1190,0.2824795842613214,0.40311804008908686,1.0,1.34,4
1200,0.2848923533778767,0.40757238307349664,1.0,1.34,4
1210,0.29268745360059395,0.4142538975501114,1.0,1.34,4
1220,0.2835931700074239,0.3986636971046771,1.0,1.34,4
1230,0.28322197475872307,0.3986636971046771,1.0,1.34,4
1240,0.31625835189309576,0.44543429844098,1.0,1.34,4
1250,0.3012249443207127,0.4209354120267261,1.0,1.34,4
1260,0.2765404602821084,0.38084632516703787,1.0,1.34,4
1270,0.27375649591685225,0.37639198218262804,1.0,1.34,4
1280,0.2674461766889384,0.36525612472160357,1.0,1.34,4
1290,0.2661469933184855,0.3585746102449889,1.0,1.34,4
1300,0.2702301410541945,0.36525612472160357,1.0,1.34,4
1310,0.2698589458054937,0.35634743875278396,1.0,1.34,4
1320,0.26948775055679286,0.3518930957683742,1.0,1.34,4
1330,0.2707869339272457,0.35412026726057905,1.0,1.34,4
1340,0.2707869339272457,0.35412026726057905,1.0,1.34,4
1350,0.2707869339272457,0.35634743875278396,1.0,1.34,4
1360,0.2726429101707498,0.36302895322939865,1.0,1.34,4
1370,0.2726429101707498,0.36302895322939865,1.0,1.34,4
1380,0.275426874536006,0.3674832962138085,1.0,1.34,4
1390,0.2847067557535264,0.3830734966592428,1.0,1.34,4
1400,0.3062360801781737,0.41202672605790647,1.0,1.34,4
1410,0.2971417965850038,0.40089086859688194,1.0,1.34,4
1420,0.29714179658500367,0.40089086859688194,1.0,1.34,4
1430,0.29936896807720864,0.40089086859688194,1.0,1.34,4
1440,0.29974016332590947,0.40979955456570155,1.0,1.34,4
1450,0.296399406087602,0.40089086859688194,1.0,1.34,4
1460,0.2984409799554566,0.4053452115812918,1.0,1.34,4
1470,0.29157386785449146,0.39420935412026725,1.0,1.34,4
1480,0.28396436525612473,0.37861915367483295,1.0,1.34,4
1490,0.28099480326651816,0.3741648106904232,1.0,1.34,4
1500,0.2834075723830735,0.37861915367483295,1.0,1.34,4
1510,0.2806236080178174,0.3741648106904232,1.0,1.34,4
1520,0.2793244246473645,0.3741648106904232,1.0,1.34,4
1530,0.2828507795100223,0.3830734966592428,1.0,1.34,4
1540,0.285449146250928,0.3741648106904232,1.0,1.34,4
1550,0.2897178916109874,0.38530066815144765,1.0,1.34,4
1560,0.2910170749814402,0.38752783964365256,1.0,1.34,4
1570,0.28804751299183373,0.3830734966592428,1.0,1.34,4
1580,0.27375649591685225,0.36080178173719374,1.0,1.34,4
1590,0.27375649591685225,0.36302895322939865,1.0,1.34,4
1600,0.2750556792873051,0.36525612472160357,1.0,1.34,4
1610,0.27487008166295473,0.36302895322939865,1.0,1.34,4
1620,0.27190051967334816,0.35634743875278396,1.0,1.34,4
1630,0.27616926503340755,0.3585746102449889,1.0,1.34,4
1640,0.2752412769116555,0.35634743875278396,1.0,1.34,4
1650,0.26466221232368226,0.34075723830734966,1.0,1.34,4
1660,0.26707498144023756,0.33184855233853006,1.0,1.34,4
1670,0.272271714922049,0.36080178173719374,1.0,1.34,4
1680,0.2680029695619896,0.3518930957683742,1.0,1.34,4
1690,0.2717149220489978,0.35634743875278396,1.0,1.34,4
1700,0.276354862657758,0.3674832962138085,1.0,1.34,4
1710,0.2750556792873051,0.36525612472160357,1.0,1.34,4
1720,0.2702301410541945,0.3585746102449889,1.0,1.34,4
1730,0.2648478099480327,0.34966592427616927,1.0,1.34,4
1740,0.26447661469933187,0.34966592427616927,1.0,1.34,4
1750,0.2618782479584261,0.3429844097995546,1.0,1.34,4
1760,0.26893095768374164,0.36080178173719374,1.0,1.34,4
1770,0.29547141796585,0.42761692650334077,1.0,1.34,4
1780,0.29417223459539715,0.42316258351893093,1.0,1.34,4
1790,0.29658500371195246,0.42316258351893093,1.0,1.34,4
1800,0.2999257609502598,0.43207126948775054,1.0,1.34,4
1810,0.2952858203414996,0.42538975501113585,1.0,1.34,4
1820,0.29565701559020047,0.42761692650334077,1.0,1.34,4
1830,0.29361544172234594,0.42538975501113585,1.0,1.34,4
1840,0.3038233110616184,0.43875278396436523,1.0,1.34,4
1850,0.30493689680772085,0.43875278396436523,1.0,1.34,4
1860,0.31644394951744614,0.45657015590200445,1.0,1.34,4
1870,0.31533036377134366,0.45434298440979953,1.0,1.34,4
1880,0.3151447661469933,0.4610244988864143,1.0,1.34,4
1890,0.30902004454342985,0.47216035634743875,1.0,1.34,4
1900,0.2789532293986637,0.3897550111358575,1.0,1.34,4
1910,0.28507795100222716,0.39643652561247217,1.0,1.34,4
1920,0.2848923533778768,0.3986636971046771,1.0,1.34,4
1930,0.2899034892353378,0.40757238307349664,1.0,1.34,4
1940,0.2932442464736451,0.40979955456570155,1.0,1.34,4
1950,0.29027468448403865,0.3986636971046771,1.0,1.34,4
1960,0.2869339272457313,0.37193763919821826,1.0,1.34,4
1970,0.2878619153674833,0.3741648106904232,1.0,1.34,4
1980,0.28767631774313285,0.37193763919821826,1.0,1.34,4
1990,0.2915738678544915,0.37639198218262804,1.0,1.34,4
2000,0.2923162583518931,0.37861915367483295,1.0,1.34,4
2010,0.29268745360059395,0.37861915367483295,1.0,1.34,4
2020,0.29565701559020047,0.39643652561247217,1.0,1.34,4
2030,0.2958426132145508,0.3986636971046771,1.0,1.34,4
2040,0.25631031922791386,0.36302895322939865,1.0,1.34,4
2050,0.2572383073496659,0.36525612472160357,1.0,1.34,4
2060,0.2572383073496659,0.36525612472160357,1.0,1.34,4
2070,0.2553823311061618,0.36080178173719374,1.0,1.34,4
2080,0.2602078693392724,0.36525612472160357,1.0,1.34,4
2090,0.2585374907201188,0.3518930957683742,1.0,1.34,4
2100,0.2693021529324424,0.3674832962138085,1.0,1.34,4
2110,0.2676317743132888,0.35634743875278396,1.0,1.34,4
2120,0.26726057906458794,0.35634743875278396,1.0,1.34,4
2130,0.2668893838158871,0.3518930957683742,1.0,1.34,4
2140,0.2687453600593912,0.35634743875278396,1.0,1.34,4
2150,0.28322197475872307,0.3897550111358575,1.0,1.34,4
2160,0.28322197475872307,0.3897550111358575,1.0,1.34,4
2170,0.28582034149962876,0.39643652561247217,1.0,1.34,4
2180,0.2906458797327394,0.40311804008908686,1.0,1.34,4
2190,0.33871566443949513,0.46993318485523383,1.0,1.34,4
2200,0.33556050482553823,0.46547884187082406,1.0,1.34,4
2210,0.3363028953229399,0.46770601336302897,1.0,1.34,4
2220,0.3416852264291017,0.48106904231625836,1.0,1.34,4
2230,0.34242761692650336,0.48329621380846327,1.0,1.34,4
2240,0.3470675575352636,0.48329621380846327,1.0,1.34,4
2250,0.34743875278396436,0.48329621380846327,1.0,1.34,4
2260,0.344097995545657,0.4766146993318486,1.0,1.34,4
2270,0.33945805493689685,0.46770601336302897,1.0,1.34,4
2280,0.34168522642910176,0.47216035634743875,1.0,1.34,4
2290,0.3394580549368968,0.46993318485523383,1.0,1.34,4
2300,0.3466963622865627,0.48329621380846327,1.0,1.34,4
2310,0.3123608017817372,0.43429844097995546,1.0,1.34,4
2320,0.3134743875278396,0.4365256124721604,1.0,1.34,4
2330,0.31625835189309576,0.43875278396436523,1.0,1.34,4
2340,0.3021529324424647,0.41870824053452116,1.0,1.34,4
2350,0.3348181143281366,0.4521158129175947,1.0,1.34,4
2360,0.3337045285820341,0.44988864142538976,1.0,1.34,4
2370,0.33184855233853,0.44766146993318484,1.0,1.34,4
2380,0.33184855233853006,0.44766146993318484,1.0,1.34,4
2390,0.3281365998515219,0.44097995545657015,1.0,1.34,4
2400,0.3210838901262064,0.4298440979955457,1.0,1.34,4
2410,0.30772086117297703,0.40089086859688194,1.0,1.34,4
2420,0.3080920564216778,0.40089086859688194,1.0,1.34,4
2430,0.30679287305122493,0.3986636971046771,1.0,1.34,4
2440,0.3064216778025241,0.39643652561247217,1.0,1.34,4
2450,0.3079064587973274,0.40089086859688194,1.0,1.34,4
2460,0.30976243504083145,0.40979955456570155,1.0,1.34,4
2470,0.31421677802524123,0.41870824053452116,1.0,1.34,4
2480,0.3134743875278396,0.41648106904231624,1.0,1.34,4
2490,0.3129175946547884,0.41648106904231624,1.0,1.34,4
2500,0.3166295471417966,0.4209354120267261,1.0,1.34,4
2510,0.31625835189309576,0.4209354120267261,1.0,1.34,4
2520,0.32238307349665923,0.43429844097995546,1.0,1.34,4
2530,0.3233110616184113,0.44097995545657015,1.0,1.34,4
2540,0.3231254639940609,0.44097995545657015,1.0,1.34,4
2550,0.3227542687453601,0.44320712694877507,1.0,1.34,4
2560,0.32331106161841133,0.44543429844098,1.0,1.34,4
2570,0.3225686711210096,0.43875278396436523,1.0,1.34,4
2580,0.3221974758723088,0.4365256124721604,1.0,1.34,4
2590,0.32275426874536006,0.43429844097995546,1.0,1.34,4
2600,0.32535263548626575,0.44097995545657015,1.0,1.34,4
2610,0.3208982925018559,0.44097995545657015,1.0,1.34,4
2620,0.3145879732739421,0.43207126948775054,1.0,1.34,4
2630,0.3123608017817372,0.42538975501113585,1.0,1.34,4
2640,0.3134743875278396,0.42761692650334077,1.0,1.34,4
2650,0.31421677802524123,0.42538975501113585,1.0,1.34,4
2660,0.31365998515219,0.42316258351893093,1.0,1.34,4
2670,0.31161841128433554,0.42316258351893093,1.0,1.34,4
2680,0.3106904231625835,0.4209354120267261,1.0,1.34,4
2690,0.31403118040089084,0.42761692650334077,1.0,1.34,4
2700,0.3123608017817372,0.4209354120267261,1.0,1.34,4
2710,0.3093912397921306,0.41870824053452116,1.0,1.34,4
2720,0.30864884929472897,0.41648106904231624,1.0,1.34,4
2730,0.3069784706755753,0.41648106904231624,1.0,1.34,4
2740,0.3088344469190794,0.4209354120267261,1.0,1.34,4
2750,0.317743132887899,0.43207126948775054,1.0,1.34,4
2760,0.3155159613956941,0.42761692650334077,1.0,1.34,4
2770,0.31403118040089084,0.42538975501113585,1.0,1.34,4
2780,0.31551596139569416,0.43207126948775054,1.0,1.34,4
2790,0.31403118040089084,0.4365256124721604,1.0,1.34,4
2800,0.31403118040089084,0.4365256124721604,1.0,1.34,4
2810,0.3014105419450631,0.41202672605790647,1.0,1.34,4
2820,0.30141054194506306,0.40979955456570155,1.0,1.34,4
2830,0.30141054194506306,0.40979955456570155,1.0,1.34,4
2840,0.3041945063103192,0.4142538975501114,1.0,1.34,4
2850,0.29825538233110616,0.40311804008908686,1.0,1.34,4
2860,0.29825538233110616,0.40311804008908686,1.0,1.34,4
2870,0.2958426132145508,0.3986636971046771,1.0,1.34,4
2880,0.2952858203414996,0.40089086859688194,1.0,1.34,4
2890,0.30270972531551593,0.40089086859688194,1.0,1.34,4
2900,0.30233853006681516,0.40089086859688194,1.0,1.34,4
2910,0.3002969561989607,0.40757238307349664,1.0,1.34,4
2920,0.3051224944320713,0.41648106904231624,1.0,1.34,4
2930,0.3049368968077209,0.4209354120267261,1.0,1.34,4
2940,0.3034521158129176,0.4142538975501114,1.0,1.34,4
2950,0.29974016332590947,0.40757238307349664,1.0,1.34,4
2960,0.3008537490720119,0.40979955456570155,1.0,1.34,4
2970,0.289532293986637,0.41648106904231624,1.0,1.34,4
2980,0.27913882702301407,0.4053452115812918,1.0,1.34,4
2990,0.28544914625092804,0.4209354120267261,1.0,1.34,4
3000,0.2856347438752784,0.41870824053452116,1.0,1.34,4
3010,0.28322197475872307,0.40979955456570155,1.0,1.34,4
3020,0.285449146250928,0.4142538975501114,1.0,1.34,4
3030,0.2750556792873051,0.40311804008908686,1.0,1.34,4
3040,0.2570527097253155,0.3363028953229399,1.0,1.34,4
3050,0.25334075723830735,0.32962138084632514,1.0,1.34,4
3060,0.25760950259836674,0.33853006681514475,1.0,1.34,4
3070,0.25593912397921303,0.34075723830734966,1.0,1.34,4
3080,0.25593912397921303,0.34075723830734966,1.0,1.34,4
3090,0.2479584261321455,0.32962138084632514,1.0,1.34,4
3100,0.2505567928730512,0.33184855233853006,1.0,1.34,4
3110,0.24832962138084633,0.32516703786191536,1.0,1.34,4
3120,0.25816629547141795,0.34966592427616927,1.0,1.34,4
3130,0.2602078693392724,0.35412026726057905,1.0,1.34,4
3140,0.2680029695619896,0.3429844097995546,1.0,1.34,4
3150,0.26837416481069043,0.3429844097995546,1.0,1.34,4
3160,0.2639198218262806,0.33184855233853006,1.0,1.34,4
3170,0.3064216778025241,0.43429844097995546,1.0,1.34,4
3180,0.30679287305122493,0.4365256124721604,1.0,1.34,4
3190,0.30920564216778024,0.44320712694877507,1.0,1.34,4
3200,0.3151447661469933,0.45879732739420936,1.0,1.34,4
3210,0.31273199703043797,0.45879732739420936,1.0,1.34,4
3220,0.30679287305122493,0.44766146993318484,1.0,1.34,4
3230,0.30270972531551593,0.4365256124721604,1.0,1.34,4
3240,0.3034521158129176,0.42316258351893093,1.0,1.34,4
3250,0.3021529324424647,0.40979955456570155,1.0,1.34,4
3260,0.3047512991833704,0.40757238307349664,1.0,1.34,4
3270,0.30753526354862654,0.4142538975501114,1.0,1.34,4
3280,0.32275426874536006,0.44766146993318484,1.0,1.34,4
3290,0.3221974758723088,0.44543429844098,1.0,1.34,4
3300,0.30827765404602825,0.42538975501113585,1.0,1.34,4
3310,0.30902004454342985,0.4298440979955457,1.0,1.34,4
3320,0.3129175946547884,0.4365256124721604,1.0,1.34,4
3330,0.31124721603563477,0.43207126948775054,1.0,1.34,4
3340,0.3119896065330363,0.43207126948775054,1.0,1.34,4
3350,0.3255382331106161,0.4521158129175947,1.0,1.34,4
3360,0.3066072754268745,0.4209354120267261,1.0,1.34,4
3370,0.3108760207869339,0.4209354120267261,1.0,1.34,4
3380,0.30957683741648107,0.4209354120267261,1.0,1.34,4
3390,0.3105048255382331,0.4209354120267261,1.0,1.34,4
3400,0.31477357089829244,0.4142538975501114,1.0,1.34,4
3410,0.311804008908686,0.40979955456570155,1.0,1.34,4
3420,0.3123608017817372,0.40979955456570155,1.0,1.34,4
3430,0.31700074239049736,0.4142538975501114,1.0,1.34,4
3440,0.3184855233853007,0.41870824053452116,1.0,1.34,4
3450,0.31700074239049736,0.41870824053452116,1.0,1.34,4
3460,0.31792873051224946,0.41870824053452116,1.0,1.34,4
3470,0.3197847067557535,0.41870824053452116,1.0,1.34,4
3480,0.3101336302895323,0.3986636971046771,1.0,1.34,4
3490,0.3106904231625835,0.3986636971046771,1.0,1.34,4
3500,0.3110616184112843,0.3986636971046771,1.0,1.34,4
3510,0.30753526354862654,0.39420935412026725,1.0,1.34,4
3520,0.2923162583518931,0.37861915367483295,1.0,1.34,4
3530,0.3064216778025241,0.39420935412026725,1.0,1.34,4
3540,0.3053080920564216,0.39643652561247217,1.0,1.34,4
3550,0.31124721603563477,0.40979955456570155,1.0,1.34,4
3560,0.3088344469190794,0.40089086859688194,1.0,1.34,4
3570,0.30734966592427615,0.3986636971046771,1.0,1.34,4
3580,0.30066815144766146,0.38530066815144765,1.0,1.34,4
3590,0.3069784706755753,0.39643652561247217,1.0,1.34,4
3600,0.3069784706755753,0.3986636971046771,1.0,1.34,4
3610,0.307720861172977,0.3986636971046771,1.0,1.34,4
3620,0.30549368968077206,0.39420935412026725,1.0,1.34,4
3630,0.3190423162583519,0.41202672605790647,1.0,1.34,4
3640,0.3225686711210096,0.42316258351893093,1.0,1.34,4
3650,0.32461024498886415,0.42538975501113585,1.0,1.34,4
3660,0.32683741648106907,0.4298440979955457,1.0,1.34,4
3670,0.32423904974016327,0.42761692650334077,1.0,1.34,4
3680,0.3166295471417966,0.42538975501113585,1.0,1.34,4
3690,0.31403118040089084,0.4209354120267261,1.0,1.34,4
3700,0.30846325167037864,0.41202672605790647,1.0,1.34,4
3710,0.31050482553823316,0.4209354120267261,1.0,1.34,4
3720,0.30994803266518184,0.4209354120267261,1.0,1.34,4
3730,0.3021529324424647,0.41202672605790647,1.0,1.34,4
3740,0.30141054194506306,0.41202672605790647,1.0,1.34,4
3750,0.30141054194506306,0.40979955456570155,1.0,1.34,4
3760,0.3015961395694135,0.40757238307349664,1.0,1.34,4
3770,0.31310319227913885,0.42761692650334077,1.0,1.34,4
3780,0.3110616184112844,0.4209354120267261,1.0,1.34,4
3790,0.3062360801781737,0.40979955456570155,1.0,1.34,4
3800,0.3116184112843356,0.41870824053452116,1.0,1.34,4
3810,0.3125463994060876,0.42316258351893093,1.0,1.34,4
3820,0.2923162583518931,0.39643652561247217,1.0,1.34,4
3830,0.3056792873051225,0.41202672605790647,1.0,1.34,4
3840,0.29714179658500367,0.39420935412026725,1.0,1.34,4
3850,0.30456570155902,0.40089086859688194,1.0,1.34,4
3860,0.298626577579807,0.38752783964365256,1.0,1.34,4
3870,0.3008537490720119,0.3897550111358575,1.0,1.34,4
3880,0.30141054194506306,0.39420935412026725,1.0,1.34,4
3890,0.3062360801781737,0.4053452115812918,1.0,1.34,4
3900,0.3079064587973274,0.40979955456570155,1.0,1.34,4
3910,0.30679287305122493,0.40757238307349664,1.0,1.34,4
3920,0.303637713437268,0.40089086859688194,1.0,1.34,4
3930,0.31421677802524123,0.4365256124721604,1.0,1.34,4
3940,0.2830363771343727,0.39198218262806234,1.0,1.34,4
3950,0.2793244246473645,0.38530066815144765,1.0,1.34,4
3960,0.28266518188567186,0.3897550111358575,1.0,1.34,4
3970,0.28155159613956937,0.38530066815144765,1.0,1.34,4
3980,0.2873051224944321,0.39198218262806234,1.0,1.34,4
3990,0.2882331106161841,0.39643652561247217,1.0,1.34,4
4000,0.27728285077951004,0.37861915367483295,1.0,1.34,4
4010,0.27876763177431324,0.3830734966592428,1.0,1.34,4
4020,0.28229398663697103,0.3897550111358575,1.0,1.34,4
4030,0.27858203414996285,0.3830734966592428,1.0,1.34,4
4040,0.2835931700074239,0.3897550111358575,1.0,1.34,4
4050,0.2843355605048255,0.39198218262806234,1.0,1.34,4
4060,0.2835931700074239,0.3897550111358575,1.0,1.34,4
4070,0.2884187082405345,0.40311804008908686,1.0,1.34,4
4080,0.2884187082405345,0.40311804008908686,1.0,1.34,4
4090,0.29250185597624345,0.41202672605790647,1.0,1.34,4
4100,0.2952858203414996,0.42316258351893093,1.0,1.34,4
4110,0.34910913140311806,0.5011135857461024,1.0,1.34,4
4120,0.34688195991091314,0.4922048997772829,1.0,1.34,4
4130,0.34836674090571645,0.49665924276169265,1.0,1.34,4
4140,0.34985152190051966,0.5033407572383074,1.0,1.34,4
4150,0.34985152190051966,0.5033407572383074,1.0,1.34,4
4160,0.34688195991091314,0.49443207126948774,1.0,1.34,4
4170,0.3483667409057164,0.49665924276169265,1.0,1.34,4
4180,0.3429844097995546,0.48775055679287305,1.0,1.34,4
4190,0.3348181143281366,0.4766146993318486,1.0,1.34,4
4200,0.3307349665924276,0.47216035634743875,1.0,1.34,4
4210,0.33444691907943574,0.4766146993318486,1.0,1.34,4
4220,0.2856347438752784,0.4053452115812918,1.0,1.34,4
4230,0.29602821083890124,0.4209354120267261,1.0,1.34,4
4240,0.29417223459539715,0.41870824053452116,1.0,1.34,4
4250,0.2808092056421678,0.39643652561247217,1.0,1.34,4
4260,0.2683741648106904,0.37861915367483295,1.0,1.34,4
4270,0.2596510764662212,0.36302895322939865,1.0,1.34,4
4280,0.2516703786191537,0.3429844097995546,1.0,1.34,4
4290,0.2583518930957684,0.3518930957683742,1.0,1.34,4
4300,0.2609502598366741,0.3585746102449889,1.0,1.34,4
4310,0.26280623608017817,0.36525612472160357,1.0,1.34,4
4320,0.26707498144023756,0.3741648106904232,1.0,1.34,4
4330,0.2754268745360059,0.37861915367483295,1.0,1.34,4
4340,0.27802524127691164,0.38530066815144765,1.0,1.34,4
4350,0.27876763177431324,0.38752783964365256,1.0,1.34,4
4360,0.27616926503340755,0.38530066815144765,1.0,1.34,4
4370,0.27023014105419446,0.3741648106904232,1.0,1.34,4
4380,0.2709725315515961,0.37639198218262804,1.0,1.34,4
4390,0.27208611729769855,0.37861915367483295,1.0,1.34,4
4400,0.2522271714922049,0.34521158129175944,1.0,1.34,4
4410,0.2518559762435041,0.34521158129175944,1.0,1.34,4
4420,0.24925760950259834,0.3429844097995546,1.0,1.34,4
4430,0.2503711952487008,0.3429844097995546,1.0,1.34,4
4440,0.25111358574610243,0.34521158129175944,1.0,1.34,4
4450,0.2544543429844098,0.3518930957683742,1.0,1.34,4
4460,0.2559391239792131,0.35412026726057905,1.0,1.34,4
4470,0.26280623608017817,0.38084632516703787,1.0,1.34,4
4480,0.2585374907201188,0.36971046770601335,1.0,1.34,4
4490,0.2598366740905716,0.37193763919821826,1.0,1.34,4
0,0.32479584261321454,0.3830734966592428,2.0,2.2955555555555556,0
10,0.32461024498886415,0.38530066815144765,2.0,2.2955555555555556,0
20,0.32368225686711205,0.3830734966592428,2.0,2.2955555555555556,0
30,0.32293986636971045,0.38084632516703787,2.0,2.2955555555555556,0
40,0.3257238307349666,0.37861915367483295,2.0,2.2955555555555556,0
50,0.3250556792873051,0.37861915367483295,2.0,2.2955555555555556,0
60,0.3240163325909428,0.37639198218262804,2.0,2.2955555555555556,0
70,0.3266146993318485,0.38084632516703787,2.0,2.2955555555555556,0
80,0.3312175204157386,0.39198218262806234,2.0,2.2955555555555556,0
90,0.32156644394951744,0.36971046770601335,2.0,2.2955555555555556,0
100,0.3181143281365998,0.3674832962138085,2.0,2.2955555555555556,0
110,0.31169265033407567,0.35634743875278396,2.0,2.2955555555555556,0
120,0.3056421677802524,0.3429844097995546,2.0,2.2955555555555556,0
130,0.30434298440979957,0.33407572383073497,2.0,2.2955555555555556,0
140,0.3093541202672606,0.34521158129175944,2.0,2.2955555555555556,0
150,0.3097253155159614,0.34743875278396436,2.0,2.2955555555555556,0
160,0.30850037119524865,0.34521158129175944,2.0,2.2955555555555556,0
170,0.3122123236822569,0.3518930957683742,2.0,2.2955555555555556,0
180,0.30961395694135113,0.34743875278396436,2.0,2.2955555555555556,0
190,0.31005939123979215,0.34743875278396436,2.0,2.2955555555555556,0
200,0.30983667409057164,0.3429844097995546,2.0,2.2955555555555556,0
210,0.31057906458797324,0.3429844097995546,2.0,2.2955555555555556,0
220,0.30965107646622125,0.35412026726057905,2.0,2.2955555555555556,0
230,0.30916852264291017,0.3518930957683742,2.0,2.2955555555555556,0
240,0.30619896065330365,0.34743875278396436,2.0,2.2955555555555556,0
250,0.30961395694135113,0.34966592427616927,2.0,2.2955555555555556,0
260,0.30961395694135113,0.34966592427616927,2.0,2.2955555555555556,0
270,0.3105048255382331,0.34743875278396436,2.0,2.2955555555555556,0
280,0.31280623608017816,0.3518930957683742,2.0,2.2955555555555556,0
290,0.3132516703786191,0.35412026726057905,2.0,2.2955555555555556,0
300,0.3080549368968077,0.34521158129175944,2.0,2.2955555555555556,0
310,0.30749814402375647,0.34743875278396436,2.0,2.2955555555555556,0
320,0.3123236822568671,0.35412026726057905,2.0,2.2955555555555556,0
330,0.3161469933184855,0.3674832962138085,2.0,2.2955555555555556,0
340,0.3161469933184855,0.3674832962138085,2.0,2.2955555555555556,0
350,0.3176317743132888,0.3674832962138085,2.0,2.2955555555555556,0
360,0.3105048255382331,0.34966592427616927,2.0,2.2955555555555556,0
370,0.31239792130660726,0.34743875278396436,2.0,2.2955555555555556,0
380,0.30942835931700075,0.34075723830734966,2.0,2.2955555555555556,0
390,0.31989606533036374,0.36080178173719374,2.0,2.2955555555555556,0
400,0.32045285820341496,0.36302895322939865,2.0,2.2955555555555556,0
410,0.3160727542687453,0.35412026726057905,2.0,2.2955555555555556,0
420,0.3149591685226429,0.3518930957683742,2.0,2.2955555555555556,0
430,0.3157386785449146,0.34743875278396436,2.0,2.2955555555555556,0
440,0.31867112100965106,0.34521158129175944,2.0,2.2955555555555556,0
450,0.31755753526354863,0.34521158129175944,2.0,2.2955555555555556,0
460,0.30716406829992576,0.32516703786191536,2.0,2.2955555555555556,0
470,0.30653303637713436,0.34075723830734966,2.0,2.2955555555555556,0
480,0.29584261321455085,0.3273942093541203,2.0,2.2955555555555556,0
490,0.29825538233110616,0.33184855233853006,2.0,2.2955555555555556,0
500,0.2987008166295472,0.33184855233853006,2.0,2.2955555555555556,0
510,0.3020415738678545,0.3363028953229399,2.0,2.2955555555555556,0
520,0.31265775798069784,0.3585746102449889,2.0,2.2955555555555556,0
530,0.31098737936154414,0.35634743875278396,2.0,2.2955555555555556,0
540,0.29654788418708233,0.33407572383073497,2.0,2.2955555555555556,0
550,0.2972531551596139,0.33407572383073497,2.0,2.2955555555555556,0
560,0.2984409799554566,0.3363028953229399,2.0,2.2955555555555556,0
570,0.3004825538233111,0.34075723830734966,2.0,2.2955555555555556,0
580,0.30363771343726803,0.34743875278396436,2.0,2.2955555555555556,0
590,0.3017446176688939,0.34743875278396436,2.0,2.2955555555555556,0
600,0.3036748329621381,0.34966592427616927,2.0,2.2955555555555556,0
610,0.313140311804009,0.35634743875278396,2.0,2.2955555555555556,0
620,0.313140311804009,0.35634743875278396,2.0,2.2955555555555556,0
630,0.3077579806978471,0.34743875278396436,2.0,2.2955555555555556,0
640,0.31262063845582777,0.35412026726057905,2.0,2.2955555555555556,0
650,0.3217520415738679,0.3674832962138085,2.0,2.2955555555555556,0
660,0.31169265033407567,0.34966592427616927,2.0,2.2955555555555556,0
670,0.31336302895322937,0.35412026726057905,2.0,2.2955555555555556,0
680,0.31243504083147744,0.35412026726057905,2.0,2.2955555555555556,0
690,0.30965107646622125,0.3518930957683742,2.0,2.2955555555555556,0
700,0.3126948775055679,0.36302895322939865,2.0,2.2955555555555556,0
710,0.3164068299925761,0.36971046770601335,2.0,2.2955555555555556,0
720,0.3169636228656273,0.36971046770601335,2.0,2.2955555555555556,0
730,0.3135115070527097,0.3585746102449889,2.0,2.2955555555555556,0
740,0.31481069042316256,0.35412026726057905,2.0,2.2955555555555556,0
750,0.3123608017817372,0.34966592427616927,2.0,2.2955555555555556,0
760,0.307720861172977,0.34075723830734966,2.0,2.2955555555555556,0
770,0.31039346696362285,0.34521158129175944,2.0,2.2955555555555556,0
780,0.3132516703786191,0.34966592427616927,2.0,2.2955555555555556,0
790,0.3143652561247216,0.34966592427616927,2.0,2.2955555555555556,0
800,0.32420193021529325,0.36971046770601335,2.0,2.2955555555555556,0
810,0.32624350408314773,0.37639198218262804,2.0,2.2955555555555556,0
820,0.3239049740163326,0.37193763919821826,2.0,2.2955555555555556,0
830,0.3340014847809948,0.39198218262806234,2.0,2.2955555555555556,0
840,0.3256124721603563,0.37639198218262804,2.0,2.2955555555555556,0
850,0.3246473645137342,0.37861915367483295,2.0,2.2955555555555556,0
860,0.3266518188567186,0.3830734966592428,2.0,2.2955555555555556,0
870,0.3331477357089829,0.38752783964365256,2.0,2.2955555555555556,0
880,0.3335931700074239,0.38752783964365256,2.0,2.2955555555555556,0
890,0.3329250185597625,0.3897550111358575,2.0,2.2955555555555556,0
900,0.3347809948032665,0.3897550111358575,2.0,2.2955555555555556,0
910,0.3311432813659985,0.39420935412026725,2.0,2.2955555555555556,0
920,0.3296585003711952,0.39198218262806234,2.0,2.2955555555555556,0
930,0.3248329621380846,0.3830734966592428,2.0,2.2955555555555556,0
940,0.3239049740163326,0.38084632516703787,2.0,2.2955555555555556,0
950,0.33080920564216776,0.39420935412026725,2.0,2.2955555555555556,0
960,0.3223459539717891,0.38752783964365256,2.0,2.2955555555555556,0
970,0.31885671863400145,0.3830734966592428,2.0,2.2955555555555556,0
980,0.3195991091314031,0.3830734966592428,2.0,2.2955555555555556,0
990,0.31907943578322195,0.39198218262806234,2.0,2.2955555555555556,0
1000,0.32201187824795846,0.39420935412026725,2.0,2.2955555555555556,0
1010,0.3227542687453601,0.40089086859688194,2.0,2.2955555555555556,0
1020,0.3231997030438011,0.40089086859688194,2.0,2.2955555555555556,0
1030,0.3107646622123237,0.36971046770601335,2.0,2.2955555555555556,0
1040,0.30965107646622125,0.3674832962138085,2.0,2.2955555555555556,0
1050,0.3151818856718634,0.37193763919821826,2.0,2.2955555555555556,0
1060,0.3181514476614699,0.3741648106904232,2.0,2.2955555555555556,0
1070,0.31165553080920566,0.36302895322939865,2.0,2.2955555555555556,0
1080,0.3161841128433556,0.3741648106904232,2.0,2.2955555555555556,0
1090,0.3174461766889384,0.37193763919821826,2.0,2.2955555555555556,0
1100,0.31455085374907205,0.36525612472160357,2.0,2.2955555555555556,0
1110,0.309539717891611,0.35634743875278396,2.0,2.2955555555555556,0
1120,0.3102449888641426,0.3518930957683742,2.0,2.2955555555555556,0
1130,0.29825538233110616,0.33853006681514475,2.0,2.2955555555555556,0
1140,0.30129918337045286,0.34075723830734966,2.0,2.2955555555555556,0
1150,0.30861172976985896,0.34966592427616927,2.0,2.2955555555555556,0
1160,0.30831477357089826,0.34743875278396436,2.0,2.2955555555555556,0
1170,0.29922048997772827,0.32962138084632514,2.0,2.2955555555555556,0
1180,0.2985152190051967,0.3273942093541203,2.0,2.2955555555555556,0
1190,0.297290274684484,0.3273942093541203,2.0,2.2955555555555556,0
1200,0.31057906458797324,0.34521158129175944,2.0,2.2955555555555556,0
1210,0.31202672605790643,0.35412026726057905,2.0,2.2955555555555556,0
1220,0.3106161841128433,0.34966592427616927,2.0,2.2955555555555556,0
1230,0.3098737936154417,0.34966592427616927,2.0,2.2955555555555556,0
1240,0.311841128433556,0.36080178173719374,2.0,2.2955555555555556,0
1250,0.3152561247216036,0.3674832962138085,2.0,2.2955555555555556,0
1260,0.3150334075723831,0.37639198218262804,2.0,2.2955555555555556,0
1270,0.31633259094283595,0.37861915367483295,2.0,2.2955555555555556,0
1280,0.31399406087602083,0.3741648106904232,2.0,2.2955555555555556,0
1290,0.31963622865627317,0.38530066815144765,2.0,2.2955555555555556,0
1300,0.32156644394951744,0.38530066815144765,2.0,2.2955555555555556,0
1310,0.32212323682256866,0.38530066815144765,2.0,2.2955555555555556,0
1320,0.3217520415738678,0.38530066815144765,2.0,2.2955555555555556,0
1330,0.29291017074981435,0.3363028953229399,2.0,2.2955555555555556,0
1340,0.28767631774313285,0.32516703786191536,2.0,2.2955555555555556,0
1350,0.2864513734224202,0.31625835189309576,2.0,2.2955555555555556,0
1360,0.2894209354120267,0.31625835189309576,2.0,2.2955555555555556,0
1370,0.31384558277654045,0.36525612472160357,2.0,2.2955555555555556,0
1380,0.31132145508537484,0.35412026726057905,2.0,2.2955555555555556,0
1390,0.31455085374907205,0.36080178173719374,2.0,2.2955555555555556,0
1400,0.3156644394951745,0.36302895322939865,2.0,2.2955555555555556,0
1410,0.33092056421677796,0.3897550111358575,2.0,2.2955555555555556,0
1420,0.31510764662212326,0.36302895322939865,2.0,2.2955555555555556,0
1430,0.32045285820341496,0.3674832962138085,2.0,2.2955555555555556,0
1440,0.3227542687453601,0.37193763919821826,2.0,2.2955555555555556,0
1450,0.3193021529324424,0.36525612472160357,2.0,2.2955555555555556,0
1460,0.3194506310319228,0.36525612472160357,2.0,2.2955555555555556,0
1470,0.32501855976243504,0.3741648106904232,2.0,2.2955555555555556,0
1480,0.3299183370452858,0.37639198218262804,2.0,2.2955555555555556,0
1490,0.2706384558277654,0.3207126948775056,2.0,2.2955555555555556,0
1500,0.2752783964365256,0.32293986636971045,2.0,2.2955555555555556,0
1510,0.2805493689680772,0.32962138084632514,2.0,2.2955555555555556,0
1520,0.29706755753526354,0.34966592427616927,2.0,2.2955555555555556,0
1530,0.2979955456570155,0.3518930957683742,2.0,2.2955555555555556,0
1540,0.2987379361544172,0.34966592427616927,2.0,2.2955555555555556,0
1550,0.2914996288047513,0.3363028953229399,2.0,2.2955555555555556,0
1560,0.29602821083890124,0.33853006681514475,2.0,2.2955555555555556,0
1570,0.29342984409799555,0.32962138084632514,2.0,2.2955555555555556,0
1580,0.2949146250927988,0.32962138084632514,2.0,2.2955555555555556,0
1590,0.2961024498886414,0.32516703786191536,2.0,2.2955555555555556,0
1600,0.29450631031922797,0.3207126948775056,2.0,2.2955555555555556,0
1610,0.301373422420193,0.33184855233853006,2.0,2.2955555555555556,0
1620,0.30497401633259097,0.34075723830734966,2.0,2.2955555555555556,0
1630,0.3079064587973274,0.34075723830734966,2.0,2.2955555555555556,0
1640,0.3110616184112843,0.34743875278396436,2.0,2.2955555555555556,0
1650,0.32631774313288786,0.3741648106904232,2.0,2.2955555555555556,0
1660,0.329101707498144,0.38084632516703787,2.0,2.2955555555555556,0
1670,0.32798812175204156,0.38084632516703787,2.0,2.2955555555555556,0
1680,0.31915367483296214,0.36971046770601335,2.0,2.2955555555555556,0
1690,0.310022271714922,0.35412026726057905,2.0,2.2955555555555556,0
1700,0.3118782479584261,0.3585746102449889,2.0,2.2955555555555556,0
1710,0.3109502598366741,0.35634743875278396,2.0,2.2955555555555556,0
1720,0.3200816629547142,0.3741648106904232,2.0,2.2955555555555556,0
1730,0.32082405345211584,0.37639198218262804,2.0,2.2955555555555556,0
1740,0.30456570155902,0.34743875278396436,2.0,2.2955555555555556,0
1750,0.3143281365998515,0.3585746102449889,2.0,2.2955555555555556,0
1760,0.3126206384558277,0.3585746102449889,2.0,2.2955555555555556,0
1770,0.314996288047513,0.36302895322939865,2.0,2.2955555555555556,0
1780,0.31618411284335557,0.3585746102449889,2.0,2.2955555555555556,0
1790,0.3185226429101708,0.36525612472160357,2.0,2.2955555555555556,0
1800,0.3203414996288047,0.36525612472160357,2.0,2.2955555555555556,0
1810,0.3214179658500371,0.36525612472160357,2.0,2.2955555555555556,0
1820,0.3274313288789903,0.37639198218262804,2.0,2.2955555555555556,0
1830,0.3312175204157387,0.37861915367483295,2.0,2.2955555555555556,0
1840,0.30193021529324426,0.34075723830734966,2.0,2.2955555555555556,0
1850,0.30322939866369714,0.34075723830734966,2.0,2.2955555555555556,0
1860,0.31017074981440235,0.34521158129175944,2.0,2.2955555555555556,0
1870,0.32353377876763173,0.36302895322939865,2.0,2.2955555555555556,0
1880,0.3239049740163326,0.36525612472160357,2.0,2.2955555555555556,0
1890,0.31937639198218265,0.36080178173719374,2.0,2.2955555555555556,0
1900,0.32431328878990345,0.3897550111358575,2.0,2.2955555555555556,0
1910,0.32431328878990345,0.3897550111358575,2.0,2.2955555555555556,0
1920,0.3115812917594654,0.37193763919821826,2.0,2.2955555555555556,0
1930,0.3093170007423905,0.3585746102449889,2.0,2.2955555555555556,0
1940,0.2975501113585747,0.3429844097995546,2.0,2.2955555555555556,0
1950,0.3028582034149963,0.34966592427616927,2.0,2.2955555555555556,0
1960,0.3100593912397921,0.35412026726057905,2.0,2.2955555555555556,0
1970,0.3069042316258352,0.34966592427616927,2.0,2.2955555555555556,0
1980,0.301336302895323,0.34075723830734966,2.0,2.2955555555555556,0
1990,0.3013363028953229,0.33853006681514475,2.0,2.2955555555555556,0
2000,0.30694135115070525,0.34966592427616927,2.0,2.2955555555555556,0
2010,0.3149591685226429,0.35634743875278396,2.0,2.2955555555555556,0
2020,0.31700074239049736,0.3585746102449889,2.0,2.2955555555555556,0
2030,0.31774313288789907,0.35634743875278396,2.0,2.2955555555555556,0
2040,0.320898292501856,0.36080178173719374,2.0,2.2955555555555556,0
2050,0.331365998515219,0.40089086859688194,2.0,2.2955555555555556,0
2060,0.3389383815887157,0.4142538975501114,2.0,2.2955555555555556,0
2070,0.3419450631031923,0.4209354120267261,2.0,2.2955555555555556,0
2080,0.3430586488492947,0.41648106904231624,2.0,2.2955555555555556,0
2090,0.33916109873793615,0.40979955456570155,2.0,2.2955555555555556,0
2100,0.23849294729027465,0.267260579064588,2.0,2.2955555555555556,0
2110,0.24153674832962135,0.2717149220489978,2.0,2.2955555555555556,0
2120,0.24402375649591684,0.26948775055679286,2.0,2.2955555555555556,0
2130,0.24446919079435783,0.26948775055679286,2.0,2.2955555555555556,0
2140,0.2425018559762435,0.267260579064588,2.0,2.2955555555555556,0
2150,0.24636228656273199,0.27616926503340755,2.0,2.2955555555555556,0
2160,0.25263548626577575,0.2828507795100223,2.0,2.2955555555555556,0
2170,0.258203414996288,0.29175946547884185,2.0,2.2955555555555556,0
2180,0.25486265775798067,0.2873051224944321,2.0,2.2955555555555556,0
2190,0.2530066815144766,0.28507795100222716,2.0,2.2955555555555556,0
2200,0.2608389012620639,0.29175946547884185,2.0,2.2955555555555556,0
2210,0.26221232368225683,0.289532293986637,2.0,2.2955555555555556,0
2220,0.2770230141054194,0.30734966592427615,2.0,2.2955555555555556,0
2230,0.279064587973274,0.311804008908686,2.0,2.2955555555555556,0
2240,0.2844840386043058,0.30957683741648107,2.0,2.2955555555555556,0
2250,0.27824795842613215,0.29398663697104677,2.0,2.2955555555555556,0
2260,0.2846325167037862,0.3028953229398664,2.0,2.2955555555555556,0
2270,0.29135115070527096,0.3184855233853007,2.0,2.2955555555555556,0
2280,0.29799554565701564,0.32516703786191536,2.0,2.2955555555555556,0
2290,0.2934669636228656,0.32516703786191536,2.0,2.2955555555555556,0
2300,0.3011507052709725,0.34075723830734966,2.0,2.2955555555555556,0
2310,0.3062360801781737,0.3518930957683742,2.0,2.2955555555555556,0
2320,0.307720861172977,0.35412026726057905,2.0,2.2955555555555556,0
2330,0.30623608017817366,0.35412026726057905,2.0,2.2955555555555556,0
2340,0.30471417965850034,0.35634743875278396,2.0,2.2955555555555556,0
2350,0.30619896065330365,0.36080178173719374,2.0,2.2955555555555556,0
2360,0.3087602078693393,0.36971046770601335,2.0,2.2955555555555556,0
2370,0.3093170007423905,0.36971046770601335,2.0,2.2955555555555556,0
2380,0.307720861172977,0.3674832962138085,2.0,2.2955555555555556,0
2390,0.3175946547884187,0.3741648106904232,2.0,2.2955555555555556,0
2400,0.31124721603563477,0.3585746102449889,2.0,2.2955555555555556,0
2410,0.30920564216778024,0.35412026726057905,2.0,2.2955555555555556,0
2420,0.3047512991833704,0.34075723830734966,2.0,2.2955555555555556,0
2430,0.30363771343726803,0.34075723830734966,2.0,2.2955555555555556,0
2440,0.2977728285077951,0.3429844097995546,2.0,2.2955555555555556,0
2450,0.29172234595397184,0.32293986636971045,2.0,2.2955555555555556,0
2460,0.30051967334818114,0.33407572383073497,2.0,2.2955555555555556,0
2470,0.2969561989606533,0.32962138084632514,2.0,2.2955555555555556,0
2480,0.2962138084632517,0.3273942093541203,2.0,2.2955555555555556,0
2490,0.2984409799554566,0.3363028953229399,2.0,2.2955555555555556,0
2500,0.300482553823311,0.3429844097995546,2.0,2.2955555555555556,0
2510,0.2933556050482553,0.3273942093541203,2.0,2.2955555555555556,0
2520,0.2900519673348181,0.31403118040089084,2.0,2.2955555555555556,0
2530,0.2917223459539718,0.31625835189309576,2.0,2.2955555555555556,0
2540,0.2946919079435783,0.3207126948775056,2.0,2.2955555555555556,0
2550,0.30141054194506306,0.34075723830734966,2.0,2.2955555555555556,0
2560,0.2805493689680772,0.311804008908686,2.0,2.2955555555555556,0
2570,0.28184855233853007,0.31403118040089084,2.0,2.2955555555555556,0
2580,0.28370452858203415,0.3184855233853007,2.0,2.2955555555555556,0
2590,0.2828878990348923,0.3184855233853007,2.0,2.2955555555555556,0
2600,0.28734224201930214,0.32516703786191536,2.0,2.2955555555555556,0
2610,0.29027468448403854,0.32516703786191536,2.0,2.2955555555555556,0
2620,0.2907572383073497,0.32293986636971045,2.0,2.2955555555555556,0
2630,0.2894580549368968,0.32293986636971045,2.0,2.2955555555555556,0
2640,0.29539717891610984,0.3363028953229399,2.0,2.2955555555555556,0
2650,0.2987379361544172,0.34075723830734966,2.0,2.2955555555555556,0
2660,0.2957683741648107,0.3363028953229399,2.0,2.2955555555555556,0
2670,0.29383815887156645,0.32293986636971045,2.0,2.2955555555555556,0
2680,0.2935412026726058,0.32293986636971045,2.0,2.2955555555555556,0
2690,0.3024127691165553,0.3363028953229399,2.0,2.2955555555555556,0
2700,0.3108760207869339,0.3585746102449889,2.0,2.2955555555555556,0
2710,0.3149591685226429,0.36525612472160357,2.0,2.2955555555555556,0
2720,0.3127691165553081,0.35634743875278396,2.0,2.2955555555555556,0
2730,0.31518188567186345,0.36080178173719374,2.0,2.2955555555555556,0
2740,0.3151818856718634,0.35634743875278396,2.0,2.2955555555555556,0
2750,0.31544172234595397,0.3741648106904232,2.0,2.2955555555555556,0
2760,0.3130289532293986,0.37193763919821826,2.0,2.2955555555555556,0
2770,0.3140311804008908,0.37193763919821826,2.0,2.2955555555555556,0
2780,0.3144394951744618,0.36971046770601335,2.0,2.2955555555555556,0
2790,0.31377134372680027,0.37193763919821826,2.0,2.2955555555555556,0
2800,0.3160727542687453,0.37639198218262804,2.0,2.2955555555555556,0
2810,0.3181143281365998,0.37861915367483295,2.0,2.2955555555555556,0
2820,0.3199703043801039,0.38530066815144765,2.0,2.2955555555555556,0
2830,0.32126948775055675,0.38752783964365256,2.0,2.2955555555555556,0
2840,0.3083147735708983,0.36302895322939865,2.0,2.2955555555555556,0
2850,0.306829992576095,0.3585746102449889,2.0,2.2955555555555556,0
2860,0.3156273199703043,0.37193763919821826,2.0,2.2955555555555556,0
2870,0.3256495916852264,0.40311804008908686,2.0,2.2955555555555556,0
2880,0.3327765404602821,0.41202672605790647,2.0,2.2955555555555556,0
2890,0.3300668151447661,0.40979955456570155,2.0,2.2955555555555556,0
2900,0.33047512991833705,0.3986636971046771,2.0,2.2955555555555556,0
2910,0.3378619153674833,0.41202672605790647,2.0,2.2955555555555556,0
2920,0.3371195248700817,0.41202672605790647,2.0,2.2955555555555556,0
2930,0.3384187082405345,0.41202672605790647,2.0,2.2955555555555556,0
2940,0.33507795100222715,0.40757238307349664,2.0,2.2955555555555556,0
2950,0.3191907943578322,0.37861915367483295,2.0,2.2955555555555556,0
2960,0.3208611729769859,0.3830734966592428,2.0,2.2955555555555556,0
2970,0.3240163325909428,0.38752783964365256,2.0,2.2955555555555556,0
2980,0.3273199703043801,0.38752783964365256,2.0,2.2955555555555556,0
2990,0.32776540460282105,0.38752783964365256,2.0,2.2955555555555556,0
3000,0.3280994803266518,0.39198218262806234,2.0,2.2955555555555556,0
3010,0.3319970304380104,0.3986636971046771,2.0,2.2955555555555556,0
3020,0.3318856718634002,0.3986636971046771,2.0,2.2955555555555556,0
3030,0.333630289532294,0.40311804008908686,2.0,2.2955555555555556,0
3040,0.3344469190794358,0.40757238307349664,2.0,2.2955555555555556,0
3050,0.3245731254639941,0.39198218262806234,2.0,2.2955555555555556,0
3060,0.32030438010393464,0.38530066815144765,2.0,2.2955555555555556,0
3070,0.3195619896065331,0.3830734966592428,2.0,2.2955555555555556,0
3080,0.3134372680029696,0.3741648106904232,2.0,2.2955555555555556,0
3090,0.3020415738678545,0.3585746102449889,2.0,2.2955555555555556,0
3100,0.30367483296213815,0.3585746102449889,2.0,2.2955555555555556,0
3110,0.30270972531551593,0.35412026726057905,2.0,2.2955555555555556,0
3120,0.3027839643652561,0.35412026726057905,2.0,2.2955555555555556,0
3130,0.3176317743132888,0.38530066815144765,2.0,2.2955555555555556,0
3140,0.3238307349665924,0.3897550111358575,2.0,2.2955555555555556,0
3150,0.32728285077950997,0.3986636971046771,2.0,2.2955555555555556,0
3160,0.3275426874536006,0.39643652561247217,2.0,2.2955555555555556,0
3170,0.3170378619153674,0.37193763919821826,2.0,2.2955555555555556,0
3180,0.3159985152190052,0.36971046770601335,2.0,2.2955555555555556,0
3190,0.3181143281365998,0.3830734966592428,2.0,2.2955555555555556,0
3200,0.31829992576095023,0.3830734966592428,2.0,2.2955555555555556,0
3210,0.3290274684484039,0.4053452115812918,2.0,2.2955555555555556,0
3220,0.32865627319970303,0.40757238307349664,2.0,2.2955555555555556,0
3230,0.3251299183370453,0.40089086859688194,2.0,2.2955555555555556,0
3240,0.3264291017074981,0.4053452115812918,2.0,2.2955555555555556,0
3250,0.3265033407572383,0.40311804008908686,2.0,2.2955555555555556,0
3260,0.3274313288789903,0.4053452115812918,2.0,2.2955555555555556,0
3270,0.33040089086859686,0.40979955456570155,2.0,2.2955555555555556,0
3280,0.31896807720861176,0.3897550111358575,2.0,2.2955555555555556,0
3290,0.32461024498886415,0.39420935412026725,2.0,2.2955555555555556,0
3300,0.31737193763919824,0.38752783964365256,2.0,2.2955555555555556,0
3310,0.31726057906458793,0.38752783964365256,2.0,2.2955555555555556,0
3320,0.3170749814402376,0.39420935412026725,2.0,2.2955555555555556,0
3330,0.31714922048997773,0.3897550111358575,2.0,2.2955555555555556,0
3340,0.31436525612472155,0.37193763919821826,2.0,2.2955555555555556,0
3350,0.3061247216035635,0.36971046770601335,2.0,2.2955555555555556,0
3360,0.3082405345211581,0.37193763919821826,2.0,2.2955555555555556,0
3370,0.30916852264291017,0.37193763919821826,2.0,2.2955555555555556,0
3380,0.30694135115070525,0.35634743875278396,2.0,2.2955555555555556,0
3390,0.29450631031922797,0.33407572383073497,2.0,2.2955555555555556,0
3400,0.30181885671863395,0.34521158129175944,2.0,2.2955555555555556,0
3410,0.3017074981440237,0.3429844097995546,2.0,2.2955555555555556,0
3420,0.3070898292501856,0.35634743875278396,2.0,2.2955555555555556,0
3430,0.30486265775798066,0.3518930957683742,2.0,2.2955555555555556,0
3440,0.3044914625092799,0.3518930957683742,2.0,2.2955555555555556,0
3450,0.3048997772828507,0.35634743875278396,2.0,2.2955555555555556,0
3460,0.30601336302895316,0.35634743875278396,2.0,2.2955555555555556,0
3470,0.3149220489977728,0.36971046770601335,2.0,2.2955555555555556,0
3480,0.3154788418708241,0.37193763919821826,2.0,2.2955555555555556,0
3490,0.3143652561247216,0.36971046770601335,2.0,2.2955555555555556,0
3500,0.2988492947290275,0.34075723830734966,2.0,2.2955555555555556,0
3510,0.2993689680772086,0.34075723830734966,2.0,2.2955555555555556,0
3520,0.30077951002227177,0.33407572383073497,2.0,2.2955555555555556,0
3530,0.30059391239792127,0.3207126948775056,2.0,2.2955555555555556,0
3540,0.31343726800296956,0.34521158129175944,2.0,2.2955555555555556,0
3550,0.31213808463251674,0.37861915367483295,2.0,2.2955555555555556,0
3560,0.3062731997030438,0.3674832962138085,2.0,2.2955555555555556,0
3570,0.31124721603563477,0.35412026726057905,2.0,2.2955555555555556,0
3580,0.32149220489977726,0.34743875278396436,2.0,2.2955555555555556,0
3590,0.2959539717891611,0.3273942093541203,2.0,2.2955555555555556,0
3600,0.2973645137342242,0.32962138084632514,2.0,2.2955555555555556,0
3610,0.29699331848552335,0.33184855233853006,2.0,2.2955555555555556,0
3620,0.29606533036377136,0.32962138084632514,2.0,2.2955555555555556,0
3630,0.2958797327394209,0.33184855233853006,2.0,2.2955555555555556,0
3640,0.297735708982925,0.33407572383073497,2.0,2.2955555555555556,0
3650,0.29948032665181884,0.3429844097995546,2.0,2.2955555555555556,0
3660,0.3009651076466221,0.3429844097995546,2.0,2.2955555555555556,0
3670,0.2967706013363029,0.33853006681514475,2.0,2.2955555555555556,0
3680,0.3014847809948033,0.3429844097995546,2.0,2.2955555555555556,0
3690,0.3039717891610988,0.34521158129175944,2.0,2.2955555555555556,0
3700,0.3023014105419451,0.34075723830734966,2.0,2.2955555555555556,0
3710,0.3024870081662955,0.3429844097995546,2.0,2.2955555555555556,0
3720,0.3090571640682999,0.34966592427616927,2.0,2.2955555555555556,0
3730,0.3073867854491462,0.34521158129175944,2.0,2.2955555555555556,0
3740,0.31926503340757245,0.36302895322939865,2.0,2.2955555555555556,0
3750,0.32204899777282847,0.3674832962138085,2.0,2.2955555555555556,0
3760,0.31703786191536754,0.35634743875278396,2.0,2.2955555555555556,0
3770,0.31815144766146997,0.35634743875278396,2.0,2.2955555555555556,0
3780,0.31993318485523387,0.36302895322939865,2.0,2.2955555555555556,0
3790,0.3430586488492947,0.40089086859688194,2.0,2.2955555555555556,0
3800,0.34584261321455084,0.4053452115812918,2.0,2.2955555555555556,0
3810,0.34584261321455084,0.4053452115812918,2.0,2.2955555555555556,0
3820,0.3498144023756496,0.40979955456570155,2.0,2.2955555555555556,0
3830,0.3471046770601336,0.40979955456570155,2.0,2.2955555555555556,0
3840,0.34654788418708243,0.40979955456570155,2.0,2.2955555555555556,0
3850,0.3314031180400891,0.40311804008908686,2.0,2.2955555555555556,0
3860,0.3229027468448404,0.3897550111358575,2.0,2.2955555555555556,0
3870,0.3284706755753526,0.3897550111358575,2.0,2.2955555555555556,0
3880,0.3391982182628063,0.41202672605790647,2.0,2.2955555555555556,0
3890,0.33864142538975506,0.41648106904231624,2.0,2.2955555555555556,0
3900,0.3285449146250928,0.40311804008908686,2.0,2.2955555555555556,0
3910,0.3299183370452858,0.40979955456570155,2.0,2.2955555555555556,0
3920,0.33047512991833705,0.40979955456570155,2.0,2.2955555555555556,0
3930,0.3263919821826281,0.40311804008908686,2.0,2.2955555555555556,0
3940,0.32312546399406084,0.39420935412026725,2.0,2.2955555555555556,0
3950,0.3231254639940609,0.39643652561247217,2.0,2.2955555555555556,0
3960,0.31989606533036374,0.37193763919821826,2.0,2.2955555555555556,0
3970,0.31989606533036374,0.37193763919821826,2.0,2.2955555555555556,0
3980,0.3275798069784706,0.38752783964365256,2.0,2.2955555555555556,0
3990,0.3481069042316259,0.41202672605790647,2.0,2.2955555555555556,0
4000,0.34803266518188564,0.4142538975501114,2.0,2.2955555555555556,0
4010,0.3540460282108389,0.42761692650334077,2.0,2.2955555555555556,0
4020,0.3479213066072754,0.4209354120267261,2.0,2.2955555555555556,0
4030,0.3471417965850037,0.4142538975501114,2.0,2.2955555555555556,0
4040,0.3360801781737193,0.39643652561247217,2.0,2.2955555555555556,0
4050,0.3422420193021529,0.3986636971046771,2.0,2.2955555555555556,0
4060,0.33340757238307345,0.3897550111358575,2.0,2.2955555555555556,0
4070,0.3298440979955456,0.3830734966592428,2.0,2.2955555555555556,0
4080,0.3368968077208611,0.39198218262806234,2.0,2.2955555555555556,0
4090,0.3399406087602079,0.40089086859688194,2.0,2.2955555555555556,0
4100,0.3169265033407573,0.3830734966592428,2.0,2.2955555555555556,0
4110,0.31395694135115065,0.37639198218262804,2.0,2.2955555555555556,0
4120,0.31544172234595397,0.38084632516703787,2.0,2.2955555555555556,0
4130,0.32234595397178917,0.39420935412026725,2.0,2.2955555555555556,0
4140,0.3222345953971789,0.39198218262806234,2.0,2.2955555555555556,0
4150,0.32724573125463996,0.39643652561247217,2.0,2.2955555555555556,0
4160,0.3171121009651076,0.39643652561247217,2.0,2.2955555555555556,0
4170,0.31766889383815883,0.39643652561247217,2.0,2.2955555555555556,0
4180,0.3180400890868597,0.39643652561247217,2.0,2.2955555555555556,0
4190,0.3249072011878248,0.40757238307349664,2.0,2.2955555555555556,0
4200,0.32397921306607275,0.4053452115812918,2.0,2.2955555555555556,0
4210,0.31625835189309576,0.3897550111358575,2.0,2.2955555555555556,0
4220,0.31533036377134366,0.3897550111358575,2.0,2.2955555555555556,0
4230,0.31217520415738675,0.37639198218262804,2.0,2.2955555555555556,0
4240,0.3159613956941351,0.38752783964365256,2.0,2.2955555555555556,0
4250,0.3205642167780252,0.3830734966592428,2.0,2.2955555555555556,0
4260,0.31859688195991087,0.37639198218262804,2.0,2.2955555555555556,0
4270,0.320007423904974,0.37861915367483295,2.0,2.2955555555555556,0
4280,0.3140682999257609,0.3674832962138085,2.0,2.2955555555555556,0
4290,0.31666666666666665,0.37193763919821826,2.0,2.2955555555555556,0
4300,0.3180400890868597,0.37639198218262804,2.0,2.2955555555555556,0
4310,0.3208982925018559,0.37861915367483295,2.0,2.2955555555555556,0
4320,0.3287305122494432,0.39420935412026725,2.0,2.2955555555555556,0
4330,0.32824795842613214,0.39198218262806234,2.0,2.2955555555555556,0
4340,0.32312546399406084,0.38752783964365256,2.0,2.2955555555555556,0
4350,0.32331106161841133,0.38530066815144765,2.0,2.2955555555555556,0
4360,0.3172234595397179,0.37861915367483295,2.0,2.2955555555555556,0
4370,0.31651818856718633,0.3674832962138085,2.0,2.2955555555555556,0
4380,0.30686711210096507,0.34966592427616927,2.0,2.2955555555555556,0
4390,0.33659985152190053,0.4209354120267261,2.0,2.2955555555555556,0
4400,0.3487750556792873,0.41870824053452116,2.0,2.2955555555555556,0
4410,0.3401262063845582,0.40979955456570155,2.0,2.2955555555555556,0
4420,0.3308463251670378,0.39643652561247217,2.0,2.2955555555555556,0
4430,0.33659985152190053,0.40089086859688194,2.0,2.2955555555555556,0
4440,0.33340757238307345,0.3986636971046771,2.0,2.2955555555555556,0
4450,0.26796585003711954,0.3184855233853007,2.0,2.2955555555555556,0
4460,0.2749072011878248,0.3184855233853007,2.0,2.2955555555555556,0
4470,0.2930957683741648,0.33407572383073497,2.0,2.2955555555555556,0
4480,0.293652561247216,0.33407572383073497,2.0,2.2955555555555556,0
4490,0.28233110616184115,0.3051224944320713,2.0,2.2955555555555556,0
0,0.2958426132145508,0.3363028953229399,2.0,2.1777777777777776,1
10,0.29472902746844837,0.33407572383073497,2.0,2.1777777777777776,1
20,0.2948032665181886,0.3363028953229399,2.0,2.1777777777777776,1
30,0.3003711952487008,0.34075723830734966,2.0,2.1777777777777776,1
40,0.3026726057906458,0.3518930957683742,2.0,2.1777777777777776,1
50,0.3067557535263548,0.35412026726057905,2.0,2.1777777777777776,1
60,0.3038604305864885,0.35634743875278396,2.0,2.1777777777777776,1
70,0.3055308092056422,0.36080178173719374,2.0,2.1777777777777776,1
80,0.306829992576095,0.36525612472160357,2.0,2.1777777777777776,1
90,0.3059020044543429,0.36302895322939865,2.0,2.1777777777777776,1
100,0.31239792130660726,0.37193763919821826,2.0,2.1777777777777776,1
110,0.30812917594654793,0.3585746102449889,2.0,2.1777777777777776,1
120,0.3127691165553081,0.36302895322939865,2.0,2.1777777777777776,1
130,0.32576095025983665,0.4209354120267261,2.0,2.1777777777777776,1
140,0.3269487750556793,0.42316258351893093,2.0,2.1777777777777776,1
150,0.3227542687453601,0.41202672605790647,2.0,2.1777777777777776,1
160,0.32646622123236824,0.4142538975501114,2.0,2.1777777777777776,1
170,0.33285077951002223,0.43429844097995546,2.0,2.1777777777777776,1
180,0.3361915367483296,0.43875278396436523,2.0,2.1777777777777776,1
190,0.3371195248700817,0.44097995545657015,2.0,2.1777777777777776,1
200,0.33663697104677054,0.43875278396436523,2.0,2.1777777777777776,1
210,0.3362657757980698,0.43875278396436523,2.0,2.1777777777777776,1
220,0.32995545657015585,0.4298440979955457,2.0,2.1777777777777776,1
230,0.32772828507795093,0.42316258351893093,2.0,2.1777777777777776,1
240,0.32724573125463996,0.42538975501113585,2.0,2.1777777777777776,1
250,0.32798812175204156,0.42538975501113585,2.0,2.1777777777777776,1
260,0.3296585003711952,0.42316258351893093,2.0,2.1777777777777776,1
270,0.32936154417223457,0.42761692650334077,2.0,2.1777777777777776,1
280,0.32731997030438004,0.42316258351893093,2.0,2.1777777777777776,1
290,0.3325167037861916,0.42761692650334077,2.0,2.1777777777777776,1
300,0.33028953229398667,0.4209354120267261,2.0,2.1777777777777776,1
310,0.3238678544914625,0.41202672605790647,2.0,2.1777777777777776,1
320,0.31885671863400145,0.3986636971046771,2.0,2.1777777777777776,1
330,0.31941351150705266,0.39643652561247217,2.0,2.1777777777777776,1
340,0.30749814402375647,0.36971046770601335,2.0,2.1777777777777776,1
350,0.3058277654046028,0.3674832962138085,2.0,2.1777777777777776,1
360,0.3058277654046028,0.3674832962138085,2.0,2.1777777777777776,1
370,0.29803266518188565,0.3585746102449889,2.0,2.1777777777777776,1
380,0.29476614699331855,0.33853006681514475,2.0,2.1777777777777776,1
390,0.2934669636228656,0.3363028953229399,2.0,2.1777777777777776,1
400,0.29959168522642915,0.34966592427616927,2.0,2.1777777777777776,1
410,0.29948032665181884,0.34521158129175944,2.0,2.1777777777777776,1
420,0.26306607275426874,0.36525612472160357,2.0,2.1777777777777776,1
430,0.2753155159613957,0.34743875278396436,2.0,2.1777777777777776,1
440,0.277728285077951,0.3518930957683742,2.0,2.1777777777777776,1
450,0.2761321455085375,0.34743875278396436,2.0,2.1777777777777776,1
460,0.28002969561989605,0.3518930957683742,2.0,2.1777777777777776,1
470,0.2815144766146993,0.3518930957683742,2.0,2.1777777777777776,1
480,0.28485523385300665,0.35412026726057905,2.0,2.1777777777777776,1
490,0.2828136599851522,0.34966592427616927,2.0,2.1777777777777776,1
500,0.28084632516703784,0.34521158129175944,2.0,2.1777777777777776,1
510,0.2819599109131403,0.34521158129175944,2.0,2.1777777777777776,1
520,0.28808463251670385,0.35412026726057905,2.0,2.1777777777777776,1
530,0.3052338530066815,0.3741648106904232,2.0,2.1777777777777776,1
540,0.30374907201187823,0.37193763919821826,2.0,2.1777777777777776,1
550,0.30315515961395695,0.35412026726057905,2.0,2.1777777777777776,1
560,0.263177431328879,0.2873051224944321,2.0,2.1777777777777776,1
570,0.263177431328879,0.2873051224944321,2.0,2.1777777777777776,1
580,0.26224944320712695,0.2828507795100223,2.0,2.1777777777777776,1
590,0.26410541945063104,0.2806236080178174,2.0,2.1777777777777776,1
600,0.26670378619153673,0.2828507795100223,2.0,2.1777777777777776,1
610,0.26651818856718634,0.2806236080178174,2.0,2.1777777777777776,1
620,0.2613956941351151,0.2739420935412027,2.0,2.1777777777777776,1
630,0.26547884187082404,0.2806236080178174,2.0,2.1777777777777776,1
640,0.26852264291017075,0.2806236080178174,2.0,2.1777777777777776,1
650,0.26989606533036375,0.27616926503340755,2.0,2.1777777777777776,1
660,0.2711952487008167,0.27839643652561247,2.0,2.1777777777777776,1
670,0.271380846325167,0.27839643652561247,2.0,2.1777777777777776,1
680,0.28370452858203415,0.3051224944320713,2.0,2.1777777777777776,1
690,0.28518930957683747,0.30957683741648107,2.0,2.1777777777777776,1
700,0.28667409057164067,0.311804008908686,2.0,2.1777777777777776,1
710,0.29164810690423165,0.3184855233853007,2.0,2.1777777777777776,1
720,0.2894209354120267,0.31625835189309576,2.0,2.1777777777777776,1
730,0.2914625092798812,0.3184855233853007,2.0,2.1777777777777776,1
740,0.3011135857461024,0.3363028953229399,2.0,2.1777777777777776,1
750,0.3018559762435041,0.33853006681514475,2.0,2.1777777777777776,1
760,0.30389755011135855,0.3363028953229399,2.0,2.1777777777777776,1
770,0.3059391239792131,0.33853006681514475,2.0,2.1777777777777776,1
780,0.3337416481069042,0.3897550111358575,2.0,2.1777777777777776,1
790,0.33448403860430587,0.39198218262806234,2.0,2.1777777777777776,1
800,0.30430586488492944,0.35412026726057905,2.0,2.1777777777777776,1
810,0.3041945063103192,0.34521158129175944,2.0,2.1777777777777776,1
820,0.3060504825538233,0.3518930957683742,2.0,2.1777777777777776,1
830,0.3024870081662955,0.34521158129175944,2.0,2.1777777777777776,1
840,0.29910913140311807,0.3363028953229399,2.0,2.1777777777777776,1
850,0.30141054194506306,0.33853006681514475,2.0,2.1777777777777776,1
860,0.3062360801781737,0.3429844097995546,2.0,2.1777777777777776,1
870,0.3070527097253155,0.34966592427616927,2.0,2.1777777777777776,1
880,0.30389755011135855,0.34521158129175944,2.0,2.1777777777777776,1
890,0.30452858203414995,0.34521158129175944,2.0,2.1777777777777776,1
900,0.3056421677802524,0.3429844097995546,2.0,2.1777777777777776,1
910,0.3103563474387528,0.35412026726057905,2.0,2.1777777777777776,1
920,0.3133259094283593,0.35634743875278396,2.0,2.1777777777777776,1
930,0.313140311804009,0.35634743875278396,2.0,2.1777777777777776,1
940,0.30887156644394953,0.34966592427616927,2.0,2.1777777777777776,1
950,0.30961395694135113,0.34743875278396436,2.0,2.1777777777777776,1
960,0.3064587973273942,0.34743875278396436,2.0,2.1777777777777776,1
970,0.3127691165553081,0.3585746102449889,2.0,2.1777777777777776,1
980,0.3170378619153675,0.36302895322939865,2.0,2.1777777777777776,1
990,0.3325538233110616,0.42316258351893093,2.0,2.1777777777777776,1
1000,0.333184855233853,0.41870824053452116,2.0,2.1777777777777776,1
1010,0.33455827765404605,0.42538975501113585,2.0,2.1777777777777776,1
1020,0.33333333333333337,0.4209354120267261,2.0,2.1777777777777776,1
1030,0.33184855233853006,0.41870824053452116,2.0,2.1777777777777776,1
1040,0.339086859688196,0.42316258351893093,2.0,2.1777777777777776,1
1050,0.3347067557535264,0.41870824053452116,2.0,2.1777777777777776,1
1060,0.33756495916852264,0.41870824053452116,2.0,2.1777777777777776,1
1070,0.34079435783221973,0.42538975501113585,2.0,2.1777777777777776,1
1080,0.3341870824053452,0.4142538975501114,2.0,2.1777777777777776,1
1090,0.3325167037861916,0.40979955456570155,2.0,2.1777777777777776,1
1100,0.3343726800296956,0.41202672605790647,2.0,2.1777777777777776,1
1110,0.3340014847809948,0.41202672605790647,2.0,2.1777777777777776,1
1120,0.333630289532294,0.41202672605790647,2.0,2.1777777777777776,1
1130,0.3312175204157387,0.41202672605790647,2.0,2.1777777777777776,1
1140,0.3382702301410542,0.42761692650334077,2.0,2.1777777777777776,1
1150,0.3358574610244989,0.42316258351893093,2.0,2.1777777777777776,1
1160,0.3375278396436525,0.41870824053452116,2.0,2.1777777777777776,1
1170,0.342724573125464,0.42761692650334077,2.0,2.1777777777777776,1
1180,0.3524498886414254,0.43875278396436523,2.0,2.1777777777777776,1
1190,0.35449146250927993,0.44097995545657015,2.0,2.1777777777777776,1
1200,0.3533778767631774,0.43207126948775054,2.0,2.1777777777777776,1
1210,0.2224944320712695,0.2650334075723831,2.0,2.1777777777777776,1
1220,0.22750556792873053,0.2717149220489978,2.0,2.1777777777777776,1
1230,0.2340014847809948,0.27616926503340755,2.0,2.1777777777777776,1
1240,0.23028953229398663,0.26948775055679286,2.0,2.1777777777777776,1
1250,0.2364884929472903,0.27616926503340755,2.0,2.1777777777777776,1
1260,0.23359317000742388,0.2739420935412027,2.0,2.1777777777777776,1
1270,0.23997772828507796,0.28507795100222716,2.0,2.1777777777777776,1
1280,0.23960653303637708,0.27839643652561247,2.0,2.1777777777777776,1
1290,0.2392353377876763,0.27839643652561247,2.0,2.1777777777777776,1
1300,0.2457312546399406,0.28507795100222716,2.0,2.1777777777777776,1
1310,0.24665924276169265,0.28507795100222716,2.0,2.1777777777777776,1
1320,0.24302152932442467,0.2873051224944321,2.0,2.1777777777777776,1
1330,0.24357832219747588,0.2873051224944321,2.0,2.1777777777777776,1
1340,0.2469190794357832,0.2873051224944321,2.0,2.1777777777777776,1
1350,0.24710467706013362,0.2828507795100223,2.0,2.1777777777777776,1
1360,0.2487750556792873,0.28507795100222716,2.0,2.1777777777777776,1
1370,0.24780994803266515,0.2717149220489978,2.0,2.1777777777777776,1
1380,0.24688195991091313,0.2717149220489978,2.0,2.1777777777777776,1
1390,0.2319970304380104,0.24498886414253898,2.0,2.1777777777777776,1
1400,0.23348181143281369,0.24498886414253898,2.0,2.1777777777777776,1
1410,0.21592427616926504,0.20935412026726058,2.0,2.1777777777777776,1
1420,0.2198218262806236,0.21158129175946547,2.0,2.1777777777777776,1
1430,0.22538975501113587,0.22271714922049,2.0,2.1777777777777776,1
1440,0.22594654788418708,0.22271714922049,2.0,2.1777777777777776,1
1450,0.22761692650334076,0.22717149220489977,2.0,2.1777777777777776,1
1460,0.22639198218262807,0.22939866369710468,2.0,2.1777777777777776,1
1470,0.22620638455827766,0.22494432071269488,2.0,2.1777777777777776,1
1480,0.22973273942093542,0.22939866369710468,2.0,2.1777777777777776,1
1490,0.23084632516703787,0.22717149220489977,2.0,2.1777777777777776,1
1500,0.23158871566443948,0.22717149220489977,2.0,2.1777777777777776,1
1510,0.23195991091314033,0.22717149220489977,2.0,2.1777777777777776,1
1520,0.229547141796585,0.22494432071269488,2.0,2.1777777777777776,1
1530,0.23455827765404602,0.23162583518930957,2.0,2.1777777777777776,1
1540,0.2327765404602821,0.22717149220489977,2.0,2.1777777777777776,1
1550,0.253192279138827,0.24498886414253898,2.0,2.1777777777777776,1
1560,0.25244988864142537,0.24053452115812918,2.0,2.1777777777777776,1
1570,0.2548626577579807,0.24498886414253898,2.0,2.1777777777777776,1
1580,0.2600593912397921,0.25389755011135856,2.0,2.1777777777777776,1
1590,0.25593912397921303,0.24498886414253898,2.0,2.1777777777777776,1
1600,0.2548255382331106,0.24276169265033407,2.0,2.1777777777777776,1
1610,0.25315515961395696,0.2383073496659243,2.0,2.1777777777777776,1
1620,0.2522271714922049,0.2383073496659243,2.0,2.1777777777777776,1
1630,0.2542687453600594,0.24721603563474387,2.0,2.1777777777777776,1
1640,0.2626948775055679,0.2873051224944321,2.0,2.1777777777777776,1
1650,0.26610987379361545,0.29175946547884185,2.0,2.1777777777777776,1
1660,0.30749814402375647,0.36525612472160357,2.0,2.1777777777777776,1
1670,0.3078693392724573,0.3674832962138085,2.0,2.1777777777777776,1
1680,0.3073125463994061,0.36525612472160357,2.0,2.1777777777777776,1
1690,0.3087973273942093,0.3674832962138085,2.0,2.1777777777777776,1
1700,0.306829992576095,0.3585746102449889,2.0,2.1777777777777776,1
1710,0.30850037119524865,0.35634743875278396,2.0,2.1777777777777776,1
1720,0.3169265033407573,0.37193763919821826,2.0,2.1777777777777776,1
1730,0.32646622123236824,0.38530066815144765,2.0,2.1777777777777776,1
1740,0.33203414996288044,0.39643652561247217,2.0,2.1777777777777776,1
1750,0.3281365998515219,0.39420935412026725,2.0,2.1777777777777776,1
1760,0.3281365998515219,0.39198218262806234,2.0,2.1777777777777776,1
1770,0.32783964365256124,0.39420935412026725,2.0,2.1777777777777776,1
1780,0.32783964365256124,0.39420935412026725,2.0,2.1777777777777776,1
1790,0.3202672605790646,0.38084632516703787,2.0,2.1777777777777776,1
1800,0.3212694877505568,0.3830734966592428,2.0,2.1777777777777776,1
1810,0.3139198218262806,0.37639198218262804,2.0,2.1777777777777776,1
1820,0.31688938381588716,0.38084632516703787,2.0,2.1777777777777776,1
1830,0.31818856718634003,0.3830734966592428,2.0,2.1777777777777776,1
1840,0.31288047512991835,0.3741648106904232,2.0,2.1777777777777776,1
1850,0.3106533036377135,0.37861915367483295,2.0,2.1777777777777776,1
1860,0.31399406087602083,0.3830734966592428,2.0,2.1777777777777776,1
1870,0.31269487750556796,0.38084632516703787,2.0,2.1777777777777776,1
1880,0.3154788418708241,0.3830734966592428,2.0,2.1777777777777776,1
1890,0.3132516703786191,0.38084632516703787,2.0,2.1777777777777776,1
1900,0.3123236822568671,0.38084632516703787,2.0,2.1777777777777776,1
1910,0.31176688938381586,0.37861915367483295,2.0,2.1777777777777776,1
1920,0.2832590942835932,0.34521158129175944,2.0,2.1777777777777776,1
1930,0.28140311804008905,0.34075723830734966,2.0,2.1777777777777776,1
1940,0.2821455085374907,0.3429844097995546,2.0,2.1777777777777776,1
1950,0.280475129918337,0.33853006681514475,2.0,2.1777777777777776,1
1960,0.2691907943578322,0.3273942093541203,2.0,2.1777777777777776,1
1970,0.27141796585003714,0.33184855233853006,2.0,2.1777777777777776,1
1980,0.30452858203415,0.35634743875278396,2.0,2.1777777777777776,1
1990,0.3071269487750557,0.36302895322939865,2.0,2.1777777777777776,1
2000,0.30181885671863395,0.3585746102449889,2.0,2.1777777777777776,1
2010,0.2982925018559763,0.3429844097995546,2.0,2.1777777777777776,1
2020,0.2973645137342242,0.34521158129175944,2.0,2.1777777777777776,1
2030,0.3136971046770602,0.3674832962138085,2.0,2.1777777777777776,1
2040,0.3132887899034893,0.3674832962138085,2.0,2.1777777777777776,1
2050,0.31217520415738675,0.3674832962138085,2.0,2.1777777777777776,1
2060,0.3113214550853749,0.36302895322939865,2.0,2.1777777777777776,1
2070,0.31057906458797324,0.36080178173719374,2.0,2.1777777777777776,1
2080,0.3079806978470675,0.3585746102449889,2.0,2.1777777777777776,1
2090,0.3077951002227171,0.3518930957683742,2.0,2.1777777777777776,1
2100,0.3085374907201188,0.34966592427616927,2.0,2.1777777777777776,1
2110,0.305011135857461,0.3429844097995546,2.0,2.1777777777777776,1
2120,0.30063103192279134,0.33407572383073497,2.0,2.1777777777777776,1
2130,0.3065701559020045,0.33853006681514475,2.0,2.1777777777777776,1
2140,0.30768374164810686,0.34075723830734966,2.0,2.1777777777777776,1
2150,0.3112100965107647,0.34743875278396436,2.0,2.1777777777777776,1
2160,0.3173348181143281,0.34966592427616927,2.0,2.1777777777777776,1
2170,0.3248329621380846,0.3585746102449889,2.0,2.1777777777777776,1
2180,0.32947290274684476,0.3674832962138085,2.0,2.1777777777777776,1
2190,0.33244246473645134,0.3741648106904232,2.0,2.1777777777777776,1
2200,0.3394580549368968,0.38752783964365256,2.0,2.1777777777777776,1
2210,0.3348181143281366,0.3830734966592428,2.0,2.1777777777777776,1
2220,0.3316629547141797,0.38084632516703787,2.0,2.1777777777777776,1
2230,0.32962138084632514,0.38084632516703787,2.0,2.1777777777777776,1
2240,0.3262806236080178,0.37861915367483295,2.0,2.1777777777777776,1
2250,0.3264662212323682,0.38084632516703787,2.0,2.1777777777777776,1
2260,0.3314773570898292,0.38752783964365256,2.0,2.1777777777777776,1
2270,0.3330363771343727,0.3986636971046771,2.0,2.1777777777777776,1
2280,0.3341499628804751,0.4053452115812918,2.0,2.1777777777777776,1
2290,0.3287676317743133,0.3986636971046771,2.0,2.1777777777777776,1
2300,0.3295100222717149,0.3986636971046771,2.0,2.1777777777777776,1
2310,0.3279138827023014,0.39643652561247217,2.0,2.1777777777777776,1
2320,0.32409057164068295,0.3897550111358575,2.0,2.1777777777777776,1
2330,0.3224201930215293,0.38530066815144765,2.0,2.1777777777777776,1
2340,0.31933927245731253,0.38084632516703787,2.0,2.1777777777777776,1
2350,0.32045285820341496,0.38084632516703787,2.0,2.1777777777777776,1
2360,0.31896807720861164,0.37861915367483295,2.0,2.1777777777777776,1
2370,0.32063845582776535,0.38084632516703787,2.0,2.1777777777777776,1
2380,0.3170007423904974,0.37193763919821826,2.0,2.1777777777777776,1
2390,0.3184855233853007,0.3741648106904232,2.0,2.1777777777777776,1
2400,0.32190051967334815,0.38084632516703787,2.0,2.1777777777777776,1
2410,0.3215293244246474,0.3830734966592428,2.0,2.1777777777777776,1
2420,0.32093541202672604,0.3741648106904232,2.0,2.1777777777777776,1
2430,0.3221974758723088,0.37639198218262804,2.0,2.1777777777777776,1
2440,0.3207126948775056,0.36971046770601335,2.0,2.1777777777777776,1
2450,0.33979213066072755,0.40757238307349664,2.0,2.1777777777777776,1
2460,0.3405345211581291,0.41202672605790647,2.0,2.1777777777777776,1
2470,0.34480326651818854,0.42316258351893093,2.0,2.1777777777777776,1
2480,0.3511135857461024,0.4365256124721604,2.0,2.1777777777777776,1
2490,0.35538233110616185,0.44766146993318484,2.0,2.1777777777777776,1
2500,0.34962880475129915,0.44097995545657015,2.0,2.1777777777777776,1
2510,0.33812175204157385,0.4298440979955457,2.0,2.1777777777777776,1
2520,0.3190423162583519,0.41870824053452116,2.0,2.1777777777777776,1
2530,0.3125463994060876,0.40757238307349664,2.0,2.1777777777777776,1
2540,0.31273199703043797,0.3986636971046771,2.0,2.1777777777777776,1
2550,0.31644394951744614,0.3986636971046771,2.0,2.1777777777777776,1
2560,0.3145879732739421,0.3986636971046771,2.0,2.1777777777777776,1
2570,0.32368225686711205,0.41202672605790647,2.0,2.1777777777777776,1
2580,0.32461024498886415,0.41648106904231624,2.0,2.1777777777777776,1
2590,0.3272828507795101,0.41870824053452116,2.0,2.1777777777777776,1
2600,0.33285077951002223,0.42761692650334077,2.0,2.1777777777777776,1
2610,0.3315515961395694,0.42761692650334077,2.0,2.1777777777777776,1
2620,0.32598366740905715,0.4142538975501114,2.0,2.1777777777777776,1
2630,0.3224201930215293,0.4053452115812918,2.0,2.1777777777777776,1
2640,0.32045285820341496,0.39420935412026725,2.0,2.1777777777777776,1
2650,0.3224944320712695,0.3986636971046771,2.0,2.1777777777777776,1
2660,0.3182256867112101,0.39198218262806234,2.0,2.1777777777777776,1
2670,0.3187824795842613,0.39420935412026725,2.0,2.1777777777777776,1
2680,0.3216406829992576,0.3986636971046771,2.0,2.1777777777777776,1
2690,0.3225686711210096,0.3986636971046771,2.0,2.1777777777777776,1
2700,0.3266518188567186,0.40311804008908686,2.0,2.1777777777777776,1
2710,0.3281365998515219,0.40757238307349664,2.0,2.1777777777777776,1
2720,0.3298069784706755,0.40979955456570155,2.0,2.1777777777777776,1
2730,0.33444691907943574,0.4142538975501114,2.0,2.1777777777777776,1
2740,0.33856718634001487,0.4209354120267261,2.0,2.1777777777777776,1
2750,0.3249072011878248,0.40757238307349664,2.0,2.1777777777777776,1
2760,0.3237936154417223,0.40757238307349664,2.0,2.1777777777777776,1
2770,0.3216406829992576,0.40089086859688194,2.0,2.1777777777777776,1
2780,0.32275426874536006,0.40311804008908686,2.0,2.1777777777777776,1
2790,0.3303637713437268,0.41870824053452116,2.0,2.1777777777777776,1
2800,0.3249814402375649,0.41202672605790647,2.0,2.1777777777777776,1
2810,0.32709725315515964,0.40979955456570155,2.0,2.1777777777777776,1
2820,0.3361544172234595,0.4209354120267261,2.0,2.1777777777777776,1
2830,0.33559762435040824,0.41648106904231624,2.0,2.1777777777777776,1
2840,0.3404231625835189,0.4298440979955457,2.0,2.1777777777777776,1
2850,0.3366740905716407,0.42316258351893093,2.0,2.1777777777777776,1
2860,0.3374164810690423,0.42761692650334077,2.0,2.1777777777777776,1
2870,0.329992576095026,0.4142538975501114,2.0,2.1777777777777776,1
2880,0.3355605048255383,0.4209354120267261,2.0,2.1777777777777776,1
2890,0.33693392724573124,0.42316258351893093,2.0,2.1777777777777776,1
2900,0.33656273199703046,0.42538975501113585,2.0,2.1777777777777776,1
2910,0.33359317000742383,0.4209354120267261,2.0,2.1777777777777776,1
2920,0.3210467706013363,0.39643652561247217,2.0,2.1777777777777776,1
2930,0.32290274684484044,0.40089086859688194,2.0,2.1777777777777776,1
2940,0.3279138827023014,0.4053452115812918,2.0,2.1777777777777776,1
2950,0.3266146993318485,0.40757238307349664,2.0,2.1777777777777776,1
2960,0.3146993318485523,0.38084632516703787,2.0,2.1777777777777776,1
2970,0.3180400890868597,0.38530066815144765,2.0,2.1777777777777776,1
2980,0.32138084632516706,0.39198218262806234,2.0,2.1777777777777776,1
2990,0.3305493689680772,0.40757238307349664,2.0,2.1777777777777776,1
3000,0.3346325167037862,0.41870824053452116,2.0,2.1777777777777776,1
3010,0.3279510022271715,0.40979955456570155,2.0,2.1777777777777776,1
3020,0.3270230141054194,0.4053452115812918,2.0,2.1777777777777776,1
3030,0.32423904974016327,0.40311804008908686,2.0,2.1777777777777776,1
3040,0.3246844840386043,0.40311804008908686,2.0,2.1777777777777776,1
3050,0.32067557535263547,0.4053452115812918,2.0,2.1777777777777776,1
3060,0.3287305122494432,0.4209354120267261,2.0,2.1777777777777776,1
3070,0.3274313288789903,0.41648106904231624,2.0,2.1777777777777776,1
3080,0.3229769858945805,0.40979955456570155,2.0,2.1777777777777776,1
3090,0.31815144766146985,0.39420935412026725,2.0,2.1777777777777776,1
3100,0.3135115070527097,0.38752783964365256,2.0,2.1777777777777776,1
3110,0.3146250927988121,0.3897550111358575,2.0,2.1777777777777776,1
3120,0.3187824795842613,0.39420935412026725,2.0,2.1777777777777776,1
3130,0.3238678544914625,0.39420935412026725,2.0,2.1777777777777776,1
3140,0.322271714922049,0.39198218262806234,2.0,2.1777777777777776,1
3150,0.32357089829250185,0.39420935412026725,2.0,2.1777777777777776,1
3160,0.3188195991091314,0.37639198218262804,2.0,2.1777777777777776,1
3170,0.32576095025983665,0.3830734966592428,2.0,2.1777777777777776,1
3180,0.32761692650334073,0.38752783964365256,2.0,2.1777777777777776,1
3190,0.3287305122494432,0.38084632516703787,2.0,2.1777777777777776,1
3200,0.3300296956198961,0.3830734966592428,2.0,2.1777777777777776,1
3210,0.3257238307349666,0.37639198218262804,2.0,2.1777777777777776,1
3220,0.3279510022271715,0.38084632516703787,2.0,2.1777777777777776,1
3230,0.3192279138827023,0.37193763919821826,2.0,2.1777777777777776,1
3240,0.311804008908686,0.35412026726057905,2.0,2.1777777777777776,1
3250,0.30734966592427615,0.34966592427616927,2.0,2.1777777777777776,1
3260,0.30957683741648107,0.35412026726057905,2.0,2.1777777777777776,1
3270,0.30957683741648107,0.35412026726057905,2.0,2.1777777777777776,1
3280,0.31885671863400145,0.36971046770601335,2.0,2.1777777777777776,1
3290,0.3242390497401633,0.37861915367483295,2.0,2.1777777777777776,1
3300,0.3285077951002227,0.38752783964365256,2.0,2.1777777777777776,1
3310,0.32943578322197475,0.38752783964365256,2.0,2.1777777777777776,1
3320,0.3197847067557535,0.3674832962138085,2.0,2.1777777777777776,1
3330,0.32034149962880476,0.36302895322939865,2.0,2.1777777777777776,1
3340,0.3249443207126948,0.3741648106904232,2.0,2.1777777777777776,1
3350,0.3265033407572383,0.38530066815144765,2.0,2.1777777777777776,1
3360,0.28663697104677055,0.34521158129175944,2.0,2.1777777777777776,1
3370,0.2838530066815145,0.3363028953229399,2.0,2.1777777777777776,1
3380,0.2806978470675575,0.32962138084632514,2.0,2.1777777777777776,1
3390,0.2808834446919079,0.32962138084632514,2.0,2.1777777777777776,1
3400,0.28329621380846326,0.33184855233853006,2.0,2.1777777777777776,1
3410,0.2844097995545657,0.31403118040089084,2.0,2.1777777777777776,1
3420,0.28422420193021525,0.311804008908686,2.0,2.1777777777777776,1
3430,0.2790274684484038,0.3051224944320713,2.0,2.1777777777777776,1
3440,0.2819970304380104,0.311804008908686,2.0,2.1777777777777776,1
3450,0.28663697104677055,0.3184855233853007,2.0,2.1777777777777776,1
3460,0.29161098737936153,0.32516703786191536,2.0,2.1777777777777776,1
3470,0.2905716406829992,0.3184855233853007,2.0,2.1777777777777776,1
3480,0.29157386785449146,0.31625835189309576,2.0,2.1777777777777776,1
3490,0.2938752783964365,0.32293986636971045,2.0,2.1777777777777776,1
3500,0.3012991833704528,0.34075723830734966,2.0,2.1777777777777776,1
3510,0.3003711952487008,0.33853006681514475,2.0,2.1777777777777776,1
3520,0.3003711952487008,0.33853006681514475,2.0,2.1777777777777776,1
3530,0.301373422420193,0.34521158129175944,2.0,2.1777777777777776,1
3540,0.30601336302895327,0.35634743875278396,2.0,2.1777777777777776,1
3550,0.30564216778025244,0.35634743875278396,2.0,2.1777777777777776,1
3560,0.3067557535263549,0.35634743875278396,2.0,2.1777777777777776,1
3570,0.30193021529324426,0.34966592427616927,2.0,2.1777777777777776,1
3580,0.2775055679287305,0.30957683741648107,2.0,2.1777777777777776,1
3590,0.2756495916852264,0.30066815144766146,2.0,2.1777777777777776,1
3600,0.2802895322939866,0.311804008908686,2.0,2.1777777777777776,1
3610,0.280920564216778,0.311804008908686,2.0,2.1777777777777776,1
3620,0.28556050482553824,0.3207126948775056,2.0,2.1777777777777776,1
3630,0.2920564216778025,0.3363028953229399,2.0,2.1777777777777776,1
3640,0.2985523385300668,0.3429844097995546,2.0,2.1777777777777776,1
3650,0.2980697847067557,0.3429844097995546,2.0,2.1777777777777776,1
3660,0.2992576095025984,0.34521158129175944,2.0,2.1777777777777776,1
3670,0.29628804751299176,0.3429844097995546,2.0,2.1777777777777776,1
3680,0.296844840386043,0.3429844097995546,2.0,2.1777777777777776,1
3690,0.29721603563474386,0.3429844097995546,2.0,2.1777777777777776,1
3700,0.29665924276169264,0.3429844097995546,2.0,2.1777777777777776,1
3710,0.2876020786933927,0.3207126948775056,2.0,2.1777777777777776,1
3720,0.291388270230141,0.3273942093541203,2.0,2.1777777777777776,1
3730,0.291388270230141,0.3273942093541203,2.0,2.1777777777777776,1
3740,0.3118782479584261,0.36080178173719374,2.0,2.1777777777777776,1
3750,0.3144766146993318,0.36525612472160357,2.0,2.1777777777777776,1
3760,0.31020786933927247,0.3585746102449889,2.0,2.1777777777777776,1
3770,0.3034521158129176,0.35634743875278396,2.0,2.1777777777777776,1
3780,0.29974016332590936,0.3518930957683742,2.0,2.1777777777777776,1
3790,0.2583518930957684,0.2828507795100223,2.0,2.1777777777777776,1
3800,0.2567557535263549,0.27839643652561247,2.0,2.1777777777777776,1
3810,0.260467706013363,0.2806236080178174,2.0,2.1777777777777776,1
3820,0.260467706013363,0.2739420935412027,2.0,2.1777777777777776,1
3830,0.25961395694135114,0.26948775055679286,2.0,2.1777777777777776,1
3840,0.29543429844097996,0.2962138084632517,2.0,2.1777777777777776,1
3850,0.301373422420193,0.30066815144766146,2.0,2.1777777777777776,1
3860,0.2948775055679287,0.29398663697104677,2.0,2.1777777777777776,1
3870,0.3021158129175946,0.30734966592427615,2.0,2.1777777777777776,1
3880,0.30025983667409056,0.3051224944320713,2.0,2.1777777777777776,1
3890,0.30330363771343727,0.311804008908686,2.0,2.1777777777777776,1
3900,0.3053452115812918,0.31403118040089084,2.0,2.1777777777777776,1
3910,0.3031180400890868,0.311804008908686,2.0,2.1777777777777776,1
3920,0.3052338530066815,0.31625835189309576,2.0,2.1777777777777776,1
3930,0.31031922791388267,0.3273942093541203,2.0,2.1777777777777776,1
3940,0.3250556792873051,0.35412026726057905,2.0,2.1777777777777776,1
3950,0.3429472902746845,0.41648106904231624,2.0,2.1777777777777776,1
3960,0.34439495174461765,0.4209354120267261,2.0,2.1777777777777776,1
3970,0.35059391239792126,0.4298440979955457,2.0,2.1777777777777776,1
3980,0.3503711952487008,0.42761692650334077,2.0,2.1777777777777776,1
3990,0.3441351150705271,0.41648106904231624,2.0,2.1777777777777776,1
4000,0.33864142538975506,0.4053452115812918,2.0,2.1777777777777776,1
4010,0.3399406087602079,0.40757238307349664,2.0,2.1777777777777776,1
4020,0.35356347438752783,0.4298440979955457,2.0,2.1777777777777776,1
4030,0.35642167780252415,0.43875278396436523,2.0,2.1777777777777776,1
4040,0.3576095025983667,0.44097995545657015,2.0,2.1777777777777776,1
4050,0.358166295471418,0.4365256124721604,2.0,2.1777777777777776,1
4060,0.3570527097253155,0.43429844097995546,2.0,2.1777777777777776,1
4070,0.35965107646622124,0.44320712694877507,2.0,2.1777777777777776,1
4080,0.35686711210096506,0.43429844097995546,2.0,2.1777777777777776,1
4090,0.3241648106904232,0.38530066815144765,2.0,2.1777777777777776,1
4100,0.3224944320712695,0.37639198218262804,2.0,2.1777777777777776,1
4110,0.3283221974758723,0.3897550111358575,2.0,2.1777777777777776,1
4120,0.32887899034892354,0.39643652561247217,2.0,2.1777777777777776,1
4130,0.31551596139569416,0.4053452115812918,2.0,2.1777777777777776,1
4140,0.3145879732739421,0.40311804008908686,2.0,2.1777777777777776,1
4150,0.31273199703043797,0.40089086859688194,2.0,2.1777777777777776,1
4160,0.31421677802524123,0.40311804008908686,2.0,2.1777777777777776,1
4170,0.3149591685226429,0.40311804008908686,2.0,2.1777777777777776,1
4180,0.31161841128433554,0.39643652561247217,2.0,2.1777777777777776,1
4190,0.31187824795842606,0.40089086859688194,2.0,2.1777777777777776,1
4200,0.3170749814402376,0.40757238307349664,2.0,2.1777777777777776,1
4210,0.3300668151447661,0.43429844097995546,2.0,2.1777777777777776,1
4220,0.32056421677802527,0.3986636971046771,2.0,2.1777777777777776,1
4230,0.3222345953971789,0.40089086859688194,2.0,2.1777777777777776,1
4240,0.3175946547884187,0.39420935412026725,2.0,2.1777777777777776,1
4250,0.3213066072754268,0.3986636971046771,2.0,2.1777777777777776,1
4260,0.2873793615441722,0.35412026726057905,2.0,2.1777777777777776,1
4270,0.2820712694877505,0.34075723830734966,2.0,2.1777777777777776,1
4280,0.29031180400890866,0.3518930957683742,2.0,2.1777777777777776,1
4290,0.28734224201930214,0.34075723830734966,2.0,2.1777777777777776,1
4300,0.2872308834446919,0.33853006681514475,2.0,2.1777777777777776,1
4310,0.291388270230141,0.3429844097995546,2.0,2.1777777777777776,1
4320,0.2923162583518931,0.34521158129175944,2.0,2.1777777777777776,1
4330,0.2915738678544915,0.3429844097995546,2.0,2.1777777777777776,1
4340,0.29684484038604303,0.34743875278396436,2.0,2.1777777777777776,1
4350,0.29933184855233846,0.35634743875278396,2.0,2.1777777777777776,1
4360,0.3024870081662955,0.36302895322939865,2.0,2.1777777777777776,1
4370,0.2967334818114328,0.3518930957683742,2.0,2.1777777777777776,1
4380,0.30378619153674835,0.3585746102449889,2.0,2.1777777777777776,1
4390,0.320489977728285,0.37193763919821826,2.0,2.1777777777777776,1
4400,0.32327394209354116,0.36971046770601335,2.0,2.1777777777777776,1
4410,0.33069784706755756,0.3830734966592428,2.0,2.1777777777777776,1
4420,0.3273570898292502,0.37861915367483295,2.0,2.1777777777777776,1
4430,0.32865627319970303,0.37861915367483295,2.0,2.1777777777777776,1
4440,0.3271714922048997,0.37861915367483295,2.0,2.1777777777777776,1
4450,0.32772828507795093,0.37861915367483295,2.0,2.1777777777777776,1
4460,0.3278025241276912,0.37861915367483295,2.0,2.1777777777777776,1
4470,0.32275426874536006,0.36971046770601335,2.0,2.1777777777777776,1
4480,0.3234966592427617,0.36971046770601335,2.0,2.1777777777777776,1
4490,0.32616926503340754,0.36971046770601335,2.0,2.1777777777777776,1
0,0.316369710467706,0.39420935412026725,2.0,2.2266666666666666,2
10,0.3224573125463994,0.4053452115812918,2.0,2.2266666666666666,2
20,0.32579806978470677,0.4142538975501114,2.0,2.2266666666666666,2
30,0.3138827023014106,0.3830734966592428,2.0,2.2266666666666666,2
40,0.3170378619153675,0.3897550111358575,2.0,2.2266666666666666,2
50,0.31759465478841864,0.38530066815144765,2.0,2.2266666666666666,2
60,0.32063845582776535,0.38752783964365256,2.0,2.2266666666666666,2
70,0.32312546399406084,0.38752783964365256,2.0,2.2266666666666666,2
80,0.31362286562731995,0.37193763919821826,2.0,2.2266666666666666,2
90,0.3165924276169265,0.37861915367483295,2.0,2.2266666666666666,2
100,0.31165553080920566,0.36971046770601335,2.0,2.2266666666666666,2
110,0.31098737936154414,0.36971046770601335,2.0,2.2266666666666666,2
120,0.31377134372680027,0.37639198218262804,2.0,2.2266666666666666,2
130,0.3143281365998515,0.37861915367483295,2.0,2.2266666666666666,2
140,0.3144023756495917,0.38084632516703787,2.0,2.2266666666666666,2
150,0.31570155902004454,0.38752783964365256,2.0,2.2266666666666666,2
160,0.282739420935412,0.32962138084632514,2.0,2.2266666666666666,2
170,0.2862657757980698,0.3273942093541203,2.0,2.2266666666666666,2
180,0.28533778767631773,0.32516703786191536,2.0,2.2266666666666666,2
190,0.28975501113585744,0.32962138084632514,2.0,2.2266666666666666,2
200,0.28734224201930214,0.3207126948775056,2.0,2.2266666666666666,2
210,0.28845582776540457,0.32293986636971045,2.0,2.2266666666666666,2
220,0.29383815887156645,0.3363028953229399,2.0,2.2266666666666666,2
230,0.2953229398663697,0.3363028953229399,2.0,2.2266666666666666,2
240,0.30300668151447663,0.34521158129175944,2.0,2.2266666666666666,2
250,0.30356347438752784,0.3363028953229399,2.0,2.2266666666666666,2
260,0.2980697847067557,0.3273942093541203,2.0,2.2266666666666666,2
270,0.294543429844098,0.3207126948775056,2.0,2.2266666666666666,2
280,0.2949146250927988,0.3207126948775056,2.0,2.2266666666666666,2
290,0.3005567928730512,0.33184855233853006,2.0,2.2266666666666666,2
300,0.2996288047512991,0.33184855233853006,2.0,2.2266666666666666,2
310,0.29506310319227913,0.32293986636971045,2.0,2.2266666666666666,2
320,0.2920935412026726,0.3184855233853007,2.0,2.2266666666666666,2
330,0.29265033407572383,0.3207126948775056,2.0,2.2266666666666666,2
340,0.290014847809948,0.3184855233853007,2.0,2.2266666666666666,2
350,0.2962880475129918,0.311804008908686,2.0,2.2266666666666666,2
360,0.2957312546399406,0.311804008908686,2.0,2.2266666666666666,2
370,0.2979584261321455,0.31403118040089084,2.0,2.2266666666666666,2
380,0.2793615441722346,0.289532293986637,2.0,2.2266666666666666,2
390,0.27702301410541946,0.2828507795100223,2.0,2.2266666666666666,2
400,0.2733110616184113,0.2739420935412027,2.0,2.2266666666666666,2
410,0.2716406829992576,0.2717149220489978,2.0,2.2266666666666666,2
420,0.31362286562731995,0.3674832962138085,2.0,2.2266666666666666,2
430,0.3073125463994061,0.35634743875278396,2.0,2.2266666666666666,2
440,0.3089829250185598,0.35412026726057905,2.0,2.2266666666666666,2
450,0.3100593912397921,0.35412026726057905,2.0,2.2266666666666666,2
460,0.2995174461766889,0.3518930957683742,2.0,2.2266666666666666,2
470,0.30193021529324426,0.35412026726057905,2.0,2.2266666666666666,2
480,0.3041573867854491,0.36080178173719374,2.0,2.2266666666666666,2
490,0.3003340757238307,0.35634743875278396,2.0,2.2266666666666666,2
500,0.2952115812917595,0.34966592427616927,2.0,2.2266666666666666,2
510,0.29398663697104677,0.34743875278396436,2.0,2.2266666666666666,2
520,0.2908314773570898,0.34521158129175944,2.0,2.2266666666666666,2
530,0.29190794357832217,0.34743875278396436,2.0,2.2266666666666666,2
540,0.2941351150705271,0.34743875278396436,2.0,2.2266666666666666,2
550,0.2958054936896808,0.34743875278396436,2.0,2.2266666666666666,2
560,0.30029695619896063,0.33853006681514475,2.0,2.2266666666666666,2
570,0.30000000000000004,0.33407572383073497,2.0,2.2266666666666666,2
580,0.3048997772828507,0.34075723830734966,2.0,2.2266666666666666,2
590,0.30619896065330365,0.3429844097995546,2.0,2.2266666666666666,2
600,0.3077579806978471,0.34966592427616927,2.0,2.2266666666666666,2
610,0.30942835931700075,0.35634743875278396,2.0,2.2266666666666666,2
620,0.3061618411284336,0.34966592427616927,2.0,2.2266666666666666,2
630,0.30597624350408315,0.34743875278396436,2.0,2.2266666666666666,2
640,0.3121009651076466,0.3585746102449889,2.0,2.2266666666666666,2
650,0.30430586488492944,0.33853006681514475,2.0,2.2266666666666666,2
660,0.30219005196733484,0.33407572383073497,2.0,2.2266666666666666,2
670,0.30033407572383064,0.32962138084632514,2.0,2.2266666666666666,2
680,0.3014476614699332,0.33407572383073497,2.0,2.2266666666666666,2
690,0.2937268002969562,0.32293986636971045,2.0,2.2266666666666666,2
700,0.2911284335560505,0.30957683741648107,2.0,2.2266666666666666,2
710,0.28756495916852265,0.3051224944320713,2.0,2.2266666666666666,2
720,0.2867112100965108,0.3028953229398664,2.0,2.2266666666666666,2
730,0.2861544172234596,0.3028953229398664,2.0,2.2266666666666666,2
740,0.2843726800296956,0.2962138084632517,2.0,2.2266666666666666,2
750,0.2914253897550112,0.3028953229398664,2.0,2.2266666666666666,2
760,0.2785077951002227,0.2806236080178174,2.0,2.2266666666666666,2
770,0.3056050482553823,0.34075723830734966,2.0,2.2266666666666666,2
780,0.3091314031180401,0.34743875278396436,2.0,2.2266666666666666,2
790,0.30066815144766146,0.33407572383073497,2.0,2.2266666666666666,2
800,0.29970304380103935,0.33184855233853006,2.0,2.2266666666666666,2
810,0.2961395694135115,0.32962138084632514,2.0,2.2266666666666666,2
820,0.2965850037119525,0.33184855233853006,2.0,2.2266666666666666,2
830,0.3004825538233111,0.3363028953229399,2.0,2.2266666666666666,2
840,0.2978841870824053,0.33407572383073497,2.0,2.2266666666666666,2
850,0.30445434298440976,0.34521158129175944,2.0,2.2266666666666666,2
860,0.311841128433556,0.35412026726057905,2.0,2.2266666666666666,2
870,0.31072754268745356,0.35634743875278396,2.0,2.2266666666666666,2
880,0.3083890126206384,0.34966592427616927,2.0,2.2266666666666666,2
890,0.3104305864884929,0.35412026726057905,2.0,2.2266666666666666,2
900,0.3065701559020045,0.35412026726057905,2.0,2.2266666666666666,2
910,0.3106904231625835,0.36302895322939865,2.0,2.2266666666666666,2
920,0.3144394951744618,0.37193763919821826,2.0,2.2266666666666666,2
930,0.32401633259094287,0.38530066815144765,2.0,2.2266666666666666,2
940,0.32271714922048994,0.3830734966592428,2.0,2.2266666666666666,2
950,0.3051224944320713,0.3830734966592428,2.0,2.2266666666666666,2
960,0.3021529324424647,0.37861915367483295,2.0,2.2266666666666666,2
970,0.2951744617668894,0.35634743875278396,2.0,2.2266666666666666,2
980,0.2992576095025984,0.35634743875278396,2.0,2.2266666666666666,2
990,0.30118782479584266,0.36302895322939865,2.0,2.2266666666666666,2
1000,0.3108389012620638,0.37861915367483295,2.0,2.2266666666666666,2
1010,0.31172976985894574,0.37639198218262804,2.0,2.2266666666666666,2
1020,0.31648106904231627,0.37861915367483295,2.0,2.2266666666666666,2
1030,0.3206384558277654,0.3830734966592428,2.0,2.2266666666666666,2
1040,0.33032665181885673,0.40979955456570155,2.0,2.2266666666666666,2
1050,0.3289161098737936,0.40757238307349664,2.0,2.2266666666666666,2
1060,0.33028953229398667,0.41202672605790647,2.0,2.2266666666666666,2
1070,0.3337416481069042,0.40979955456570155,2.0,2.2266666666666666,2
1080,0.329992576095026,0.40311804008908686,2.0,2.2266666666666666,2
1090,0.305011135857461,0.36302895322939865,2.0,2.2266666666666666,2
1100,0.30638455827765404,0.35634743875278396,2.0,2.2266666666666666,2
1110,0.3113956941351151,0.3585746102449889,2.0,2.2266666666666666,2
1120,0.3133259094283593,0.36302895322939865,2.0,2.2266666666666666,2
1130,0.3144394951744618,0.36971046770601335,2.0,2.2266666666666666,2
1140,0.30850037119524865,0.36080178173719374,2.0,2.2266666666666666,2
1150,0.3275055679287305,0.40757238307349664,2.0,2.2266666666666666,2
1160,0.3243132887899035,0.40089086859688194,2.0,2.2266666666666666,2
1170,0.3248700816629547,0.40089086859688194,2.0,2.2266666666666666,2
1180,0.3258723088344469,0.40089086859688194,2.0,2.2266666666666666,2
1190,0.3222345953971789,0.3986636971046771,2.0,2.2266666666666666,2
1200,0.3233481811432814,0.40089086859688194,2.0,2.2266666666666666,2
1210,0.3276169265033408,0.40311804008908686,2.0,2.2266666666666666,2
1220,0.3289161098737936,0.40311804008908686,2.0,2.2266666666666666,2
1230,0.329547141796585,0.40757238307349664,2.0,2.2266666666666666,2
1240,0.32720861172976984,0.40089086859688194,2.0,2.2266666666666666,2
1250,0.32702301410541945,0.3986636971046771,2.0,2.2266666666666666,2
1260,0.33110616184112845,0.40757238307349664,2.0,2.2266666666666666,2
1270,0.3285820341499629,0.40089086859688194,2.0,2.2266666666666666,2
1280,0.3260579064587973,0.39643652561247217,2.0,2.2266666666666666,2
1290,0.32921306607275425,0.40311804008908686,2.0,2.2266666666666666,2
1300,0.3305122494432071,0.4053452115812918,2.0,2.2266666666666666,2
1310,0.33708240534521156,0.41202672605790647,2.0,2.2266666666666666,2
1320,0.3445805493689681,0.42316258351893093,2.0,2.2266666666666666,2
1330,0.34216778025241273,0.41648106904231624,2.0,2.2266666666666666,2
1340,0.35055679287305125,0.44543429844098,2.0,2.2266666666666666,2
1350,0.33556050482553823,0.42316258351893093,2.0,2.2266666666666666,2
1360,0.33389012620638453,0.41648106904231624,2.0,2.2266666666666666,2
1370,0.3358203414996288,0.42316258351893093,2.0,2.2266666666666666,2
1380,0.33355605048255377,0.41648106904231624,2.0,2.2266666666666666,2
1390,0.34020044543429845,0.42538975501113585,2.0,2.2266666666666666,2
1400,0.33674832962138085,0.42538975501113585,2.0,2.2266666666666666,2
1410,0.3406458797327394,0.4298440979955457,2.0,2.2266666666666666,2
1420,0.33600593912397925,0.41870824053452116,2.0,2.2266666666666666,2
1430,0.33311061618411286,0.4142538975501114,2.0,2.2266666666666666,2
1440,0.3315144766146993,0.41648106904231624,2.0,2.2266666666666666,2
1450,0.33522642910170747,0.4209354120267261,2.0,2.2266666666666666,2
1460,0.33184855233853006,0.41870824053452116,2.0,2.2266666666666666,2
1470,0.3240163325909428,0.40311804008908686,2.0,2.2266666666666666,2
1480,0.3245360059391239,0.40311804008908686,2.0,2.2266666666666666,2
1490,0.3275798069784706,0.4142538975501114,2.0,2.2266666666666666,2
1500,0.32535263548626575,0.40979955456570155,2.0,2.2266666666666666,2
1510,0.25831477357089827,0.2984409799554566,2.0,2.2266666666666666,2
1520,0.26146993318485523,0.30066815144766146,2.0,2.2266666666666666,2
1530,0.2597995545657016,0.2984409799554566,2.0,2.2266666666666666,2
1540,0.2560504825538233,0.2828507795100223,2.0,2.2266666666666666,2
1550,0.25389755011135856,0.2717149220489978,2.0,2.2266666666666666,2
1560,0.25631031922791386,0.2739420935412027,2.0,2.2266666666666666,2
1570,0.26139569413511504,0.2806236080178174,2.0,2.2266666666666666,2
1580,0.29209354120267256,0.33407572383073497,2.0,2.2266666666666666,2
1590,0.2937639198218262,0.33853006681514475,2.0,2.2266666666666666,2
1600,0.30025983667409056,0.34743875278396436,2.0,2.2266666666666666,2
1610,0.30155902004454344,0.34966592427616927,2.0,2.2266666666666666,2
1620,0.3034149962880475,0.35634743875278396,2.0,2.2266666666666666,2
1630,0.30237564959168517,0.3585746102449889,2.0,2.2266666666666666,2
1640,0.3053452115812917,0.36302895322939865,2.0,2.2266666666666666,2
1650,0.30178173719376394,0.3518930957683742,2.0,2.2266666666666666,2
1660,0.30092798812175203,0.34966592427616927,2.0,2.2266666666666666,2
1670,0.30059391239792127,0.34743875278396436,2.0,2.2266666666666666,2
1680,0.29818114328136597,0.3429844097995546,2.0,2.2266666666666666,2
1690,0.294543429844098,0.3363028953229399,2.0,2.2266666666666666,2
1700,0.29305864884929467,0.3363028953229399,2.0,2.2266666666666666,2
1710,0.2944320712694877,0.3363028953229399,2.0,2.2266666666666666,2
1720,0.2998886414253897,0.34521158129175944,2.0,2.2266666666666666,2
1730,0.2999628804751299,0.34743875278396436,2.0,2.2266666666666666,2
1740,0.3021529324424647,0.34966592427616927,2.0,2.2266666666666666,2
1750,0.30085374907201184,0.34743875278396436,2.0,2.2266666666666666,2
1760,0.29339272457312543,0.33407572383073497,2.0,2.2266666666666666,2
1770,0.28582034149962876,0.3273942093541203,2.0,2.2266666666666666,2
1780,0.2841870824053452,0.32516703786191536,2.0,2.2266666666666666,2
1790,0.288641425389755,0.32962138084632514,2.0,2.2266666666666666,2
1800,0.28845582776540457,0.33184855233853006,2.0,2.2266666666666666,2
1810,0.28938381588715667,0.33184855233853006,2.0,2.2266666666666666,2
1820,0.29383815887156645,0.33407572383073497,2.0,2.2266666666666666,2
1830,0.2883444691907944,0.3273942093541203,2.0,2.2266666666666666,2
1840,0.2906458797327394,0.32293986636971045,2.0,2.2266666666666666,2
1850,0.2908314773570898,0.3207126948775056,2.0,2.2266666666666666,2
1860,0.28860430586488495,0.32516703786191536,2.0,2.2266666666666666,2
1870,0.29461766889383817,0.33853006681514475,2.0,2.2266666666666666,2
1880,0.29684484038604303,0.3429844097995546,2.0,2.2266666666666666,2
1890,0.3011135857461024,0.34966592427616927,2.0,2.2266666666666666,2
1900,0.3008166295471418,0.35412026726057905,2.0,2.2266666666666666,2
1910,0.2932442464736451,0.34743875278396436,2.0,2.2266666666666666,2
1920,0.28830734966592425,0.34075723830734966,2.0,2.2266666666666666,2
1930,0.29053452115812917,0.3429844097995546,2.0,2.2266666666666666,2
1940,0.30716406829992576,0.35634743875278396,2.0,2.2266666666666666,2
1950,0.3169265033407573,0.36080178173719374,2.0,2.2266666666666666,2
1960,0.3169265033407573,0.36080178173719374,2.0,2.2266666666666666,2
1970,0.29721603563474386,0.34966592427616927,2.0,2.2266666666666666,2
1980,0.3084261321455085,0.3674832962138085,2.0,2.2266666666666666,2
1990,0.30103934669636234,0.36080178173719374,2.0,2.2266666666666666,2
2000,0.29706755753526354,0.34743875278396436,2.0,2.2266666666666666,2
2010,0.29706755753526354,0.34966592427616927,2.0,2.2266666666666666,2
2020,0.2959539717891611,0.34966592427616927,2.0,2.2266666666666666,2
2030,0.2994060876020787,0.34521158129175944,2.0,2.2266666666666666,2
2040,0.29862657757980693,0.33407572383073497,2.0,2.2266666666666666,2
2050,0.29439495174461766,0.3273942093541203,2.0,2.2266666666666666,2
2060,0.30167037861915363,0.34075723830734966,2.0,2.2266666666666666,2
2070,0.3059391239792131,0.34521158129175944,2.0,2.2266666666666666,2
2080,0.30749814402375647,0.3429844097995546,2.0,2.2266666666666666,2
2090,0.3247216035634744,0.38530066815144765,2.0,2.2266666666666666,2
2100,0.3183741648106904,0.37193763919821826,2.0,2.2266666666666666,2
2110,0.3202301410541945,0.37193763919821826,2.0,2.2266666666666666,2
2120,0.3244988864142539,0.37861915367483295,2.0,2.2266666666666666,2
2130,0.3295100222717149,0.39420935412026725,2.0,2.2266666666666666,2
2140,0.3362657757980698,0.3986636971046771,2.0,2.2266666666666666,2
2150,0.3353006681514477,0.40311804008908686,2.0,2.2266666666666666,2
2160,0.3349294729027468,0.39643652561247217,2.0,2.2266666666666666,2
2170,0.32776540460282105,0.38084632516703787,2.0,2.2266666666666666,2
2180,0.31829992576095023,0.4142538975501114,2.0,2.2266666666666666,2
2190,0.26180400890868594,0.31625835189309576,2.0,2.2266666666666666,2
2200,0.24951744617668895,0.289532293986637,2.0,2.2266666666666666,2
2210,0.2511878247958426,0.29175946547884185,2.0,2.2266666666666666,2
2220,0.2530066815144766,0.2806236080178174,2.0,2.2266666666666666,2
2230,0.24276169265033407,0.2650334075723831,2.0,2.2266666666666666,2
2240,0.26796585003711954,0.30734966592427615,2.0,2.2266666666666666,2
2250,0.26907943578322197,0.30734966592427615,2.0,2.2266666666666666,2
2260,0.27037861915367484,0.31403118040089084,2.0,2.2266666666666666,2
2270,0.2675946547884187,0.30957683741648107,2.0,2.2266666666666666,2
2280,0.3064959168522643,0.34966592427616927,2.0,2.2266666666666666,2
2290,0.2841499628804751,0.33184855233853006,2.0,2.2266666666666666,2
2300,0.2814402375649591,0.3273942093541203,2.0,2.2266666666666666,2
2310,0.28002969561989605,0.32516703786191536,2.0,2.2266666666666666,2
2320,0.2815887156644395,0.32516703786191536,2.0,2.2266666666666666,2
2330,0.2883444691907944,0.33853006681514475,2.0,2.2266666666666666,2
2340,0.29576837416481067,0.34966592427616927,2.0,2.2266666666666666,2
2350,0.29825538233110616,0.35412026726057905,2.0,2.2266666666666666,2
2360,0.30025983667409056,0.34521158129175944,2.0,2.2266666666666666,2
2370,0.2995174461766889,0.3429844097995546,2.0,2.2266666666666666,2
2380,0.29914625092798813,0.3429844097995546,2.0,2.2266666666666666,2
2390,0.2967334818114328,0.34075723830734966,2.0,2.2266666666666666,2
2400,0.2894580549368968,0.3184855233853007,2.0,2.2266666666666666,2
2410,0.2870452858203415,0.31403118040089084,2.0,2.2266666666666666,2
2420,0.2844469190794358,0.3051224944320713,2.0,2.2266666666666666,2
2430,0.28348181143281365,0.30066815144766146,2.0,2.2266666666666666,2
2440,0.2823682256867112,0.2984409799554566,2.0,2.2266666666666666,2
2450,0.28830734966592425,0.311804008908686,2.0,2.2266666666666666,2
2460,0.3050853749072012,0.34521158129175944,2.0,2.2266666666666666,2
2470,0.30389755011135855,0.3429844097995546,2.0,2.2266666666666666,2
2480,0.3037861915367483,0.34075723830734966,2.0,2.2266666666666666,2
2490,0.30423162583518926,0.34075723830734966,2.0,2.2266666666666666,2
2500,0.3047884187082405,0.34075723830734966,2.0,2.2266666666666666,2
2510,0.30549368968077206,0.33184855233853006,2.0,2.2266666666666666,2
2520,0.3015590200445434,0.32962138084632514,2.0,2.2266666666666666,2
2530,0.3000742390497401,0.3273942093541203,2.0,2.2266666666666666,2
2540,0.30085374907201184,0.32516703786191536,2.0,2.2266666666666666,2
2550,0.31603563474387525,0.36080178173719374,2.0,2.2266666666666666,2
2560,0.314550853749072,0.35634743875278396,2.0,2.2266666666666666,2
2570,0.31585003711952486,0.3585746102449889,2.0,2.2266666666666666,2
2580,0.3211210096510765,0.3674832962138085,2.0,2.2266666666666666,2
2590,0.3185968819599109,0.36525612472160357,2.0,2.2266666666666666,2
2600,0.32138084632516706,0.36971046770601335,2.0,2.2266666666666666,2
2610,0.3236080178173719,0.3741648106904232,2.0,2.2266666666666666,2
2620,0.321380846325167,0.36971046770601335,2.0,2.2266666666666666,2
2630,0.32368225686711205,0.37193763919821826,2.0,2.2266666666666666,2
2640,0.3249814402375649,0.37861915367483295,2.0,2.2266666666666666,2
2650,0.3192279138827023,0.37193763919821826,2.0,2.2266666666666666,2
2660,0.32145508537490713,0.3741648106904232,2.0,2.2266666666666666,2
2670,0.3234966592427617,0.3741648106904232,2.0,2.2266666666666666,2
2680,0.31874536005939125,0.36080178173719374,2.0,2.2266666666666666,2
2690,0.3197475872308834,0.36302895322939865,2.0,2.2266666666666666,2
2700,0.3259465478841871,0.37861915367483295,2.0,2.2266666666666666,2
2710,0.32100965107646623,0.3674832962138085,2.0,2.2266666666666666,2
2720,0.32082405345211584,0.36525612472160357,2.0,2.2266666666666666,2
2730,0.32290274684484044,0.36525612472160357,2.0,2.2266666666666666,2
2740,0.320489977728285,0.3585746102449889,2.0,2.2266666666666666,2
2750,0.32345953971789165,0.36302895322939865,2.0,2.2266666666666666,2
2760,0.3199331848552338,0.3585746102449889,2.0,2.2266666666666666,2
2770,0.3201187824795843,0.36080178173719374,2.0,2.2266666666666666,2
2780,0.32791388270230143,0.36525612472160357,2.0,2.2266666666666666,2
2790,0.320898292501856,0.3518930957683742,2.0,2.2266666666666666,2
2800,0.31243504083147733,0.33853006681514475,2.0,2.2266666666666666,2
2810,0.30783221974758723,0.33853006681514475,2.0,2.2266666666666666,2
2820,0.3203414996288047,0.36971046770601335,2.0,2.2266666666666666,2
2830,0.31930215293244246,0.36525612472160357,2.0,2.2266666666666666,2
2840,0.3155530809205642,0.3585746102449889,2.0,2.2266666666666666,2
2850,0.3150705270972531,0.3585746102449889,2.0,2.2266666666666666,2
2860,0.32063845582776535,0.36525612472160357,2.0,2.2266666666666666,2
2870,0.3171863400148478,0.36080178173719374,2.0,2.2266666666666666,2
2880,0.3076095025983668,0.3585746102449889,2.0,2.2266666666666666,2
2890,0.30063103192279145,0.3429844097995546,2.0,2.2266666666666666,2
2900,0.3007052709725315,0.33407572383073497,2.0,2.2266666666666666,2
2910,0.3083147735708983,0.3429844097995546,2.0,2.2266666666666666,2
2920,0.3057164068299926,0.3363028953229399,2.0,2.2266666666666666,2
2930,0.31072754268745356,0.34521158129175944,2.0,2.2266666666666666,2
2940,0.34116555308092056,0.44097995545657015,2.0,2.2266666666666666,2
2950,0.3332590942835931,0.4298440979955457,2.0,2.2266666666666666,2
2960,0.30378619153674835,0.37193763919821826,2.0,2.2266666666666666,2
2970,0.30063103192279134,0.37193763919821826,2.0,2.2266666666666666,2
2980,0.30601336302895316,0.37639198218262804,2.0,2.2266666666666666,2
2990,0.30393466963622867,0.37193763919821826,2.0,2.2266666666666666,2
3000,0.30356347438752784,0.3741648106904232,2.0,2.2266666666666666,2
3010,0.29855233853006685,0.36080178173719374,2.0,2.2266666666666666,2
3020,0.29743875278396437,0.3585746102449889,2.0,2.2266666666666666,2
3030,0.2989235337787676,0.36080178173719374,2.0,2.2266666666666666,2
3040,0.304120267260579,0.3674832962138085,2.0,2.2266666666666666,2
3050,0.3174832962138085,0.36525612472160357,2.0,2.2266666666666666,2
3060,0.317297698589458,0.36302895322939865,2.0,2.2266666666666666,2
3070,0.3156273199703043,0.36302895322939865,2.0,2.2266666666666666,2
3080,0.32988121752041577,0.3830734966592428,2.0,2.2266666666666666,2
3090,0.3354120267260579,0.39198218262806234,2.0,2.2266666666666666,2
3100,0.3343726800296956,0.39198218262806234,2.0,2.2266666666666666,2
3110,0.3405716406829992,0.39643652561247217,2.0,2.2266666666666666,2
3120,0.33730512249443206,0.3897550111358575,2.0,2.2266666666666666,2
3130,0.3355976243504083,0.3897550111358575,2.0,2.2266666666666666,2
3140,0.34123979213066075,0.40089086859688194,2.0,2.2266666666666666,2
3150,0.33455827765404594,0.39198218262806234,2.0,2.2266666666666666,2
3160,0.33997772828507794,0.40311804008908686,2.0,2.2266666666666666,2
3170,0.3267631774313288,0.3830734966592428,2.0,2.2266666666666666,2
3180,0.32535263548626575,0.37861915367483295,2.0,2.2266666666666666,2
3190,0.3151076466221232,0.36302895322939865,2.0,2.2266666666666666,2
3200,0.30404602821083887,0.34743875278396436,2.0,2.2266666666666666,2
3210,0.29706755753526354,0.3363028953229399,2.0,2.2266666666666666,2
3220,0.2983667409057164,0.3363028953229399,2.0,2.2266666666666666,2
3230,0.29914625092798813,0.33853006681514475,2.0,2.2266666666666666,2
3240,0.3007052709725315,0.3429844097995546,2.0,2.2266666666666666,2
3250,0.2955827765404602,0.32962138084632514,2.0,2.2266666666666666,2
3260,0.29094283593170006,0.3207126948775056,2.0,2.2266666666666666,2
3270,0.28982925018559763,0.31625835189309576,2.0,2.2266666666666666,2
3280,0.2924276169265033,0.3207126948775056,2.0,2.2266666666666666,2
3290,0.2848923533778767,0.30734966592427615,2.0,2.2266666666666666,2
3300,0.28756495916852265,0.30957683741648107,2.0,2.2266666666666666,2
3310,0.29053452115812917,0.31403118040089084,2.0,2.2266666666666666,2
3320,0.2910913140311804,0.31403118040089084,2.0,2.2266666666666666,2
3330,0.30077951002227177,0.3273942093541203,2.0,2.2266666666666666,2
3340,0.30374907201187823,0.33407572383073497,2.0,2.2266666666666666,2
3350,0.306347438752784,0.3429844097995546,2.0,2.2266666666666666,2
3360,0.31135857461024496,0.34743875278396436,2.0,2.2266666666666666,2
3370,0.32234595397178917,0.38084632516703787,2.0,2.2266666666666666,2
3380,0.32728285077950997,0.38530066815144765,2.0,2.2266666666666666,2
3390,0.32357089829250185,0.37861915367483295,2.0,2.2266666666666666,2
3400,0.31466221232368224,0.36302895322939865,2.0,2.2266666666666666,2
3410,0.3253155159613957,0.37639198218262804,2.0,2.2266666666666666,2
3420,0.3262435040831478,0.37639198218262804,2.0,2.2266666666666666,2
3430,0.3260579064587973,0.3741648106904232,2.0,2.2266666666666666,2
3440,0.3264291017074981,0.37193763919821826,2.0,2.2266666666666666,2
3450,0.3306978470675575,0.38084632516703787,2.0,2.2266666666666666,2
3460,0.32680029695619894,0.37639198218262804,2.0,2.2266666666666666,2
3470,0.3258723088344469,0.3741648106904232,2.0,2.2266666666666666,2
3480,0.3243875278396436,0.37193763919821826,2.0,2.2266666666666666,2
3490,0.32631774313288786,0.3741648106904232,2.0,2.2266666666666666,2
3500,0.3279510022271715,0.38084632516703787,2.0,2.2266666666666666,2
3510,0.32880475129918335,0.38084632516703787,2.0,2.2266666666666666,2
3520,0.3308463251670379,0.3830734966592428,2.0,2.2266666666666666,2
3530,0.3362657757980698,0.3897550111358575,2.0,2.2266666666666666,2
3540,0.3388641425389755,0.39643652561247217,2.0,2.2266666666666666,2
3550,0.3072383073496659,0.38084632516703787,2.0,2.2266666666666666,2
3560,0.3007052709725315,0.37193763919821826,2.0,2.2266666666666666,2
3570,0.3007052709725315,0.36971046770601335,2.0,2.2266666666666666,2
3580,0.2982925018559763,0.36525612472160357,2.0,2.2266666666666666,2
3590,0.2996659242761693,0.36080178173719374,2.0,2.2266666666666666,2
3600,0.30059391239792127,0.3585746102449889,2.0,2.2266666666666666,2
3610,0.29799554565701564,0.3585746102449889,2.0,2.2266666666666666,2
3620,0.30950259836674093,0.37193763919821826,2.0,2.2266666666666666,2
3630,0.3100593912397921,0.37639198218262804,2.0,2.2266666666666666,2
3640,0.31651818856718633,0.39198218262806234,2.0,2.2266666666666666,2
3650,0.32030438010393464,0.39420935412026725,2.0,2.2266666666666666,2
3660,0.31982182628062356,0.3830734966592428,2.0,2.2266666666666666,2
3670,0.3213066072754268,0.3830734966592428,2.0,2.2266666666666666,2
3680,0.3218634001484781,0.3830734966592428,2.0,2.2266666666666666,2
3690,0.32516703786191536,0.3897550111358575,2.0,2.2266666666666666,2
3700,0.315478841870824,0.36302895322939865,2.0,2.2266666666666666,2
3710,0.325463994060876,0.36971046770601335,2.0,2.2266666666666666,2
3720,0.32824795842613214,0.3741648106904232,2.0,2.2266666666666666,2
3730,0.33288789903489235,0.38752783964365256,2.0,2.2266666666666666,2
3740,0.3367854491462509,0.39643652561247217,2.0,2.2266666666666666,2
3750,0.3344469190794358,0.39420935412026725,2.0,2.2266666666666666,2
3760,0.3406829992576094,0.3986636971046771,2.0,2.2266666666666666,2
3770,0.3431700074239049,0.40757238307349664,2.0,2.2266666666666666,2
3780,0.3353749072011878,0.39420935412026725,2.0,2.2266666666666666,2
3790,0.3247958426132146,0.37861915367483295,2.0,2.2266666666666666,2
3800,0.32832219747587227,0.38084632516703787,2.0,2.2266666666666666,2
3810,0.3279510022271715,0.37639198218262804,2.0,2.2266666666666666,2
3820,0.33144023756495916,0.37861915367483295,2.0,2.2266666666666666,2
3830,0.3288418708240534,0.37639198218262804,2.0,2.2266666666666666,2
3840,0.3330734966592428,0.3830734966592428,2.0,2.2266666666666666,2
3850,0.33641425389755014,0.38530066815144765,2.0,2.2266666666666666,2
3860,0.3285077951002227,0.3741648106904232,2.0,2.2266666666666666,2
3870,0.33092056421677796,0.37861915367483295,2.0,2.2266666666666666,2
3880,0.33507795100222715,0.3897550111358575,2.0,2.2266666666666666,2
3890,0.3353749072011878,0.40089086859688194,2.0,2.2266666666666666,2
3900,0.3149591685226429,0.36525612472160357,2.0,2.2266666666666666,2
3910,0.3236080178173719,0.39643652561247217,2.0,2.2266666666666666,2
3920,0.32100965107646623,0.38752783964365256,2.0,2.2266666666666666,2
3930,0.3239420935412026,0.38752783964365256,2.0,2.2266666666666666,2
3940,0.3245731254639941,0.38530066815144765,2.0,2.2266666666666666,2
3950,0.3260579064587973,0.38752783964365256,2.0,2.2266666666666666,2
3960,0.3262435040831478,0.38752783964365256,2.0,2.2266666666666666,2
3970,0.32293986636971045,0.38530066815144765,2.0,2.2266666666666666,2
3980,0.3212694877505568,0.38084632516703787,2.0,2.2266666666666666,2
3990,0.317743132887899,0.3741648106904232,2.0,2.2266666666666666,2
4000,0.311395694135115,0.3741648106904232,2.0,2.2266666666666666,2
4010,0.3102449888641426,0.36971046770601335,2.0,2.2266666666666666,2
4020,0.3100593912397921,0.3674832962138085,2.0,2.2266666666666666,2
4030,0.28997772828507795,0.33853006681514475,2.0,2.2266666666666666,2
4040,0.28886414253897547,0.33407572383073497,2.0,2.2266666666666666,2
4050,0.28986636971046764,0.3363028953229399,2.0,2.2266666666666666,2
4060,0.292761692650334,0.34075723830734966,2.0,2.2266666666666666,2
4070,0.2746473645137342,0.3051224944320713,2.0,2.2266666666666666,2
4080,0.27598366740905717,0.30066815144766146,2.0,2.2266666666666666,2
4090,0.272271714922049,0.29398663697104677,2.0,2.2266666666666666,2
4100,0.2739420935412027,0.30066815144766146,2.0,2.2266666666666666,2
4110,0.2708240534521158,0.289532293986637,2.0,2.2266666666666666,2
4120,0.2944320712694877,0.33407572383073497,2.0,2.2266666666666666,2
4130,0.2964736451373422,0.34075723830734966,2.0,2.2266666666666666,2
4140,0.2903489235337788,0.33184855233853006,2.0,2.2266666666666666,2
4150,0.2894209354120267,0.32962138084632514,2.0,2.2266666666666666,2
4160,0.2929472902746844,0.3363028953229399,2.0,2.2266666666666666,2
4170,0.29684484038604314,0.3429844097995546,2.0,2.2266666666666666,2
4180,0.30204157386785446,0.3518930957683742,2.0,2.2266666666666666,2
4190,0.2982182628062361,0.34521158129175944,2.0,2.2266666666666666,2
4200,0.2966221232368226,0.34743875278396436,2.0,2.2266666666666666,2
4210,0.3044172234595397,0.36525612472160357,2.0,2.2266666666666666,2
4220,0.29688195991091315,0.3518930957683742,2.0,2.2266666666666666,2
4230,0.29974016332590936,0.35634743875278396,2.0,2.2266666666666666,2
4240,0.308648849294729,0.3674832962138085,2.0,2.2266666666666666,2
4250,0.308648849294729,0.3674832962138085,2.0,2.2266666666666666,2
4260,0.31169265033407567,0.38084632516703787,2.0,2.2266666666666666,2
4270,0.30389755011135855,0.36525612472160357,2.0,2.2266666666666666,2
4280,0.30322939866369714,0.36080178173719374,2.0,2.2266666666666666,2
4290,0.30452858203415,0.36302895322939865,2.0,2.2266666666666666,2
4300,0.30627319970304384,0.36302895322939865,2.0,2.2266666666666666,2
4310,0.3114699331848552,0.37861915367483295,2.0,2.2266666666666666,2
4320,0.3127319970304381,0.38084632516703787,2.0,2.2266666666666666,2
4330,0.3077951002227171,0.3830734966592428,2.0,2.2266666666666666,2
4340,0.3059391239792131,0.38084632516703787,2.0,2.2266666666666666,2
4350,0.3067557535263549,0.38530066815144765,2.0,2.2266666666666666,2
4360,0.3029695619896065,0.37861915367483295,2.0,2.2266666666666666,2
4370,0.30601336302895327,0.37861915367483295,2.0,2.2266666666666666,2
4380,0.3012249443207127,0.36971046770601335,2.0,2.2266666666666666,2
4390,0.3043801039346697,0.37193763919821826,2.0,2.2266666666666666,2
4400,0.30846325167037864,0.3741648106904232,2.0,2.2266666666666666,2
4410,0.27731997030438005,0.31403118040089084,2.0,2.2266666666666666,2
4420,0.29684484038604303,0.34521158129175944,2.0,2.2266666666666666,2
4430,0.2993318485523385,0.34966592427616927,2.0,2.2266666666666666,2
4440,0.30274684484038605,0.35412026726057905,2.0,2.2266666666666666,2
4450,0.306829992576095,0.3585746102449889,2.0,2.2266666666666666,2
4460,0.3069042316258352,0.36080178173719374,2.0,2.2266666666666666,2
4470,0.28982925018559763,0.34075723830734966,2.0,2.2266666666666666,2
4480,0.2916852264291017,0.3429844097995546,2.0,2.2266666666666666,2
4490,0.27379361544172237,0.29398663697104677,2.0,2.2266666666666666,2
0,0.3115812917594654,0.35412026726057905,2.0,2.102222222222222,3
10,0.3078322197475872,0.3429844097995546,2.0,2.102222222222222,3
20,0.31005939123979215,0.34743875278396436,2.0,2.102222222222222,3
30,0.32100965107646623,0.3741648106904232,2.0,2.102222222222222,3
40,0.32386785449146255,0.37639198218262804,2.0,2.102222222222222,3
50,0.3234966592427617,0.3741648106904232,2.0,2.102222222222222,3
60,0.32171492204899776,0.36080178173719374,2.0,2.102222222222222,3
70,0.32308834446919077,0.36525612472160357,2.0,2.102222222222222,3
80,0.32253155159613955,0.3741648106904232,2.0,2.102222222222222,3
90,0.3198218262806236,0.36971046770601335,2.0,2.102222222222222,3
100,0.32138084632516706,0.37193763919821826,2.0,2.102222222222222,3
110,0.3388270230141054,0.3986636971046771,2.0,2.102222222222222,3
120,0.3344469190794358,0.39643652561247217,2.0,2.102222222222222,3
130,0.3129547141796585,0.3585746102449889,2.0,2.102222222222222,3
140,0.31729769858945805,0.37193763919821826,2.0,2.102222222222222,3
150,0.30846325167037864,0.35412026726057905,2.0,2.102222222222222,3
160,0.29721603563474386,0.33184855233853006,2.0,2.102222222222222,3
170,0.30181885671863395,0.32962138084632514,2.0,2.102222222222222,3
180,0.29439495174461766,0.30957683741648107,2.0,2.102222222222222,3
190,0.2966221232368226,0.31625835189309576,2.0,2.102222222222222,3
200,0.30482553823311065,0.32962138084632514,2.0,2.102222222222222,3
210,0.3087230883444692,0.33184855233853006,2.0,2.102222222222222,3
220,0.30916852264291017,0.33407572383073497,2.0,2.102222222222222,3
230,0.3097253155159614,0.33184855233853006,2.0,2.102222222222222,3
240,0.3160356347438753,0.3429844097995546,2.0,2.102222222222222,3
250,0.31492204899777276,0.34743875278396436,2.0,2.102222222222222,3
260,0.31306607275426873,0.3518930957683742,2.0,2.102222222222222,3
270,0.3167780252412769,0.35412026726057905,2.0,2.102222222222222,3
280,0.30942835931700075,0.34075723830734966,2.0,2.102222222222222,3
290,0.3060876020786934,0.34075723830734966,2.0,2.102222222222222,3
300,0.30590200445434296,0.3363028953229399,2.0,2.102222222222222,3
310,0.3087602078693393,0.33853006681514475,2.0,2.102222222222222,3
320,0.2962880475129918,0.3207126948775056,2.0,2.102222222222222,3
330,0.296362286562732,0.32516703786191536,2.0,2.102222222222222,3
340,0.3015590200445434,0.33184855233853006,2.0,2.102222222222222,3
350,0.30267260579064587,0.3363028953229399,2.0,2.102222222222222,3
360,0.30916852264291017,0.34075723830734966,2.0,2.102222222222222,3
370,0.30452858203414995,0.33853006681514475,2.0,2.102222222222222,3
380,0.30230141054194504,0.33407572383073497,2.0,2.102222222222222,3
390,0.30107646622123235,0.33184855233853006,2.0,2.102222222222222,3
400,0.30326651818856715,0.32962138084632514,2.0,2.102222222222222,3
410,0.30438010393466963,0.33184855233853006,2.0,2.102222222222222,3
420,0.3125092798812175,0.34521158129175944,2.0,2.102222222222222,3
430,0.30193021529324426,0.32962138084632514,2.0,2.102222222222222,3
440,0.3263548626577579,0.36971046770601335,2.0,2.102222222222222,3
450,0.31893095768374163,0.3585746102449889,2.0,2.102222222222222,3
460,0.3129918337045286,0.34521158129175944,2.0,2.102222222222222,3
470,0.3163325909428359,0.33853006681514475,2.0,2.102222222222222,3
480,0.31651818856718633,0.33853006681514475,2.0,2.102222222222222,3
490,0.3305122494432071,0.3518930957683742,2.0,2.102222222222222,3
500,0.33440979955456573,0.35634743875278396,2.0,2.102222222222222,3
510,0.33589458054936894,0.36525612472160357,2.0,2.102222222222222,3
520,0.3364513734224202,0.36525612472160357,2.0,2.102222222222222,3
530,0.3500371195248701,0.40089086859688194,2.0,2.102222222222222,3
540,0.3465478841870824,0.40757238307349664,2.0,2.102222222222222,3
550,0.3423533778767632,0.42316258351893093,2.0,2.102222222222222,3
560,0.3403118040089087,0.4209354120267261,2.0,2.102222222222222,3
570,0.3414253897550112,0.42316258351893093,2.0,2.102222222222222,3
580,0.34309576837416483,0.42538975501113585,2.0,2.102222222222222,3
590,0.34762435040831474,0.4298440979955457,2.0,2.102222222222222,3
600,0.3507795100222717,0.4298440979955457,2.0,2.102222222222222,3
610,0.3513363028953229,0.42538975501113585,2.0,2.102222222222222,3
620,0.3487379361544172,0.4209354120267261,2.0,2.102222222222222,3
630,0.3504083147735709,0.42761692650334077,2.0,2.102222222222222,3
640,0.3550482553823311,0.43207126948775054,2.0,2.102222222222222,3
650,0.3409799554565701,0.40757238307349664,2.0,2.102222222222222,3
660,0.32672605790645876,0.39198218262806234,2.0,2.102222222222222,3
670,0.3338530066815144,0.4053452115812918,2.0,2.102222222222222,3
680,0.33552338530066816,0.40757238307349664,2.0,2.102222222222222,3
690,0.32817371937639195,0.37639198218262804,2.0,2.102222222222222,3
700,0.30348923533778766,0.35412026726057905,2.0,2.102222222222222,3
710,0.30924276169265025,0.37639198218262804,2.0,2.102222222222222,3
720,0.3041202672605791,0.3674832962138085,2.0,2.102222222222222,3
730,0.2989235337787676,0.3585746102449889,2.0,2.102222222222222,3
740,0.29632516703786194,0.35412026726057905,2.0,2.102222222222222,3
750,0.29858945805493686,0.34966592427616927,2.0,2.102222222222222,3
760,0.3017074981440237,0.35634743875278396,2.0,2.102222222222222,3
770,0.3026354862657758,0.3585746102449889,2.0,2.102222222222222,3
780,0.3039346696362286,0.36080178173719374,2.0,2.102222222222222,3
790,0.29335560504825536,0.34743875278396436,2.0,2.102222222222222,3
800,0.291833704528582,0.34743875278396436,2.0,2.102222222222222,3
810,0.30051967334818114,0.35412026726057905,2.0,2.102222222222222,3
820,0.3025612472160356,0.3585746102449889,2.0,2.102222222222222,3
830,0.3074610244988864,0.36302895322939865,2.0,2.102222222222222,3
840,0.308166295471418,0.3585746102449889,2.0,2.102222222222222,3
850,0.3080549368968077,0.36080178173719374,2.0,2.102222222222222,3
860,0.315478841870824,0.36971046770601335,2.0,2.102222222222222,3
870,0.31585003711952486,0.3674832962138085,2.0,2.102222222222222,3
880,0.3276911655530809,0.37861915367483295,2.0,2.102222222222222,3
890,0.3039717891610988,0.36302895322939865,2.0,2.102222222222222,3
900,0.3028582034149963,0.36080178173719374,2.0,2.102222222222222,3
910,0.2976614699331849,0.35412026726057905,2.0,2.102222222222222,3
920,0.2976614699331848,0.35412026726057905,2.0,2.102222222222222,3
930,0.29632516703786194,0.35634743875278396,2.0,2.102222222222222,3
940,0.29836674090571635,0.35634743875278396,2.0,2.102222222222222,3
950,0.3018930957683742,0.36525612472160357,2.0,2.102222222222222,3
960,0.3085746102449889,0.3585746102449889,2.0,2.102222222222222,3
970,0.3160356347438753,0.37193763919821826,2.0,2.102222222222222,3
980,0.31822568671121015,0.37193763919821826,2.0,2.102222222222222,3
990,0.32045285820341496,0.37639198218262804,2.0,2.102222222222222,3
1000,0.3171121009651076,0.35634743875278396,2.0,2.102222222222222,3
1010,0.3197104677060134,0.36080178173719374,2.0,2.102222222222222,3
1020,0.321380846325167,0.36080178173719374,2.0,2.102222222222222,3
1030,0.3266518188567186,0.36971046770601335,2.0,2.102222222222222,3
1040,0.32887899034892354,0.3830734966592428,2.0,2.102222222222222,3
1050,0.31752041573867856,0.37193763919821826,2.0,2.102222222222222,3
1060,0.31714922048997773,0.36971046770601335,2.0,2.102222222222222,3
1070,0.31358574610244994,0.3674832962138085,2.0,2.102222222222222,3
1080,0.32052709725315515,0.3741648106904232,2.0,2.102222222222222,3
1090,0.3260950259836674,0.39198218262806234,2.0,2.102222222222222,3
1100,0.3228285077951002,0.3897550111358575,2.0,2.102222222222222,3
1110,0.3188195991091314,0.38530066815144765,2.0,2.102222222222222,3
1120,0.3156644394951744,0.38084632516703787,2.0,2.102222222222222,3
1130,0.3169636228656273,0.38530066815144765,2.0,2.102222222222222,3
1140,0.323608017817372,0.38752783964365256,2.0,2.102222222222222,3
1150,0.3156273199703044,0.37193763919821826,2.0,2.102222222222222,3
1160,0.31365998515219,0.3674832962138085,2.0,2.102222222222222,3
1170,0.31681514476614697,0.3741648106904232,2.0,2.102222222222222,3
1180,0.32178916109873795,0.38084632516703787,2.0,2.102222222222222,3
1190,0.3162954714179658,0.37193763919821826,2.0,2.102222222222222,3
1200,0.30653303637713436,0.3585746102449889,2.0,2.102222222222222,3
1210,0.3030809205642168,0.34966592427616927,2.0,2.102222222222222,3
1220,0.3093541202672605,0.3518930957683742,2.0,2.102222222222222,3
1230,0.29513734224201926,0.34743875278396436,2.0,2.102222222222222,3
1240,0.2964365256124721,0.34966592427616927,2.0,2.102222222222222,3
1250,0.2971789161098738,0.3518930957683742,2.0,2.102222222222222,3
1260,0.29161098737936153,0.34521158129175944,2.0,2.102222222222222,3
1270,0.288641425389755,0.34075723830734966,2.0,2.102222222222222,3
1280,0.28734224201930214,0.3363028953229399,2.0,2.102222222222222,3
1290,0.27976985894580547,0.3207126948775056,2.0,2.102222222222222,3
1300,0.2760579064587973,0.311804008908686,2.0,2.102222222222222,3
1310,0.2795842613214551,0.31625835189309576,2.0,2.102222222222222,3
1320,0.29543429844097996,0.33184855233853006,2.0,2.102222222222222,3
1330,0.301818856718634,0.3363028953229399,2.0,2.102222222222222,3
1340,0.3057164068299925,0.34075723830734966,2.0,2.102222222222222,3
1350,0.30850037119524865,0.34075723830734966,2.0,2.102222222222222,3
1360,0.30924276169265025,0.3429844097995546,2.0,2.102222222222222,3
1370,0.3104305864884929,0.34075723830734966,2.0,2.102222222222222,3
1380,0.3117297698589458,0.3429844097995546,2.0,2.102222222222222,3
1390,0.3347809948032665,0.4053452115812918,2.0,2.102222222222222,3
1400,0.33411284335560504,0.40089086859688194,2.0,2.102222222222222,3
1410,0.32208611729769854,0.36971046770601335,2.0,2.102222222222222,3
1420,0.32011878247958425,0.36525612472160357,2.0,2.102222222222222,3
1430,0.32030438010393464,0.36302895322939865,2.0,2.102222222222222,3
1440,0.3217891610987379,0.3674832962138085,2.0,2.102222222222222,3
1450,0.31900519673348177,0.36302895322939865,2.0,2.102222222222222,3
1460,0.3178916109873794,0.3674832962138085,2.0,2.102222222222222,3
1470,0.32104677060133624,0.36302895322939865,2.0,2.102222222222222,3
1480,0.3217891610987379,0.36302895322939865,2.0,2.102222222222222,3
1490,0.32327394209354116,0.3674832962138085,2.0,2.102222222222222,3
1500,0.31610987379361544,0.36080178173719374,2.0,2.102222222222222,3
1510,0.3170378619153675,0.36080178173719374,2.0,2.102222222222222,3
1520,0.31989606533036374,0.36302895322939865,2.0,2.102222222222222,3
1530,0.31829992576095023,0.36302895322939865,2.0,2.102222222222222,3
1540,0.32420193021529325,0.36971046770601335,2.0,2.102222222222222,3
1550,0.32178916109873795,0.36525612472160357,2.0,2.102222222222222,3
1560,0.324573125463994,0.3674832962138085,2.0,2.102222222222222,3
1570,0.32817371937639206,0.37193763919821826,2.0,2.102222222222222,3
1580,0.3263919821826281,0.36525612472160357,2.0,2.102222222222222,3
1590,0.3271343726800297,0.36971046770601335,2.0,2.102222222222222,3
1600,0.32620638455827766,0.36525612472160357,2.0,2.102222222222222,3
1610,0.32750556792873053,0.3674832962138085,2.0,2.102222222222222,3
1620,0.30178173719376394,0.33184855233853006,2.0,2.102222222222222,3
1630,0.3010393466963623,0.3273942093541203,2.0,2.102222222222222,3
1640,0.3028582034149963,0.3273942093541203,2.0,2.102222222222222,3
1650,0.31369710467706013,0.3363028953229399,2.0,2.102222222222222,3
1660,0.32646622123236824,0.35634743875278396,2.0,2.102222222222222,3
1670,0.3321083890126206,0.37861915367483295,2.0,2.102222222222222,3
1680,0.3285820341499628,0.3741648106904232,2.0,2.102222222222222,3
1690,0.3334818114328137,0.3741648106904232,2.0,2.102222222222222,3
1700,0.3273199703043801,0.36302895322939865,2.0,2.102222222222222,3
1710,0.3249072011878248,0.36080178173719374,2.0,2.102222222222222,3
1720,0.3239792130660727,0.35634743875278396,2.0,2.102222222222222,3
1730,0.3281365998515219,0.36080178173719374,2.0,2.102222222222222,3
1740,0.32405345211581293,0.35634743875278396,2.0,2.102222222222222,3
1750,0.31893095768374163,0.34075723830734966,2.0,2.102222222222222,3
1760,0.3164068299925761,0.3363028953229399,2.0,2.102222222222222,3
1770,0.3164068299925761,0.3363028953229399,2.0,2.102222222222222,3
1780,0.31677802524127696,0.33853006681514475,2.0,2.102222222222222,3
1790,0.3201930215293244,0.34075723830734966,2.0,2.102222222222222,3
1800,0.3187082405345211,0.33853006681514475,2.0,2.102222222222222,3
1810,0.31636971046770596,0.32962138084632514,2.0,2.102222222222222,3
1820,0.3165924276169265,0.33853006681514475,2.0,2.102222222222222,3
1830,0.31213808463251663,0.33407572383073497,2.0,2.102222222222222,3
1840,0.3101336302895323,0.33184855233853006,2.0,2.102222222222222,3
1850,0.3119896065330363,0.32962138084632514,2.0,2.102222222222222,3
1860,0.30920564216778024,0.32516703786191536,2.0,2.102222222222222,3
1870,0.3181143281365998,0.34075723830734966,2.0,2.102222222222222,3
1880,0.3114699331848552,0.36080178173719374,2.0,2.102222222222222,3
1890,0.31443949517446174,0.3674832962138085,2.0,2.102222222222222,3
1900,0.3150705270972531,0.3674832962138085,2.0,2.102222222222222,3
1910,0.31636971046770596,0.37193763919821826,2.0,2.102222222222222,3
1920,0.30983667409057164,0.36302895322939865,2.0,2.102222222222222,3
1930,0.30601336302895327,0.3585746102449889,2.0,2.102222222222222,3
1940,0.3061989606533036,0.3585746102449889,2.0,2.102222222222222,3
1950,0.3055308092056422,0.35412026726057905,2.0,2.102222222222222,3
1960,0.3295842613214551,0.36080178173719374,2.0,2.102222222222222,3
1970,0.33329621380846325,0.3674832962138085,2.0,2.102222222222222,3
1980,0.33403860430586485,0.37193763919821826,2.0,2.102222222222222,3
1990,0.3360801781737193,0.37639198218262804,2.0,2.102222222222222,3
2000,0.3397550111358575,0.39198218262806234,2.0,2.102222222222222,3
2010,0.33659985152190053,0.3897550111358575,2.0,2.102222222222222,3
2020,0.3343726800296956,0.38530066815144765,2.0,2.102222222222222,3
2030,0.33455827765404594,0.3830734966592428,2.0,2.102222222222222,3
2040,0.33140311804008904,0.37861915367483295,2.0,2.102222222222222,3
2050,0.33659985152190053,0.38530066815144765,2.0,2.102222222222222,3
2060,0.33363028953229396,0.37861915367483295,2.0,2.102222222222222,3
2070,0.3341870824053452,0.38084632516703787,2.0,2.102222222222222,3
2080,0.32969561989606533,0.3830734966592428,2.0,2.102222222222222,3
2090,0.3317371937639198,0.3897550111358575,2.0,2.102222222222222,3
2100,0.3422048997772829,0.40311804008908686,2.0,2.102222222222222,3
2110,0.3424647364513734,0.40311804008908686,2.0,2.102222222222222,3
2120,0.3394951744617669,0.39420935412026725,2.0,2.102222222222222,3
2130,0.34283593170007426,0.40089086859688194,2.0,2.102222222222222,3
2140,0.34246473645137343,0.40089086859688194,2.0,2.102222222222222,3
2150,0.3471046770601337,0.40311804008908686,2.0,2.102222222222222,3
2160,0.346807720861173,0.4209354120267261,2.0,2.102222222222222,3
2170,0.34495174461766887,0.41870824053452116,2.0,2.102222222222222,3
2180,0.3484780994803266,0.42538975501113585,2.0,2.102222222222222,3
2190,0.35144766146993317,0.42761692650334077,2.0,2.102222222222222,3
2200,0.35697847067557537,0.4365256124721604,2.0,2.102222222222222,3
2210,0.35790645879732735,0.43875278396436523,2.0,2.102222222222222,3
2220,0.3148478099480327,0.3830734966592428,2.0,2.102222222222222,3
2230,0.32156644394951744,0.39643652561247217,2.0,2.102222222222222,3
2240,0.3174832962138085,0.3897550111358575,2.0,2.102222222222222,3
2250,0.3220118782479584,0.3986636971046771,2.0,2.102222222222222,3
2260,0.32145508537490713,0.39643652561247217,2.0,2.102222222222222,3
2270,0.31941351150705266,0.39420935412026725,2.0,2.102222222222222,3
2280,0.31867112100965106,0.39420935412026725,2.0,2.102222222222222,3
2290,0.32108389012620636,0.39643652561247217,2.0,2.102222222222222,3
2300,0.3144766146993318,0.38530066815144765,2.0,2.102222222222222,3
2310,0.31688938381588716,0.38752783964365256,2.0,2.102222222222222,3
2320,0.31948775055679285,0.39198218262806234,2.0,2.102222222222222,3
2330,0.32345953971789165,0.39643652561247217,2.0,2.102222222222222,3
2340,0.3249443207126948,0.39643652561247217,2.0,2.102222222222222,3
2350,0.3203414996288047,0.38084632516703787,2.0,2.102222222222222,3
2360,0.32052709725315515,0.37861915367483295,2.0,2.102222222222222,3
2370,0.3151447661469933,0.36302895322939865,2.0,2.102222222222222,3
2380,0.3155902004454343,0.36302895322939865,2.0,2.102222222222222,3
2390,0.3154046028210839,0.36525612472160357,2.0,2.102222222222222,3
2400,0.31169265033407567,0.36080178173719374,2.0,2.102222222222222,3
2410,0.3142910170749814,0.3674832962138085,2.0,2.102222222222222,3
2420,0.3,0.3585746102449889,2.0,2.102222222222222,3
2430,0.29803266518188565,0.35412026726057905,2.0,2.102222222222222,3
2440,0.29357832219747587,0.34966592427616927,2.0,2.102222222222222,3
2450,0.29357832219747587,0.34966592427616927,2.0,2.102222222222222,3
2460,0.29246473645137344,0.34743875278396436,2.0,2.102222222222222,3
2470,0.2844840386043058,0.33407572383073497,2.0,2.102222222222222,3
2480,0.284075723830735,0.3184855233853007,2.0,2.102222222222222,3
2490,0.28129175946547885,0.31403118040089084,2.0,2.102222222222222,3
2500,0.2861172976985895,0.32293986636971045,2.0,2.102222222222222,3
2510,0.2868596881959911,0.32293986636971045,2.0,2.102222222222222,3
2520,0.2874164810690423,0.32293986636971045,2.0,2.102222222222222,3
2530,0.2876020786933927,0.32293986636971045,2.0,2.102222222222222,3
2540,0.2824053452115813,0.3184855233853007,2.0,2.102222222222222,3
2550,0.28147735708982924,0.31403118040089084,2.0,2.102222222222222,3
2560,0.284075723830735,0.311804008908686,2.0,2.102222222222222,3
2570,0.2822197475872309,0.311804008908686,2.0,2.102222222222222,3
2580,0.2793244246473645,0.30734966592427615,2.0,2.102222222222222,3
2590,0.2770972531551596,0.30066815144766146,2.0,2.102222222222222,3
2600,0.2827023014105419,0.28507795100222716,2.0,2.102222222222222,3
2610,0.2844469190794358,0.2873051224944321,2.0,2.102222222222222,3
2620,0.28685968819599106,0.29398663697104677,2.0,2.102222222222222,3
2630,0.2839643652561247,0.28507795100222716,2.0,2.102222222222222,3
2640,0.2914625092798812,0.29398663697104677,2.0,2.102222222222222,3
2650,0.30300668151447663,0.30957683741648107,2.0,2.102222222222222,3
2660,0.30597624350408315,0.311804008908686,2.0,2.102222222222222,3
2670,0.3244246473645137,0.33853006681514475,2.0,2.102222222222222,3
2680,0.3195991091314031,0.32962138084632514,2.0,2.102222222222222,3
2690,0.2951744617668894,0.31625835189309576,2.0,2.102222222222222,3
2700,0.29406087602078695,0.31403118040089084,2.0,2.102222222222222,3
2710,0.2976614699331849,0.3184855233853007,2.0,2.102222222222222,3
2720,0.3008166295471418,0.32516703786191536,2.0,2.102222222222222,3
2730,0.30612472160356347,0.3184855233853007,2.0,2.102222222222222,3
2740,0.3035263548626578,0.31403118040089084,2.0,2.102222222222222,3
2750,0.3039717891610988,0.31403118040089084,2.0,2.102222222222222,3
2760,0.3048997772828507,0.31403118040089084,2.0,2.102222222222222,3
2770,0.3024870081662955,0.31403118040089084,2.0,2.102222222222222,3
2780,0.3039717891610988,0.311804008908686,2.0,2.102222222222222,3
2790,0.30850037119524865,0.3207126948775056,2.0,2.102222222222222,3
2800,0.29929472902746845,0.311804008908686,2.0,2.102222222222222,3
2810,0.3009651076466221,0.3184855233853007,2.0,2.102222222222222,3
2820,0.2968819599109131,0.311804008908686,2.0,2.102222222222222,3
2830,0.2989235337787676,0.311804008908686,2.0,2.102222222222222,3
2840,0.29406087602078695,0.30734966592427615,2.0,2.102222222222222,3
2850,0.2893095768374165,0.2962138084632517,2.0,2.102222222222222,3
2860,0.28845582776540457,0.2984409799554566,2.0,2.102222222222222,3
2870,0.29513734224201926,0.3051224944320713,2.0,2.102222222222222,3
2880,0.28771343726800297,0.29175946547884185,2.0,2.102222222222222,3
2890,0.3184112843355605,0.3363028953229399,2.0,2.102222222222222,3
2900,0.3201559020044543,0.33853006681514475,2.0,2.102222222222222,3
2910,0.3156644394951744,0.32293986636971045,2.0,2.102222222222222,3
2920,0.3164068299925761,0.33184855233853006,2.0,2.102222222222222,3
2930,0.31436525612472155,0.32962138084632514,2.0,2.102222222222222,3
2940,0.3154788418708241,0.3363028953229399,2.0,2.102222222222222,3
2950,0.31109873793615445,0.33184855233853006,2.0,2.102222222222222,3
2960,0.31852264291017074,0.34966592427616927,2.0,2.102222222222222,3
2970,0.3213066072754268,0.35634743875278396,2.0,2.102222222222222,3
2980,0.3209354120267261,0.35634743875278396,2.0,2.102222222222222,3
2990,0.3218634001484781,0.35634743875278396,2.0,2.102222222222222,3
3000,0.32527839643652556,0.36971046770601335,2.0,2.102222222222222,3
3010,0.3249814402375649,0.36525612472160357,2.0,2.102222222222222,3
3020,0.32108389012620636,0.36080178173719374,2.0,2.102222222222222,3
3030,0.32962138084632514,0.3741648106904232,2.0,2.102222222222222,3
3040,0.3266518188567186,0.36971046770601335,2.0,2.102222222222222,3
3050,0.3215293244246473,0.36080178173719374,2.0,2.102222222222222,3
3060,0.3250556792873051,0.3674832962138085,2.0,2.102222222222222,3
3070,0.3223459539717891,0.3674832962138085,2.0,2.102222222222222,3
3080,0.30749814402375647,0.34966592427616927,2.0,2.102222222222222,3
3090,0.30898292501855973,0.35634743875278396,2.0,2.102222222222222,3
3100,0.3175946547884187,0.37193763919821826,2.0,2.102222222222222,3
3110,0.3110616184112843,0.37193763919821826,2.0,2.102222222222222,3
3120,0.3102821083890126,0.36525612472160357,2.0,2.102222222222222,3
3130,0.3112100965107647,0.3674832962138085,2.0,2.102222222222222,3
3140,0.3084261321455085,0.36302895322939865,2.0,2.102222222222222,3
3150,0.3086859688195991,0.3674832962138085,2.0,2.102222222222222,3
3160,0.31358574610244994,0.3674832962138085,2.0,2.102222222222222,3
3170,0.31414253897550115,0.37193763919821826,2.0,2.102222222222222,3
3180,0.31681514476614697,0.3741648106904232,2.0,2.102222222222222,3
3190,0.3157015590200445,0.37193763919821826,2.0,2.102222222222222,3
3200,0.3266146993318485,0.37861915367483295,2.0,2.102222222222222,3
3210,0.3203786191536748,0.3674832962138085,2.0,2.102222222222222,3
3220,0.3133259094283593,0.34521158129175944,2.0,2.102222222222222,3
3230,0.31425389755011135,0.34521158129175944,2.0,2.102222222222222,3
3240,0.3177060133630289,0.3585746102449889,2.0,2.102222222222222,3
3250,0.32917594654788424,0.38530066815144765,2.0,2.102222222222222,3
3260,0.3390126206384558,0.40311804008908686,2.0,2.102222222222222,3
3270,0.3426132145508537,0.40089086859688194,2.0,2.102222222222222,3
3280,0.34391239792130657,0.40311804008908686,2.0,2.102222222222222,3
3290,0.34428359317000745,0.40089086859688194,2.0,2.102222222222222,3
3300,0.3374907201187824,0.3986636971046771,2.0,2.102222222222222,3
3310,0.3383815887156644,0.39420935412026725,2.0,2.102222222222222,3
3320,0.3417223459539718,0.40311804008908686,2.0,2.102222222222222,3
3330,0.3456198960653304,0.40979955456570155,2.0,2.102222222222222,3
3340,0.35211581291759464,0.4209354120267261,2.0,2.102222222222222,3
3350,0.30037119524870076,0.36080178173719374,2.0,2.102222222222222,3
3360,0.2971046770601336,0.35412026726057905,2.0,2.102222222222222,3
3370,0.28875278396436527,0.34521158129175944,2.0,2.102222222222222,3
3380,0.293207126948775,0.35634743875278396,2.0,2.102222222222222,3
3390,0.29153674832962134,0.35412026726057905,2.0,2.102222222222222,3
3400,0.2912397921306607,0.35412026726057905,2.0,2.102222222222222,3
3410,0.2919821826280623,0.35412026726057905,2.0,2.102222222222222,3
3420,0.2904974016332591,0.3518930957683742,2.0,2.102222222222222,3
3430,0.2904974016332591,0.35412026726057905,2.0,2.102222222222222,3
3440,0.29235337787676313,0.35412026726057905,2.0,2.102222222222222,3
3450,0.2923162583518931,0.35634743875278396,2.0,2.102222222222222,3
3460,0.28923533778767635,0.3518930957683742,2.0,2.102222222222222,3
3470,0.29060876020786935,0.35634743875278396,2.0,2.102222222222222,3
3480,0.29031180400890866,0.35634743875278396,2.0,2.102222222222222,3
3490,0.29513734224201926,0.3674832962138085,2.0,2.102222222222222,3
3500,0.29031180400890866,0.36080178173719374,2.0,2.102222222222222,3
3510,0.2956941351150705,0.3674832962138085,2.0,2.102222222222222,3
3520,0.29862657757980693,0.37639198218262804,2.0,2.102222222222222,3
3530,0.2988864142538975,0.3585746102449889,2.0,2.102222222222222,3
3540,0.29554565701559016,0.35634743875278396,2.0,2.102222222222222,3
3550,0.29606533036377136,0.35634743875278396,2.0,2.102222222222222,3
3560,0.2985523385300668,0.35634743875278396,2.0,2.102222222222222,3
3570,0.3009651076466221,0.3585746102449889,2.0,2.102222222222222,3
3580,0.3076466221232368,0.36302895322939865,2.0,2.102222222222222,3
3590,0.30300668151447663,0.3585746102449889,2.0,2.102222222222222,3
3600,0.29539717891610984,0.34521158129175944,2.0,2.102222222222222,3
3610,0.29246473645137344,0.36525612472160357,2.0,2.102222222222222,3
3620,0.29432071269487753,0.36525612472160357,2.0,2.102222222222222,3
3630,0.2960653303637713,0.37193763919821826,2.0,2.102222222222222,3
3640,0.2946547884187083,0.36971046770601335,2.0,2.102222222222222,3
3650,0.28979213066072756,0.35634743875278396,2.0,2.102222222222222,3
3660,0.28956941351150706,0.34521158129175944,2.0,2.102222222222222,3
3670,0.2949146250927988,0.33853006681514475,2.0,2.102222222222222,3
3680,0.294543429844098,0.34075723830734966,2.0,2.102222222222222,3
3690,0.29435783221974765,0.34075723830734966,2.0,2.102222222222222,3
3700,0.3001855976243503,0.35412026726057905,2.0,2.102222222222222,3
3710,0.2988864142538975,0.35412026726057905,2.0,2.102222222222222,3
3720,0.2959910913140311,0.34743875278396436,2.0,2.102222222222222,3
3730,0.3016332590942836,0.35412026726057905,2.0,2.102222222222222,3
3740,0.3016332590942836,0.35412026726057905,2.0,2.102222222222222,3
3750,0.30334075723830733,0.34743875278396436,2.0,2.102222222222222,3
3760,0.260467706013363,0.29175946547884185,2.0,2.102222222222222,3
3770,0.2628804751299183,0.29398663697104677,2.0,2.102222222222222,3
3780,0.2796585003711952,0.31625835189309576,2.0,2.102222222222222,3
3790,0.3111729769858946,0.35412026726057905,2.0,2.102222222222222,3
3800,0.3110616184112843,0.3518930957683742,2.0,2.102222222222222,3
3810,0.30994803266518184,0.34966592427616927,2.0,2.102222222222222,3
3820,0.29866369710467705,0.3273942093541203,2.0,2.102222222222222,3
3830,0.30493689680772085,0.3184855233853007,2.0,2.102222222222222,3
3840,0.3056792873051225,0.31403118040089084,2.0,2.102222222222222,3
3850,0.3119896065330363,0.32516703786191536,2.0,2.102222222222222,3
3860,0.30994803266518184,0.3207126948775056,2.0,2.102222222222222,3
3870,0.30861172976985896,0.31403118040089084,2.0,2.102222222222222,3
3880,0.309539717891611,0.31625835189309576,2.0,2.102222222222222,3
3890,0.3329250185597624,0.3674832962138085,2.0,2.102222222222222,3
3900,0.32865627319970303,0.36302895322939865,2.0,2.102222222222222,3
3910,0.3273199703043801,0.36080178173719374,2.0,2.102222222222222,3
3920,0.3267631774313288,0.36080178173719374,2.0,2.102222222222222,3
3930,0.3267631774313288,0.36302895322939865,2.0,2.102222222222222,3
3940,0.31952487008166297,0.34966592427616927,2.0,2.102222222222222,3
3950,0.32245731254639937,0.36525612472160357,2.0,2.102222222222222,3
3960,0.32969561989606533,0.37639198218262804,2.0,2.102222222222222,3
3970,0.31570155902004454,0.3518930957683742,2.0,2.102222222222222,3
3980,0.31885671863400145,0.35634743875278396,2.0,2.102222222222222,3
3990,0.31755753526354863,0.35412026726057905,2.0,2.102222222222222,3
4000,0.31570155902004454,0.3518930957683742,2.0,2.102222222222222,3
4010,0.3285820341499628,0.3674832962138085,2.0,2.102222222222222,3
4020,0.33433556050482555,0.3741648106904232,2.0,2.102222222222222,3
4030,0.33693392724573124,0.37861915367483295,2.0,2.102222222222222,3
4040,0.33916109873793615,0.38530066815144765,2.0,2.102222222222222,3
4050,0.33637713437268,0.37861915367483295,2.0,2.102222222222222,3
4060,0.3408685968819599,0.37639198218262804,2.0,2.102222222222222,3
4070,0.34688195991091314,0.38530066815144765,2.0,2.102222222222222,3
4080,0.3465850037119525,0.38084632516703787,2.0,2.102222222222222,3
4090,0.35289532293986636,0.39643652561247217,2.0,2.102222222222222,3
4100,0.35018559762435036,0.38752783964365256,2.0,2.102222222222222,3
4110,0.3649220489977728,0.4209354120267261,2.0,2.102222222222222,3
4120,0.3599109131403118,0.4209354120267261,2.0,2.102222222222222,3
4130,0.3540460282108389,0.4142538975501114,2.0,2.102222222222222,3
4140,0.3494060876020787,0.4053452115812918,2.0,2.102222222222222,3
4150,0.34780994803266524,0.40757238307349664,2.0,2.102222222222222,3
4160,0.34985152190051966,0.40757238307349664,2.0,2.102222222222222,3
4170,0.34929472902746844,0.40979955456570155,2.0,2.102222222222222,3
4180,0.3431328878990349,0.40089086859688194,2.0,2.102222222222222,3
4190,0.34283593170007426,0.3986636971046771,2.0,2.102222222222222,3
4200,0.3472531551596139,0.40757238307349664,2.0,2.102222222222222,3
4210,0.34083147735708974,0.4053452115812918,2.0,2.102222222222222,3
4220,0.32383073496659237,0.36525612472160357,2.0,2.102222222222222,3
4230,0.329101707498144,0.37639198218262804,2.0,2.102222222222222,3
4240,0.3239792130660727,0.37193763919821826,2.0,2.102222222222222,3
4250,0.3223088344469191,0.3674832962138085,2.0,2.102222222222222,3
4260,0.3271343726800297,0.36971046770601335,2.0,2.102222222222222,3
4270,0.32750556792873053,0.3741648106904232,2.0,2.102222222222222,3
4280,0.32813659985152194,0.36302895322939865,2.0,2.102222222222222,3
4290,0.3361172976985895,0.3741648106904232,2.0,2.102222222222222,3
4300,0.3311804008908686,0.36525612472160357,2.0,2.102222222222222,3
4310,0.3332219747587231,0.3674832962138085,2.0,2.102222222222222,3
4320,0.3348923533778767,0.36302895322939865,2.0,2.102222222222222,3
4330,0.3371195248700817,0.36525612472160357,2.0,2.102222222222222,3
4340,0.3312546399406087,0.35634743875278396,2.0,2.102222222222222,3
4350,0.33355605048255377,0.3585746102449889,2.0,2.102222222222222,3
4360,0.3380103934669636,0.34743875278396436,2.0,2.102222222222222,3
4370,0.33763919821826277,0.34743875278396436,2.0,2.102222222222222,3
4380,0.33875278396436526,0.34743875278396436,2.0,2.102222222222222,3
4390,0.3394951744617669,0.3429844097995546,2.0,2.102222222222222,3
4400,0.33930957683741647,0.35412026726057905,2.0,2.102222222222222,3
4410,0.3359688195991091,0.34521158129175944,2.0,2.102222222222222,3
4420,0.3351150705270972,0.3429844097995546,2.0,2.102222222222222,3
4430,0.33667409057164066,0.34743875278396436,2.0,2.102222222222222,3
4440,0.3305493689680772,0.33853006681514475,2.0,2.102222222222222,3
4450,0.3275426874536006,0.33407572383073497,2.0,2.102222222222222,3
4460,0.3318856718634001,0.34075723830734966,2.0,2.102222222222222,3
4470,0.32821083890126207,0.3363028953229399,2.0,2.102222222222222,3
4480,0.3332962138084632,0.3518930957683742,2.0,2.102222222222222,3
4490,0.33162583518930955,0.34966592427616927,2.0,2.102222222222222,3
0,0.2897178916109873,0.3028953229398664,2.0,2.06,4
10,0.31466221232368224,0.32516703786191536,2.0,2.06,4
20,0.3170749814402376,0.3273942093541203,2.0,2.06,4
30,0.31948775055679285,0.3429844097995546,2.0,2.06,4
40,0.32134372680029694,0.3429844097995546,2.0,2.06,4
50,0.31017074981440235,0.36525612472160357,2.0,2.06,4
60,0.3105419450631032,0.36971046770601335,2.0,2.06,4
70,0.3066443949517446,0.3585746102449889,2.0,2.06,4
80,0.31570155902004454,0.3897550111358575,2.0,2.06,4
90,0.3307349665924276,0.4053452115812918,2.0,2.06,4
100,0.33221974758723094,0.40979955456570155,2.0,2.06,4
110,0.33407572383073497,0.40757238307349664,2.0,2.06,4
120,0.3353749072011878,0.40757238307349664,2.0,2.06,4
130,0.3364884929472902,0.4053452115812918,2.0,2.06,4
140,0.33240534521158127,0.40089086859688194,2.0,2.06,4
150,0.3348181143281366,0.40979955456570155,2.0,2.06,4
160,0.3351893095768374,0.4142538975501114,2.0,2.06,4
170,0.3394580549368968,0.42316258351893093,2.0,2.06,4
180,0.3420564216778025,0.42538975501113585,2.0,2.06,4
190,0.34836674090571645,0.44320712694877507,2.0,2.06,4
200,0.33444691907943574,0.42761692650334077,2.0,2.06,4
210,0.34001484780994806,0.43207126948775054,2.0,2.06,4
220,0.3418708240534521,0.43207126948775054,2.0,2.06,4
230,0.342242019302153,0.43207126948775054,2.0,2.06,4
240,0.35716406829992575,0.45657015590200445,2.0,2.06,4
250,0.3631031922791388,0.46770601336302897,2.0,2.06,4
260,0.3612472160356347,0.46547884187082406,2.0,2.06,4
270,0.3642167780252412,0.46993318485523383,2.0,2.06,4
280,0.36328878990348923,0.46770601336302897,2.0,2.06,4
290,0.36458797327394205,0.46547884187082406,2.0,2.06,4
300,0.3599480326651818,0.45879732739420936,2.0,2.06,4
310,0.3621752041573868,0.4610244988864143,2.0,2.06,4
320,0.3634743875278396,0.4610244988864143,2.0,2.06,4
330,0.17817371937639198,0.21603563474387527,2.0,2.06,4
340,0.17520415738678546,0.20489977728285078,2.0,2.06,4
350,0.1759465478841871,0.20489977728285078,2.0,2.06,4
360,0.19736451373422423,0.23162583518930957,2.0,2.06,4
370,0.20553080920564215,0.23608017817371937,2.0,2.06,4
380,0.2139569413511507,0.2383073496659243,2.0,2.06,4
390,0.2250927988121752,0.25389755011135856,2.0,2.06,4
400,0.22676317743132887,0.2561247216035635,2.0,2.06,4
410,0.22824795842613216,0.2561247216035635,2.0,2.06,4
420,0.23567186340014848,0.267260579064588,2.0,2.06,4
430,0.23827023014105417,0.26948775055679286,2.0,2.06,4
440,0.23177431328878986,0.26280623608017817,2.0,2.06,4
450,0.2621009651076466,0.2962138084632517,2.0,2.06,4
460,0.3089458054936896,0.36080178173719374,2.0,2.06,4
470,0.3044914625092799,0.3518930957683742,2.0,2.06,4
480,0.30467706013363033,0.34966592427616927,2.0,2.06,4
490,0.30486265775798077,0.3518930957683742,2.0,2.06,4
500,0.3096881959910913,0.36525612472160357,2.0,2.06,4
510,0.3121009651076466,0.3674832962138085,2.0,2.06,4
520,0.31358574610244994,0.36302895322939865,2.0,2.06,4
530,0.3169265033407573,0.3741648106904232,2.0,2.06,4
540,0.32082405345211584,0.38084632516703787,2.0,2.06,4
550,0.32397921306607275,0.38530066815144765,2.0,2.06,4
560,0.32880475129918335,0.39420935412026725,2.0,2.06,4
570,0.32731997030438004,0.3897550111358575,2.0,2.06,4
580,0.3217520415738679,0.3830734966592428,2.0,2.06,4
590,0.32527839643652556,0.38530066815144765,2.0,2.06,4
600,0.31247216035634745,0.36302895322939865,2.0,2.06,4
610,0.3095025983667408,0.3585746102449889,2.0,2.06,4
620,0.3046770601336303,0.35634743875278396,2.0,2.06,4
630,0.3063474387527839,0.3585746102449889,2.0,2.06,4
640,0.3089458054936896,0.36080178173719374,2.0,2.06,4
650,0.3104305864884929,0.36525612472160357,2.0,2.06,4
660,0.311358574610245,0.36525612472160357,2.0,2.06,4
670,0.31748329621380844,0.37639198218262804,2.0,2.06,4
680,0.3108017817371938,0.3741648106904232,2.0,2.06,4
690,0.31265775798069784,0.37861915367483295,2.0,2.06,4
700,0.31265775798069784,0.36971046770601335,2.0,2.06,4
710,0.2971417965850038,0.3518930957683742,2.0,2.06,4
720,0.2864513734224202,0.33184855233853006,2.0,2.06,4
730,0.28106904231625834,0.3363028953229399,2.0,2.06,4
740,0.2803266518188567,0.3363028953229399,2.0,2.06,4
750,0.27735708982925017,0.32962138084632514,2.0,2.06,4
760,0.27865627319970304,0.33184855233853006,2.0,2.06,4
770,0.28292501855976243,0.33853006681514475,2.0,2.06,4
780,0.2855233853006681,0.34075723830734966,2.0,2.06,4
790,0.28515219005196735,0.3363028953229399,2.0,2.06,4
800,0.2894209354120267,0.3363028953229399,2.0,2.06,4
810,0.28867854491462513,0.33184855233853006,2.0,2.06,4
820,0.3010022271714922,0.34743875278396436,2.0,2.06,4
830,0.3017446176688939,0.34966592427616927,2.0,2.06,4
840,0.3041573867854491,0.3518930957683742,2.0,2.06,4
850,0.30731254639940614,0.3585746102449889,2.0,2.06,4
860,0.2906829992576095,0.33853006681514475,2.0,2.06,4
870,0.2996659242761693,0.36525612472160357,2.0,2.06,4
880,0.3066072754268746,0.38084632516703787,2.0,2.06,4
890,0.3093912397921307,0.38530066815144765,2.0,2.06,4
900,0.31688938381588716,0.39198218262806234,2.0,2.06,4
910,0.3037861915367483,0.37639198218262804,2.0,2.06,4
920,0.30638455827765404,0.37861915367483295,2.0,2.06,4
930,0.3082405345211581,0.3830734966592428,2.0,2.06,4
940,0.3115812917594655,0.38752783964365256,2.0,2.06,4
950,0.30545657015590194,0.37861915367483295,2.0,2.06,4
960,0.3058277654046028,0.37861915367483295,2.0,2.06,4
970,0.3108389012620638,0.3897550111358575,2.0,2.06,4
980,0.30564216778025244,0.38752783964365256,2.0,2.06,4
990,0.3000742390497402,0.38084632516703787,2.0,2.06,4
1000,0.29922048997772827,0.37193763919821826,2.0,2.06,4
1010,0.3046028210838901,0.36971046770601335,2.0,2.06,4
1020,0.30942835931700075,0.37193763919821826,2.0,2.06,4
1030,0.3014476614699332,0.3585746102449889,2.0,2.06,4
1040,0.30126206384558274,0.36080178173719374,2.0,2.06,4
1050,0.3038604305864885,0.3674832962138085,2.0,2.06,4
1060,0.3047884187082405,0.37193763919821826,2.0,2.06,4
1070,0.2966221232368226,0.3674832962138085,2.0,2.06,4
1080,0.2910541945063103,0.3585746102449889,2.0,2.06,4
1090,0.2910541945063103,0.3585746102449889,2.0,2.06,4
1100,0.290014847809948,0.35412026726057905,2.0,2.06,4
1110,0.29131403118040083,0.36080178173719374,2.0,2.06,4
1120,0.29335560504825536,0.36080178173719374,2.0,2.06,4
1130,0.2948403860430586,0.36302895322939865,2.0,2.06,4
1140,0.29669636228656265,0.36971046770601335,2.0,2.06,4
1150,0.29855233853006685,0.36525612472160357,2.0,2.06,4
1160,0.2924276169265034,0.35412026726057905,2.0,2.06,4
1170,0.29298440979955453,0.35412026726057905,2.0,2.06,4
1180,0.2996659242761692,0.3674832962138085,2.0,2.06,4
1190,0.29948032665181884,0.3674832962138085,2.0,2.06,4
1200,0.2985523385300668,0.36525612472160357,2.0,2.06,4
1210,0.2985523385300668,0.36525612472160357,2.0,2.06,4
1220,0.2939123979213065,0.3585746102449889,2.0,2.06,4
1230,0.29539717891610984,0.36080178173719374,2.0,2.06,4
1240,0.29335560504825536,0.35634743875278396,2.0,2.06,4
1250,0.2920564216778025,0.3518930957683742,2.0,2.06,4
1260,0.3264662212323682,0.40311804008908686,2.0,2.06,4
1270,0.3283221974758723,0.40979955456570155,2.0,2.06,4
1280,0.3279510022271715,0.40979955456570155,2.0,2.06,4
1290,0.33741648106904226,0.41648106904231624,2.0,2.06,4
1300,0.33296213808463254,0.4142538975501114,2.0,2.06,4
1310,0.3260950259836674,0.4053452115812918,2.0,2.06,4
1320,0.3281365998515219,0.41202672605790647,2.0,2.06,4
1330,0.32720861172976984,0.4142538975501114,2.0,2.06,4
1340,0.3262806236080178,0.40979955456570155,2.0,2.06,4
1350,0.32683741648106907,0.40979955456570155,2.0,2.06,4
1360,0.33704528582034143,0.4209354120267261,2.0,2.06,4
1370,0.33927245731254635,0.42316258351893093,2.0,2.06,4
1380,0.3357461024498886,0.41870824053452116,2.0,2.06,4
1390,0.31885671863400145,0.38752783964365256,2.0,2.06,4
1400,0.320007423904974,0.40979955456570155,2.0,2.06,4
1410,0.32100965107646623,0.4209354120267261,2.0,2.06,4
1420,0.3250927988121751,0.42761692650334077,2.0,2.06,4
1430,0.31328878990348924,0.40089086859688194,2.0,2.06,4
1440,0.32227171492204904,0.40089086859688194,2.0,2.06,4
1450,0.32097253155159616,0.40979955456570155,2.0,2.06,4
1460,0.31633259094283595,0.40089086859688194,2.0,2.06,4
1470,0.3108389012620638,0.3830734966592428,2.0,2.06,4
1480,0.3115812917594655,0.3830734966592428,2.0,2.06,4
1490,0.31288047512991835,0.38752783964365256,2.0,2.06,4
1500,0.3126948775055679,0.38752783964365256,2.0,2.06,4
1510,0.3160356347438753,0.39198218262806234,2.0,2.06,4
1520,0.30824053452115807,0.3741648106904232,2.0,2.06,4
1530,0.31380846325167033,0.37639198218262804,2.0,2.06,4
1540,0.31473645137342243,0.37861915367483295,2.0,2.06,4
1550,0.3125092798812175,0.37639198218262804,2.0,2.06,4
1560,0.3113956941351151,0.37193763919821826,2.0,2.06,4
1570,0.314550853749072,0.37861915367483295,2.0,2.06,4
1580,0.3182628062360801,0.38530066815144765,2.0,2.06,4
1590,0.3052709725315516,0.3585746102449889,2.0,2.06,4
1600,0.30378619153674835,0.35634743875278396,2.0,2.06,4
1610,0.30322939866369714,0.36080178173719374,2.0,2.06,4
1620,0.29561989606533035,0.34966592427616927,2.0,2.06,4
1630,0.2946919079435783,0.34966592427616927,2.0,2.06,4
1640,0.2946919079435783,0.34966592427616927,2.0,2.06,4
1650,0.295879732739421,0.3518930957683742,2.0,2.06,4
1660,0.29699331848552346,0.35412026726057905,2.0,2.06,4
1670,0.29922048997772827,0.35412026726057905,2.0,2.06,4
1680,0.2942093541202673,0.34075723830734966,2.0,2.06,4
1690,0.29680772086117296,0.34743875278396436,2.0,2.06,4
1700,0.2917965850037119,0.34521158129175944,2.0,2.06,4
1710,0.2908685968819599,0.34075723830734966,2.0,2.06,4
1720,0.293652561247216,0.3429844097995546,2.0,2.06,4
1730,0.29161098737936153,0.3363028953229399,2.0,2.06,4
1740,0.31395694135115065,0.37861915367483295,2.0,2.06,4
1750,0.3150705270972531,0.3830734966592428,2.0,2.06,4
1760,0.3117297698589458,0.37861915367483295,2.0,2.06,4
1770,0.30957683741648107,0.37639198218262804,2.0,2.06,4
1780,0.31328878990348924,0.37861915367483295,2.0,2.06,4
1790,0.31477357089829244,0.37861915367483295,2.0,2.06,4
1800,0.27776540460282106,0.3674832962138085,2.0,2.06,4
1810,0.2889755011135857,0.36971046770601335,2.0,2.06,4
1820,0.29287305122494434,0.3741648106904232,2.0,2.06,4
1830,0.2860059391239792,0.36525612472160357,2.0,2.06,4
1840,0.2865627319970304,0.3674832962138085,2.0,2.06,4
1850,0.28619153674832964,0.3674832962138085,2.0,2.06,4
1860,0.28507795100222716,0.36971046770601335,2.0,2.06,4
1870,0.27802524127691164,0.35412026726057905,2.0,2.06,4
1880,0.2769116555308092,0.34743875278396436,2.0,2.06,4
1890,0.2860059391239792,0.36080178173719374,2.0,2.06,4
1900,0.2949146250927988,0.37193763919821826,2.0,2.06,4
1910,0.30011135857461024,0.37639198218262804,2.0,2.06,4
1920,0.3083147735708983,0.39643652561247217,2.0,2.06,4
1930,0.30998515219005196,0.40089086859688194,2.0,2.06,4
1940,0.31239792130660726,0.4053452115812918,2.0,2.06,4
1950,0.31889383815887157,0.41648106904231624,2.0,2.06,4
1960,0.32260579064587974,0.42316258351893093,2.0,2.06,4
1970,0.3242761692650334,0.42316258351893093,2.0,2.06,4
1980,0.3211210096510765,0.41870824053452116,2.0,2.06,4
1990,0.3229769858945805,0.42316258351893093,2.0,2.06,4
2000,0.3216778025241277,0.41870824053452116,2.0,2.06,4
2010,0.32427616926503344,0.42761692650334077,2.0,2.06,4
2020,0.32936154417223457,0.44097995545657015,2.0,2.06,4
2030,0.31143281365998515,0.40979955456570155,2.0,2.06,4
2040,0.3106904231625835,0.40757238307349664,2.0,2.06,4
2050,0.3132887899034893,0.40979955456570155,2.0,2.06,4
2060,0.3108760207869339,0.40757238307349664,2.0,2.06,4
2070,0.29190794357832217,0.32293986636971045,2.0,2.06,4
2080,0.283184855233853,0.311804008908686,2.0,2.06,4
2090,0.3159985152190052,0.39198218262806234,2.0,2.06,4
2100,0.3121009651076466,0.38530066815144765,2.0,2.06,4
2110,0.31191536748329624,0.3741648106904232,2.0,2.06,4
2120,0.31358574610244994,0.37861915367483295,2.0,2.06,4
2130,0.3128433556050482,0.38084632516703787,2.0,2.06,4
2140,0.30653303637713436,0.37193763919821826,2.0,2.06,4
2150,0.3093170007423905,0.37639198218262804,2.0,2.06,4
2160,0.30653303637713436,0.36971046770601335,2.0,2.06,4
2170,0.3041202672605791,0.36302895322939865,2.0,2.06,4
2180,0.24573125463994064,0.27616926503340755,2.0,2.06,4
2190,0.24461766889383815,0.267260579064588,2.0,2.06,4
2200,0.24758723088344467,0.2717149220489978,2.0,2.06,4
2210,0.29153674832962134,0.33853006681514475,2.0,2.06,4
2220,0.2894951744617669,0.33407572383073497,2.0,2.06,4
2230,0.2926503340757238,0.34075723830734966,2.0,2.06,4
2240,0.29172234595397184,0.34521158129175944,2.0,2.06,4
2250,0.29357832219747587,0.35412026726057905,2.0,2.06,4
2260,0.2893095768374165,0.34743875278396436,2.0,2.06,4
2270,0.2889383815887157,0.34966592427616927,2.0,2.06,4
2280,0.2874536005939124,0.34743875278396436,2.0,2.06,4
2290,0.2809576837416481,0.3363028953229399,2.0,2.06,4
2300,0.27743132887899036,0.32962138084632514,2.0,2.06,4
2310,0.287268002969562,0.34521158129175944,2.0,2.06,4
2320,0.2857832219747587,0.3429844097995546,2.0,2.06,4
2330,0.30794357832219743,0.37861915367483295,2.0,2.06,4
2340,0.3053080920564216,0.36525612472160357,2.0,2.06,4
2350,0.32004454342984406,0.3830734966592428,2.0,2.06,4
2360,0.3246844840386042,0.3897550111358575,2.0,2.06,4
2370,0.25631031922791386,0.32293986636971045,2.0,2.06,4
2380,0.264550853749072,0.31403118040089084,2.0,2.06,4
2390,0.2671492204899777,0.3184855233853007,2.0,2.06,4
2400,0.2667780252412769,0.3184855233853007,2.0,2.06,4
2410,0.26176688938381587,0.30957683741648107,2.0,2.06,4
2420,0.2710467706013363,0.3028953229398664,2.0,2.06,4
2430,0.27884187082405343,0.3207126948775056,2.0,2.06,4
2440,0.27605790645879735,0.3184855233853007,2.0,2.06,4
2450,0.28904974016332585,0.34075723830734966,2.0,2.06,4
2460,0.2957312546399406,0.3429844097995546,2.0,2.06,4
2470,0.29016332590942834,0.34075723830734966,2.0,2.06,4
2480,0.2912769116555308,0.3429844097995546,2.0,2.06,4
2490,0.2844097995545657,0.33184855233853006,2.0,2.06,4
2500,0.27865627319970304,0.32293986636971045,2.0,2.06,4
2510,0.29198218262806236,0.34075723830734966,2.0,2.06,4
2520,0.29606533036377136,0.34743875278396436,2.0,2.06,4
2530,0.29458054936896805,0.34521158129175944,2.0,2.06,4
2540,0.295879732739421,0.34743875278396436,2.0,2.06,4
2550,0.2971789161098738,0.34966592427616927,2.0,2.06,4
2560,0.29383815887156645,0.3429844097995546,2.0,2.06,4
2570,0.2979213066072754,0.35634743875278396,2.0,2.06,4
2580,0.3003340757238307,0.36302895322939865,2.0,2.06,4
2590,0.29458054936896805,0.3518930957683742,2.0,2.06,4
2600,0.29198218262806236,0.34743875278396436,2.0,2.06,4
2610,0.2883444691907943,0.3429844097995546,2.0,2.06,4
2620,0.28285077951002224,0.32962138084632514,2.0,2.06,4
2630,0.28136599851521904,0.3273942093541203,2.0,2.06,4
2640,0.28515219005196735,0.32962138084632514,2.0,2.06,4
2650,0.28244246473645135,0.3273942093541203,2.0,2.06,4
2660,0.28355605048255383,0.32962138084632514,2.0,2.06,4
2670,0.2791759465478842,0.3207126948775056,2.0,2.06,4
2680,0.28288789903489236,0.3273942093541203,2.0,2.06,4
2690,0.2805493689680772,0.32293986636971045,2.0,2.06,4
2700,0.2803637713437268,0.3184855233853007,2.0,2.06,4
2710,0.28266518188567186,0.33184855233853006,2.0,2.06,4
2720,0.2798812175204157,0.32293986636971045,2.0,2.06,4
2730,0.28526354862657755,0.33407572383073497,2.0,2.06,4
2740,0.2841499628804751,0.3273942093541203,2.0,2.06,4
2750,0.2958426132145508,0.3429844097995546,2.0,2.06,4
2760,0.2969561989606533,0.34521158129175944,2.0,2.06,4
2770,0.29342984409799555,0.3363028953229399,2.0,2.06,4
2780,0.29547141796585,0.32962138084632514,2.0,2.06,4
2790,0.2975872308834447,0.3363028953229399,2.0,2.06,4
2800,0.30482553823311065,0.3518930957683742,2.0,2.06,4
2810,0.30389755011135855,0.35412026726057905,2.0,2.06,4
2820,0.30538233110616186,0.36302895322939865,2.0,2.06,4
2830,0.3024127691165553,0.3585746102449889,2.0,2.06,4
2840,0.3058277654046028,0.36302895322939865,2.0,2.06,4
2850,0.3010022271714922,0.3585746102449889,2.0,2.06,4
2860,0.30267260579064587,0.36302895322939865,2.0,2.06,4
2870,0.3028582034149963,0.36302895322939865,2.0,2.06,4
2880,0.3008166295471418,0.35412026726057905,2.0,2.06,4
2890,0.3023014105419451,0.36080178173719374,2.0,2.06,4
2900,0.3024870081662955,0.35634743875278396,2.0,2.06,4
2910,0.3056421677802524,0.3585746102449889,2.0,2.06,4
2920,0.3065701559020044,0.36080178173719374,2.0,2.06,4
2930,0.309539717891611,0.36302895322939865,2.0,2.06,4
2940,0.31232368225686713,0.37639198218262804,2.0,2.06,4
2950,0.3097253155159614,0.36525612472160357,2.0,2.06,4
2960,0.3071269487750557,0.35634743875278396,2.0,2.06,4
2970,0.3065701559020045,0.35634743875278396,2.0,2.06,4
2980,0.3093541202672606,0.36080178173719374,2.0,2.06,4
2990,0.30601336302895316,0.35412026726057905,2.0,2.06,4
3000,0.31213808463251663,0.3585746102449889,2.0,2.06,4
3010,0.3125092798812175,0.36525612472160357,2.0,2.06,4
3020,0.31017074981440235,0.36525612472160357,2.0,2.06,4
3030,0.3020044543429844,0.36080178173719374,2.0,2.06,4
3040,0.3051596139569413,0.36302895322939865,2.0,2.06,4
3050,0.30374907201187823,0.37193763919821826,2.0,2.06,4
3060,0.30597624350408315,0.37639198218262804,2.0,2.06,4
3070,0.30207869339272453,0.37193763919821826,2.0,2.06,4
3080,0.30716406829992576,0.36971046770601335,2.0,2.06,4
3090,0.31187824795842606,0.3741648106904232,2.0,2.06,4
3100,0.31132145508537484,0.3741648106904232,2.0,2.06,4
3110,0.3154046028210839,0.38084632516703787,2.0,2.06,4
3120,0.31336302895322937,0.37861915367483295,2.0,2.06,4
3130,0.32249443207126943,0.43207126948775054,2.0,2.06,4
3140,0.3252783964365256,0.42761692650334077,2.0,2.06,4
3150,0.3226800296956199,0.42538975501113585,2.0,2.06,4
3160,0.323608017817372,0.42761692650334077,2.0,2.06,4
3170,0.3273199703043801,0.42538975501113585,2.0,2.06,4
3180,0.3249072011878248,0.41648106904231624,2.0,2.06,4
3190,0.329992576095026,0.42538975501113585,2.0,2.06,4
3200,0.35764662212323683,0.44988864142538976,2.0,2.06,4
3210,0.3595025983667408,0.46325167037861914,2.0,2.06,4
3220,0.3648849294729027,0.47438752783964366,2.0,2.06,4
3230,0.366369710467706,0.4766146993318486,2.0,2.06,4
3240,0.36674090571640683,0.4766146993318486,2.0,2.06,4
3250,0.36989606533036373,0.47884187082405344,2.0,2.06,4
3260,0.3732368225686711,0.48329621380846327,2.0,2.06,4
3270,0.3717520415738678,0.48106904231625836,2.0,2.06,4
3280,0.36210096510764656,0.46325167037861914,2.0,2.06,4
3290,0.3538975501113586,0.45879732739420936,2.0,2.06,4
3300,0.34721603563474385,0.44097995545657015,2.0,2.06,4
3310,0.34703043801039346,0.44097995545657015,2.0,2.06,4
3320,0.3525983667409057,0.45434298440979953,2.0,2.06,4
3330,0.3017074981440237,0.35412026726057905,2.0,2.06,4
3340,0.30374907201187823,0.36080178173719374,2.0,2.06,4
3350,0.2993689680772086,0.35412026726057905,2.0,2.06,4
3360,0.29517446176688933,0.34743875278396436,2.0,2.06,4
3370,0.29962880475129916,0.3585746102449889,2.0,2.06,4
3380,0.2961024498886414,0.34966592427616927,2.0,2.06,4
3390,0.2979584261321455,0.35634743875278396,2.0,2.06,4
3400,0.2831106161841128,0.32962138084632514,2.0,2.06,4
3410,0.2884929472902747,0.33407572383073497,2.0,2.06,4
3420,0.30330363771343727,0.3585746102449889,2.0,2.06,4
3430,0.3258351893095768,0.40089086859688194,2.0,2.06,4
3440,0.33511507052709727,0.4209354120267261,2.0,2.06,4
3450,0.3338158871566444,0.4298440979955457,2.0,2.06,4
3460,0.33474387527839644,0.43429844097995546,2.0,2.06,4
3470,0.3338158871566444,0.4365256124721604,2.0,2.06,4
3480,0.3338158871566444,0.43429844097995546,2.0,2.06,4
3490,0.3312175204157386,0.43207126948775054,2.0,2.06,4
3500,0.32917594654788424,0.42761692650334077,2.0,2.06,4
3510,0.32899034892353374,0.4298440979955457,2.0,2.06,4
3520,0.31451373422420187,0.40089086859688194,2.0,2.06,4
3530,0.31618411284335557,0.40089086859688194,2.0,2.06,4
3540,0.31636971046770596,0.39643652561247217,2.0,2.06,4
3550,0.3171121009651076,0.39420935412026725,2.0,2.06,4
3560,0.3275055679287305,0.40757238307349664,2.0,2.06,4
3570,0.23385300668151449,0.2984409799554566,2.0,2.06,4
3580,0.23069784706755753,0.29175946547884185,2.0,2.06,4
3590,0.2477728285077951,0.3028953229398664,2.0,2.06,4
3600,0.25278396436525613,0.311804008908686,2.0,2.06,4
3610,0.24703043801039345,0.29398663697104677,2.0,2.06,4
3620,0.24832962138084633,0.29398663697104677,2.0,2.06,4
3630,0.2546399406087602,0.3051224944320713,2.0,2.06,4
3640,0.26466221232368226,0.3207126948775056,2.0,2.06,4
3650,0.264105419450631,0.3207126948775056,2.0,2.06,4
3660,0.2691165553080921,0.32962138084632514,2.0,2.06,4
3670,0.2847809948032665,0.35412026726057905,2.0,2.06,4
3680,0.28533778767631773,0.35412026726057905,2.0,2.06,4
3690,0.2847809948032665,0.3518930957683742,2.0,2.06,4
3700,0.2844097995545657,0.34966592427616927,2.0,2.06,4
3710,0.28515219005196735,0.35412026726057905,2.0,2.06,4
3720,0.286822568671121,0.35412026726057905,2.0,2.06,4
3730,0.2935040831477358,0.36971046770601335,2.0,2.06,4
3740,0.286822568671121,0.36080178173719374,2.0,2.06,4
3750,0.2874536005939124,0.36080178173719374,2.0,2.06,4
3760,0.2857832219747587,0.3585746102449889,2.0,2.06,4
3770,0.2815887156644395,0.3429844097995546,2.0,2.06,4
3780,0.28938381588715667,0.3518930957683742,2.0,2.06,4
3790,0.2841870824053452,0.34966592427616927,2.0,2.06,4
3800,0.27839643652561247,0.32293986636971045,2.0,2.06,4
3810,0.28322197475872307,0.32962138084632514,2.0,2.06,4
3820,0.2900890868596882,0.33407572383073497,2.0,2.06,4
3830,0.2958426132145508,0.3429844097995546,2.0,2.06,4
3840,0.2980697847067557,0.34521158129175944,2.0,2.06,4
3850,0.28478099480326646,0.3363028953229399,2.0,2.06,4
3860,0.2849665924276169,0.3363028953229399,2.0,2.06,4
3870,0.2851521900519673,0.33407572383073497,2.0,2.06,4
3880,0.28162583518930956,0.32962138084632514,2.0,2.06,4
3890,0.2821826280623608,0.32962138084632514,2.0,2.06,4
3900,0.2840014847809948,0.29398663697104677,2.0,2.06,4
3910,0.2750927988121752,0.28507795100222716,2.0,2.06,4
3920,0.266815144766147,0.2717149220489978,2.0,2.06,4
3930,0.26829992576095024,0.27616926503340755,2.0,2.06,4
3940,0.2652190051967335,0.267260579064588,2.0,2.06,4
3950,0.26688938381588717,0.267260579064588,2.0,2.06,4
3960,0.2674461766889384,0.267260579064588,2.0,2.06,4
3970,0.27876763177431324,0.2873051224944321,2.0,2.06,4
3980,0.2792130660727543,0.289532293986637,2.0,2.06,4
3990,0.2855233853006681,0.3051224944320713,2.0,2.06,4
4000,0.2871937639198218,0.30957683741648107,2.0,2.06,4
4010,0.28756495916852265,0.30957683741648107,2.0,2.06,4
4020,0.29090571640682994,0.311804008908686,2.0,2.06,4
4030,0.3139198218262806,0.3585746102449889,2.0,2.06,4
4040,0.31466221232368224,0.3585746102449889,2.0,2.06,4
4050,0.3165924276169265,0.37193763919821826,2.0,2.06,4
4060,0.31362286562731995,0.36302895322939865,2.0,2.06,4
4070,0.33455827765404605,0.41648106904231624,2.0,2.06,4
4080,0.3328878990348923,0.4142538975501114,2.0,2.06,4
4090,0.33418708240534517,0.41870824053452116,2.0,2.06,4
4100,0.3343726800296956,0.41870824053452116,2.0,2.06,4
4110,0.32479584261321454,0.41648106904231624,2.0,2.06,4
4120,0.3296956198960653,0.4142538975501114,2.0,2.06,4
4130,0.331365998515219,0.4209354120267261,2.0,2.06,4
4140,0.331365998515219,0.4209354120267261,2.0,2.06,4
4150,0.33192279138827024,0.4209354120267261,2.0,2.06,4
4160,0.33433556050482555,0.42316258351893093,2.0,2.06,4
4170,0.3301410541945063,0.41202672605790647,2.0,2.06,4
4180,0.3282850779510022,0.40979955456570155,2.0,2.06,4
4190,0.3316258351893096,0.4142538975501114,2.0,2.06,4
4200,0.33311061618411286,0.41648106904231624,2.0,2.06,4
4210,0.28767631774313285,0.37639198218262804,2.0,2.06,4
4220,0.2923162583518931,0.37639198218262804,2.0,2.06,4
4230,0.2989977728285078,0.3830734966592428,2.0,2.06,4
4240,0.3010393466963623,0.3897550111358575,2.0,2.06,4
4250,0.2980697847067557,0.38530066815144765,2.0,2.06,4
4260,0.2980697847067557,0.38530066815144765,2.0,2.06,4
4270,0.3051224944320713,0.39643652561247217,2.0,2.06,4
4280,0.3021529324424647,0.39420935412026725,2.0,2.06,4
4290,0.3060504825538233,0.40089086859688194,2.0,2.06,4
4300,0.30716406829992576,0.3986636971046771,2.0,2.06,4
4310,0.30549368968077206,0.39643652561247217,2.0,2.06,4
4320,0.274536005939124,0.3363028953229399,2.0,2.06,4
4330,0.2767631774313289,0.3363028953229399,2.0,2.06,4
4340,0.28028953229398657,0.34521158129175944,2.0,2.06,4
4350,0.26989606533036375,0.31403118040089084,2.0,2.06,4
4360,0.2726800296956199,0.3051224944320713,2.0,2.06,4
4370,0.2734224201930215,0.3051224944320713,2.0,2.06,4
4380,0.27602078693392723,0.3028953229398664,2.0,2.06,4
4390,0.278619153674833,0.3028953229398664,2.0,2.06,4
4400,0.2821455085374907,0.30957683741648107,2.0,2.06,4
4410,0.28734224201930214,0.32293986636971045,2.0,2.06,4
4420,0.28567186340014844,0.31403118040089084,2.0,2.06,4
4430,0.2874164810690423,0.3207126948775056,2.0,2.06,4
4440,0.2872308834446919,0.3207126948775056,2.0,2.06,4
4450,0.2920564216778025,0.3273942093541203,2.0,2.06,4
4460,0.2916852264291017,0.32516703786191536,2.0,2.06,4
4470,0.2929844097995546,0.32962138084632514,2.0,2.06,4
4480,0.2959539717891611,0.3363028953229399,2.0,2.06,4
4490,0.2989235337787676,0.33853006681514475,2.0,2.06,4
0,0.325909428359317,0.32962138084632514,3.0,2.9755555555555557,0
10,0.31521900519673346,0.3273942093541203,3.0,2.9755555555555557,0
20,0.30842613214550857,0.31403118040089084,3.0,2.9755555555555557,0
30,0.30493689680772085,0.30957683741648107,3.0,2.9755555555555557,0
40,0.3048997772828507,0.30066815144766146,3.0,2.9755555555555557,0
50,0.30348923533778766,0.30066815144766146,3.0,2.9755555555555557,0
60,0.3040089086859688,0.2984409799554566,3.0,2.9755555555555557,0
70,0.30456570155902,0.30066815144766146,3.0,2.9755555555555557,0
80,0.30141054194506306,0.2962138084632517,3.0,2.9755555555555557,0
90,0.3023385300668151,0.2984409799554566,3.0,2.9755555555555557,0
100,0.3026726057906458,0.2984409799554566,3.0,2.9755555555555557,0
110,0.30022271714922044,0.2962138084632517,3.0,2.9755555555555557,0
120,0.2980697847067557,0.29175946547884185,3.0,2.9755555555555557,0
130,0.30259836674090573,0.2984409799554566,3.0,2.9755555555555557,0
140,0.29584261321455085,0.2806236080178174,3.0,2.9755555555555557,0
150,0.3080920564216778,0.2962138084632517,3.0,2.9755555555555557,0
160,0.30679287305122493,0.2806236080178174,3.0,2.9755555555555557,0
170,0.3076095025983668,0.2806236080178174,3.0,2.9755555555555557,0
180,0.31455085374907205,0.289532293986637,3.0,2.9755555555555557,0
190,0.3106533036377135,0.2806236080178174,3.0,2.9755555555555557,0
200,0.31128433556050483,0.28507795100222716,3.0,2.9755555555555557,0
210,0.30705270972531545,0.2873051224944321,3.0,2.9755555555555557,0
220,0.3037861915367483,0.27839643652561247,3.0,2.9755555555555557,0
230,0.34536005939123976,0.38084632516703787,3.0,2.9755555555555557,0
240,0.3461024498886414,0.38084632516703787,3.0,2.9755555555555557,0
250,0.3462509279881218,0.38084632516703787,3.0,2.9755555555555557,0
260,0.34439495174461765,0.37861915367483295,3.0,2.9755555555555557,0
270,0.3410541945063103,0.36971046770601335,3.0,2.9755555555555557,0
280,0.3364142538975501,0.36302895322939865,3.0,2.9755555555555557,0
290,0.3395322939866369,0.3674832962138085,3.0,2.9755555555555557,0
300,0.33916109873793615,0.36971046770601335,3.0,2.9755555555555557,0
310,0.34910913140311806,0.38530066815144765,3.0,2.9755555555555557,0
320,0.34985152190051966,0.38752783964365256,3.0,2.9755555555555557,0
330,0.3538233110616184,0.39198218262806234,3.0,2.9755555555555557,0
340,0.3524870081662954,0.39198218262806234,3.0,2.9755555555555557,0
350,0.339086859688196,0.36971046770601335,3.0,2.9755555555555557,0
360,0.3407943578322198,0.37639198218262804,3.0,2.9755555555555557,0
370,0.3160356347438753,0.34075723830734966,3.0,2.9755555555555557,0
380,0.31481069042316256,0.3363028953229399,3.0,2.9755555555555557,0
390,0.3161841128433556,0.33407572383073497,3.0,2.9755555555555557,0
400,0.31737193763919824,0.32962138084632514,3.0,2.9755555555555557,0
410,0.31098737936154414,0.30734966592427615,3.0,2.9755555555555557,0
420,0.2026726057906459,0.21380846325167038,3.0,2.9755555555555557,0
430,0.2100965107646622,0.2182628062360802,3.0,2.9755555555555557,0
440,0.21607275426874534,0.22271714922049,3.0,2.9755555555555557,0
450,0.2192279138827023,0.22717149220489977,3.0,2.9755555555555557,0
460,0.2202301410541945,0.22717149220489977,3.0,2.9755555555555557,0
470,0.22576095025983667,0.22717149220489977,3.0,2.9755555555555557,0
480,0.23084632516703787,0.24053452115812918,3.0,2.9755555555555557,0
490,0.23233110616184113,0.2383073496659243,3.0,2.9755555555555557,0
500,0.2340014847809948,0.24053452115812918,3.0,2.9755555555555557,0
510,0.23259094283593168,0.23162583518930957,3.0,2.9755555555555557,0
520,0.2308834446919079,0.22717149220489977,3.0,2.9755555555555557,0
530,0.23789903489235337,0.24053452115812918,3.0,2.9755555555555557,0
540,0.2380475129918337,0.22939866369710468,3.0,2.9755555555555557,0
550,0.24101707498144023,0.23608017817371937,3.0,2.9755555555555557,0
560,0.24851521900519674,0.24721603563474387,3.0,2.9755555555555557,0
570,0.2590200445434298,0.2516703786191537,3.0,2.9755555555555557,0
580,0.25742390497401635,0.24721603563474387,3.0,2.9755555555555557,0
590,0.2598366740905716,0.2516703786191537,3.0,2.9755555555555557,0
600,0.26670378619153673,0.2650334075723831,3.0,2.9755555555555557,0
610,0.2646993318485523,0.26280623608017817,3.0,2.9755555555555557,0
620,0.26588715664439494,0.2650334075723831,3.0,2.9755555555555557,0
630,0.26900519673348183,0.2561247216035635,3.0,2.9755555555555557,0
640,0.27219747587230886,0.2561247216035635,3.0,2.9755555555555557,0
650,0.28470675575352633,0.2717149220489978,3.0,2.9755555555555557,0
660,0.3034892353377877,0.30066815144766146,3.0,2.9755555555555557,0
670,0.30170749814402376,0.2984409799554566,3.0,2.9755555555555557,0
680,0.30371195248700816,0.29175946547884185,3.0,2.9755555555555557,0
690,0.3007052709725315,0.29175946547884185,3.0,2.9755555555555557,0
700,0.3018930957683742,0.29398663697104677,3.0,2.9755555555555557,0
710,0.30768374164810686,0.30957683741648107,3.0,2.9755555555555557,0
720,0.30430586488492944,0.3051224944320713,3.0,2.9755555555555557,0
730,0.30649591685226424,0.3051224944320713,3.0,2.9755555555555557,0
740,0.3030438010393467,0.2962138084632517,3.0,2.9755555555555557,0
750,0.3033407572383074,0.2984409799554566,3.0,2.9755555555555557,0
760,0.3038233110616185,0.2984409799554566,3.0,2.9755555555555557,0
770,0.2966963622865627,0.2873051224944321,3.0,2.9755555555555557,0
780,0.29762435040831475,0.2873051224944321,3.0,2.9755555555555557,0
790,0.29918337045285814,0.289532293986637,3.0,2.9755555555555557,0
800,0.2973273942093541,0.2873051224944321,3.0,2.9755555555555557,0
810,0.29907201187824795,0.2962138084632517,3.0,2.9755555555555557,0
820,0.3012991833704528,0.3028953229398664,3.0,2.9755555555555557,0
830,0.3017074981440237,0.2984409799554566,3.0,2.9755555555555557,0
840,0.30586488492947295,0.3051224944320713,3.0,2.9755555555555557,0
850,0.3097253155159614,0.3051224944320713,3.0,2.9755555555555557,0
860,0.3165553080920564,0.311804008908686,3.0,2.9755555555555557,0
870,0.31636971046770596,0.311804008908686,3.0,2.9755555555555557,0
880,0.33426132145508536,0.33407572383073497,3.0,2.9755555555555557,0
890,0.33088344469190795,0.3273942093541203,3.0,2.9755555555555557,0
900,0.322271714922049,0.31403118040089084,3.0,2.9755555555555557,0
910,0.3393466963622866,0.33853006681514475,3.0,2.9755555555555557,0
920,0.3438752783964365,0.34521158129175944,3.0,2.9755555555555557,0
930,0.3461395694135115,0.34743875278396436,3.0,2.9755555555555557,0
940,0.33797327394209353,0.32962138084632514,3.0,2.9755555555555557,0
950,0.3337416481069042,0.32962138084632514,3.0,2.9755555555555557,0
960,0.3342984409799554,0.32962138084632514,3.0,2.9755555555555557,0
970,0.33344469190794357,0.33407572383073497,3.0,2.9755555555555557,0
980,0.32746844840386036,0.32516703786191536,3.0,2.9755555555555557,0
990,0.32342242019302153,0.32516703786191536,3.0,2.9755555555555557,0
1000,0.3238307349665924,0.32962138084632514,3.0,2.9755555555555557,0
1010,0.321380846325167,0.3273942093541203,3.0,2.9755555555555557,0
1020,0.3226800296956199,0.3273942093541203,3.0,2.9755555555555557,0
1030,0.32156644394951744,0.32516703786191536,3.0,2.9755555555555557,0
1040,0.3143281365998515,0.30957683741648107,3.0,2.9755555555555557,0
1050,0.3150705270972531,0.30957683741648107,3.0,2.9755555555555557,0
1060,0.31952487008166297,0.32962138084632514,3.0,2.9755555555555557,0
1070,0.3243132887899035,0.3363028953229399,3.0,2.9755555555555557,0
1080,0.3150705270972531,0.3273942093541203,3.0,2.9755555555555557,0
1090,0.31469933184855237,0.32516703786191536,3.0,2.9755555555555557,0
1100,0.31150705270972534,0.3273942093541203,3.0,2.9755555555555557,0
1110,0.3135115070527097,0.34075723830734966,3.0,2.9755555555555557,0
1120,0.31570155902004454,0.34075723830734966,3.0,2.9755555555555557,0
1130,0.30705270972531545,0.32516703786191536,3.0,2.9755555555555557,0
1140,0.3094654788418708,0.33184855233853006,3.0,2.9755555555555557,0
1150,0.31109873793615445,0.3363028953229399,3.0,2.9755555555555557,0
1160,0.31269487750556796,0.32516703786191536,3.0,2.9755555555555557,0
1170,0.3125092798812175,0.32293986636971045,3.0,2.9755555555555557,0
1180,0.3237564959168523,0.33853006681514475,3.0,2.9755555555555557,0
1190,0.3092798812175204,0.31403118040089084,3.0,2.9755555555555557,0
1200,0.30983667409057164,0.31403118040089084,3.0,2.9755555555555557,0
1210,0.3087230883444692,0.311804008908686,3.0,2.9755555555555557,0
1220,0.3111729769858945,0.31403118040089084,3.0,2.9755555555555557,0
1230,0.32008166295471413,0.3273942093541203,3.0,2.9755555555555557,0
1240,0.29851521900519673,0.2984409799554566,3.0,2.9755555555555557,0
1250,0.34714179658500366,0.38752783964365256,3.0,2.9755555555555557,0
1260,0.3492576095025984,0.38752783964365256,3.0,2.9755555555555557,0
1270,0.3538604305864885,0.39420935412026725,3.0,2.9755555555555557,0
1280,0.35716406829992575,0.39643652561247217,3.0,2.9755555555555557,0
1290,0.35716406829992575,0.39643652561247217,3.0,2.9755555555555557,0
1300,0.3646622123236823,0.40979955456570155,3.0,2.9755555555555557,0
1310,0.23389012620638452,0.19599109131403117,3.0,2.9755555555555557,0
1320,0.23693392724573123,0.19821826280623608,3.0,2.9755555555555557,0
1330,0.24428359317000745,0.21158129175946547,3.0,2.9755555555555557,0
1340,0.24502598366740902,0.21380846325167038,3.0,2.9755555555555557,0
1350,0.24703043801039345,0.21380846325167038,3.0,2.9755555555555557,0
1360,0.2522271714922049,0.2182628062360802,3.0,2.9755555555555557,0
1370,0.2506310319227914,0.21380846325167038,3.0,2.9755555555555557,0
1380,0.25126206384558275,0.2182628062360802,3.0,2.9755555555555557,0
1390,0.2552338530066815,0.22271714922049,3.0,2.9755555555555557,0
1400,0.25649591685226425,0.22494432071269488,3.0,2.9755555555555557,0
1410,0.25857461024498885,0.22494432071269488,3.0,2.9755555555555557,0
1420,0.26841128433556055,0.23162583518930957,3.0,2.9755555555555557,0
1430,0.26748329621380845,0.22939866369710468,3.0,2.9755555555555557,0
1440,0.2674832962138085,0.22939866369710468,3.0,2.9755555555555557,0
1450,0.2738678544914625,0.25389755011135856,3.0,2.9755555555555557,0
1460,0.27962138084632515,0.26057906458797325,3.0,2.9755555555555557,0
1470,0.2782850779510022,0.2583518930957684,3.0,2.9755555555555557,0
1480,0.30564216778025244,0.3028953229398664,3.0,2.9755555555555557,0
1490,0.30731254639940614,0.3051224944320713,3.0,2.9755555555555557,0
1500,0.3131031922791388,0.30957683741648107,3.0,2.9755555555555557,0
1510,0.31009651076466227,0.30734966592427615,3.0,2.9755555555555557,0
1520,0.31778025241276914,0.3207126948775056,3.0,2.9755555555555557,0
1530,0.31377134372680027,0.311804008908686,3.0,2.9755555555555557,0
1540,0.3110616184112844,0.3051224944320713,3.0,2.9755555555555557,0
1550,0.3233853006681514,0.32962138084632514,3.0,2.9755555555555557,0
1560,0.3253155159613957,0.32962138084632514,3.0,2.9755555555555557,0
1570,0.32420193021529325,0.3273942093541203,3.0,2.9755555555555557,0
1580,0.33348181143281364,0.33853006681514475,3.0,2.9755555555555557,0
1590,0.3402746844840386,0.3518930957683742,3.0,2.9755555555555557,0
1600,0.3359688195991091,0.34743875278396436,3.0,2.9755555555555557,0
1610,0.3288418708240535,0.33853006681514475,3.0,2.9755555555555557,0
1620,0.3312546399406088,0.3429844097995546,3.0,2.9755555555555557,0
1630,0.3287305122494432,0.3429844097995546,3.0,2.9755555555555557,0
1640,0.3284706755753526,0.3363028953229399,3.0,2.9755555555555557,0
1650,0.33708240534521156,0.34966592427616927,3.0,2.9755555555555557,0
1660,0.32446176688938383,0.3273942093541203,3.0,2.9755555555555557,0
1670,0.34042316258351885,0.34743875278396436,3.0,2.9755555555555557,0
1680,0.33971789161098737,0.3518930957683742,3.0,2.9755555555555557,0
1690,0.3414625092798812,0.3585746102449889,3.0,2.9755555555555557,0
1700,0.34688195991091314,0.3674832962138085,3.0,2.9755555555555557,0
1710,0.31867112100965106,0.32516703786191536,3.0,2.9755555555555557,0
1720,0.321826280623608,0.33407572383073497,3.0,2.9755555555555557,0
1730,0.32108389012620636,0.33184855233853006,3.0,2.9755555555555557,0
1740,0.3285820341499628,0.33853006681514475,3.0,2.9755555555555557,0
1750,0.330957683741648,0.34075723830734966,3.0,2.9755555555555557,0
1760,0.32973273942093545,0.3363028953229399,3.0,2.9755555555555557,0
1770,0.33184855233853006,0.34521158129175944,3.0,2.9755555555555557,0
1780,0.337268002969562,0.34743875278396436,3.0,2.9755555555555557,0
1790,0.32958426132145513,0.34966592427616927,3.0,2.9755555555555557,0
1800,0.3182999257609503,0.33184855233853006,3.0,2.9755555555555557,0
1810,0.31874536005939125,0.33184855233853006,3.0,2.9755555555555557,0
1820,0.32308834446919077,0.3363028953229399,3.0,2.9755555555555557,0
1830,0.33051224944320706,0.34743875278396436,3.0,2.9755555555555557,0
1840,0.33337045285820344,0.34521158129175944,3.0,2.9755555555555557,0
1850,0.33351893095768376,0.34521158129175944,3.0,2.9755555555555557,0
1860,0.33771343726800296,0.3585746102449889,3.0,2.9755555555555557,0
1870,0.33452115812917593,0.35634743875278396,3.0,2.9755555555555557,0
1880,0.3320341499628805,0.35412026726057905,3.0,2.9755555555555557,0
1890,0.3285077951002227,0.34743875278396436,3.0,2.9755555555555557,0
1900,0.3247216035634744,0.33853006681514475,3.0,2.9755555555555557,0
1910,0.31778025241276914,0.33184855233853006,3.0,2.9755555555555557,0
1920,0.3239420935412026,0.34075723830734966,3.0,2.9755555555555557,0
1930,0.33032665181885673,0.3429844097995546,3.0,2.9755555555555557,0
1940,0.32798812175204156,0.3429844097995546,3.0,2.9755555555555557,0
1950,0.3416852264291017,0.35634743875278396,3.0,2.9755555555555557,0
1960,0.3413140311804009,0.35634743875278396,3.0,2.9755555555555557,0
1970,0.3570527097253155,0.37861915367483295,3.0,2.9755555555555557,0
1980,0.31885671863400145,0.34966592427616927,3.0,2.9755555555555557,0
1990,0.31577579806978473,0.34521158129175944,3.0,2.9755555555555557,0
2000,0.23641425389755014,0.2383073496659243,3.0,2.9755555555555557,0
2010,0.24755011135857463,0.23608017817371937,3.0,2.9755555555555557,0
2020,0.2476243504083148,0.23385300668151449,3.0,2.9755555555555557,0
2030,0.25816629547141795,0.24053452115812918,3.0,2.9755555555555557,0
2040,0.2601336302895323,0.24498886414253898,3.0,2.9755555555555557,0
2050,0.26492204899777283,0.24721603563474387,3.0,2.9755555555555557,0
2060,0.2987750556792873,0.27616926503340755,3.0,2.9755555555555557,0
2070,0.3127691165553081,0.29175946547884185,3.0,2.9755555555555557,0
2080,0.3144766146993319,0.30066815144766146,3.0,2.9755555555555557,0
2090,0.3171863400148478,0.30066815144766146,3.0,2.9755555555555557,0
2100,0.31095025983667407,0.28507795100222716,3.0,2.9755555555555557,0
2110,0.31740905716406825,0.29398663697104677,3.0,2.9755555555555557,0
2120,0.31681514476614697,0.29175946547884185,3.0,2.9755555555555557,0
2130,0.31818856718634003,0.29398663697104677,3.0,2.9755555555555557,0
2140,0.21677802524127693,0.21603563474387527,3.0,2.9755555555555557,0
2150,0.21889383815887156,0.21603563474387527,3.0,2.9755555555555557,0
2160,0.22639198218262804,0.21603563474387527,3.0,2.9755555555555557,0
2170,0.2815887156644395,0.2828507795100223,3.0,2.9755555555555557,0
2180,0.27913882702301407,0.27839643652561247,3.0,2.9755555555555557,0
2190,0.2860059391239792,0.27839643652561247,3.0,2.9755555555555557,0
2200,0.28927245731254636,0.27839643652561247,3.0,2.9755555555555557,0
2210,0.29016332590942834,0.2717149220489978,3.0,2.9755555555555557,0
2220,0.29201930215293237,0.27616926503340755,3.0,2.9755555555555557,0
2230,0.29532293986636965,0.2739420935412027,3.0,2.9755555555555557,0
2240,0.2956941351150705,0.2739420935412027,3.0,2.9755555555555557,0
2250,0.2974016332590943,0.2717149220489978,3.0,2.9755555555555557,0
2260,0.30107646622123235,0.2739420935412027,3.0,2.9755555555555557,0
2270,0.30794357832219743,0.2873051224944321,3.0,2.9755555555555557,0
2280,0.311841128433556,0.29175946547884185,3.0,2.9755555555555557,0
2290,0.3144023756495916,0.2962138084632517,3.0,2.9755555555555557,0
2300,0.31477357089829244,0.2962138084632517,3.0,2.9755555555555557,0
2310,0.314996288047513,0.3051224944320713,3.0,2.9755555555555557,0
2320,0.3090942835931699,0.30066815144766146,3.0,2.9755555555555557,0
2330,0.311358574610245,0.3051224944320713,3.0,2.9755555555555557,0
2340,0.3071640682999258,0.30066815144766146,3.0,2.9755555555555557,0
2350,0.2879361544172235,0.27616926503340755,3.0,2.9755555555555557,0
2360,0.28830734966592425,0.27616926503340755,3.0,2.9755555555555557,0
2370,0.2831477357089829,0.2739420935412027,3.0,2.9755555555555557,0
2380,0.2782850779510022,0.267260579064588,3.0,2.9755555555555557,0
2390,0.2805864884929473,0.26948775055679286,3.0,2.9755555555555557,0
2400,0.2791759465478842,0.2650334075723831,3.0,2.9755555555555557,0
2410,0.2937639198218262,0.27616926503340755,3.0,2.9755555555555557,0
2420,0.29910913140311807,0.289532293986637,3.0,2.9755555555555557,0
2430,0.2996659242761693,0.2873051224944321,3.0,2.9755555555555557,0
2440,0.30126206384558274,0.2873051224944321,3.0,2.9755555555555557,0
2450,0.3044914625092799,0.2873051224944321,3.0,2.9755555555555557,0
2460,0.31321455085374905,0.30957683741648107,3.0,2.9755555555555557,0
2470,0.3147735708982925,0.311804008908686,3.0,2.9755555555555557,0
2480,0.3181143281365999,0.311804008908686,3.0,2.9755555555555557,0
2490,0.32253155159613955,0.32293986636971045,3.0,2.9755555555555557,0
2500,0.3347809948032665,0.32516703786191536,3.0,2.9755555555555557,0
2510,0.33207126948775056,0.3207126948775056,3.0,2.9755555555555557,0
2520,0.34083147735708974,0.33407572383073497,3.0,2.9755555555555557,0
2530,0.30850037119524865,0.31625835189309576,3.0,2.9755555555555557,0
2540,0.29974016332590936,0.2962138084632517,3.0,2.9755555555555557,0
2550,0.29825538233110616,0.29398663697104677,3.0,2.9755555555555557,0
2560,0.33622865627319964,0.35412026726057905,3.0,2.9755555555555557,0
2570,0.332739420935412,0.36080178173719374,3.0,2.9755555555555557,0
2580,0.32405345211581293,0.34966592427616927,3.0,2.9755555555555557,0
2590,0.32405345211581293,0.34743875278396436,3.0,2.9755555555555557,0
2600,0.33077208611729775,0.3518930957683742,3.0,2.9755555555555557,0
2610,0.3287305122494433,0.34743875278396436,3.0,2.9755555555555557,0
2620,0.3319970304380104,0.34966592427616927,3.0,2.9755555555555557,0
2630,0.32976985894580546,0.34075723830734966,3.0,2.9755555555555557,0
2640,0.3160727542687453,0.30957683741648107,3.0,2.9755555555555557,0
2650,0.31885671863400145,0.32516703786191536,3.0,2.9755555555555557,0
2660,0.31588715664439493,0.32293986636971045,3.0,2.9755555555555557,0
2670,0.3180029695619896,0.32516703786191536,3.0,2.9755555555555557,0
2680,0.3185597624350408,0.32516703786191536,3.0,2.9755555555555557,0
2690,0.32728285077950997,0.34521158129175944,3.0,2.9755555555555557,0
2700,0.3297327394209354,0.34966592427616927,3.0,2.9755555555555557,0
2710,0.3306607275426874,0.3518930957683742,3.0,2.9755555555555557,0
2720,0.3290645879732739,0.34966592427616927,3.0,2.9755555555555557,0
2730,0.3292501855976243,0.34966592427616927,3.0,2.9755555555555557,0
2740,0.3295842613214551,0.34743875278396436,3.0,2.9755555555555557,0
2750,0.3332590942835931,0.3518930957683742,3.0,2.9755555555555557,0
2760,0.26581291759465475,0.25389755011135856,3.0,2.9755555555555557,0
2770,0.2720861172976986,0.2516703786191537,3.0,2.9755555555555557,0
2780,0.27865627319970304,0.26280623608017817,3.0,2.9755555555555557,0
2790,0.28251670378619154,0.2650334075723831,3.0,2.9755555555555557,0
2800,0.280438010393467,0.26280623608017817,3.0,2.9755555555555557,0
2810,0.2864142538975501,0.2717149220489978,3.0,2.9755555555555557,0
2820,0.2913140311804009,0.2828507795100223,3.0,2.9755555555555557,0
2830,0.2923904974016332,0.2806236080178174,3.0,2.9755555555555557,0
2840,0.2941351150705271,0.2873051224944321,3.0,2.9755555555555557,0
2850,0.2947290274684484,0.29175946547884185,3.0,2.9755555555555557,0
2860,0.322271714922049,0.33184855233853006,3.0,2.9755555555555557,0
2870,0.32683741648106907,0.33853006681514475,3.0,2.9755555555555557,0
2880,0.3201930215293244,0.32516703786191536,3.0,2.9755555555555557,0
2890,0.32138084632516706,0.32516703786191536,3.0,2.9755555555555557,0
2900,0.3171863400148478,0.3184855233853007,3.0,2.9755555555555557,0
2910,0.31833704528582035,0.311804008908686,3.0,2.9755555555555557,0
2920,0.3192650334075724,0.311804008908686,3.0,2.9755555555555557,0
2930,0.3190423162583519,0.30957683741648107,3.0,2.9755555555555557,0
2940,0.32197475872308834,0.3184855233853007,3.0,2.9755555555555557,0
2950,0.3210838901262064,0.3184855233853007,3.0,2.9755555555555557,0
2960,0.324981440237565,0.31403118040089084,3.0,2.9755555555555557,0
2970,0.31191536748329624,0.31403118040089084,3.0,2.9755555555555557,0
2980,0.3169636228656273,0.33184855233853006,3.0,2.9755555555555557,0
2990,0.31740905716406825,0.33407572383073497,3.0,2.9755555555555557,0
3000,0.3150705270972531,0.32516703786191536,3.0,2.9755555555555557,0
3010,0.31521900519673346,0.32293986636971045,3.0,2.9755555555555557,0
3020,0.3170749814402376,0.32293986636971045,3.0,2.9755555555555557,0
3030,0.318634001484781,0.32516703786191536,3.0,2.9755555555555557,0
3040,0.3246473645137342,0.32962138084632514,3.0,2.9755555555555557,0
3050,0.3244246473645137,0.3273942093541203,3.0,2.9755555555555557,0
3060,0.32821083890126207,0.33184855233853006,3.0,2.9755555555555557,0
3070,0.3274313288789903,0.33184855233853006,3.0,2.9755555555555557,0
3080,0.31633259094283595,0.3051224944320713,3.0,2.9755555555555557,0
3090,0.32056421677802527,0.311804008908686,3.0,2.9755555555555557,0
3100,0.30586488492947284,0.29175946547884185,3.0,2.9755555555555557,0
3110,0.31039346696362285,0.3028953229398664,3.0,2.9755555555555557,0
3120,0.3121752041573868,0.30734966592427615,3.0,2.9755555555555557,0
3130,0.32386785449146244,0.3028953229398664,3.0,2.9755555555555557,0
3140,0.31915367483296214,0.29398663697104677,3.0,2.9755555555555557,0
3150,0.32082405345211584,0.29398663697104677,3.0,2.9755555555555557,0
3160,0.32724573125463996,0.32516703786191536,3.0,2.9755555555555557,0
3170,0.3233110616184113,0.3207126948775056,3.0,2.9755555555555557,0
3180,0.32145508537490713,0.3184855233853007,3.0,2.9755555555555557,0
3190,0.3243875278396436,0.32293986636971045,3.0,2.9755555555555557,0
3200,0.33140311804008904,0.3363028953229399,3.0,2.9755555555555557,0
3210,0.32579806978470677,0.3273942093541203,3.0,2.9755555555555557,0
3220,0.3237564959168523,0.32293986636971045,3.0,2.9755555555555557,0
3230,0.32383073496659237,0.32293986636971045,3.0,2.9755555555555557,0
3240,0.3271714922048997,0.3273942093541203,3.0,2.9755555555555557,0
3250,0.3275798069784706,0.33184855233853006,3.0,2.9755555555555557,0
3260,0.3264662212323682,0.32962138084632514,3.0,2.9755555555555557,0
3270,0.32620638455827766,0.30957683741648107,3.0,2.9755555555555557,0
3280,0.3309576837416481,0.32293986636971045,3.0,2.9755555555555557,0
3290,0.3145137342242019,0.2962138084632517,3.0,2.9755555555555557,0
3300,0.31310319227913885,0.30066815144766146,3.0,2.9755555555555557,0
3310,0.31455085374907205,0.29398663697104677,3.0,2.9755555555555557,0
3320,0.31455085374907205,0.29398663697104677,3.0,2.9755555555555557,0
3330,0.316369710467706,0.2962138084632517,3.0,2.9755555555555557,0
3340,0.2827023014105419,0.2828507795100223,3.0,2.9755555555555557,0
3350,0.2882331106161841,0.29175946547884185,3.0,2.9755555555555557,0
3360,0.28934669636228655,0.29175946547884185,3.0,2.9755555555555557,0
3370,0.293652561247216,0.2962138084632517,3.0,2.9755555555555557,0
3380,0.2914996288047513,0.29175946547884185,3.0,2.9755555555555557,0
3390,0.29391239792130663,0.2984409799554566,3.0,2.9755555555555557,0
3400,0.29925760950259833,0.2984409799554566,3.0,2.9755555555555557,0
3410,0.3129918337045286,0.3051224944320713,3.0,2.9755555555555557,0
3420,0.32720861172976984,0.32962138084632514,3.0,2.9755555555555557,0
3430,0.3263919821826281,0.3273942093541203,3.0,2.9755555555555557,0
3440,0.3321083890126206,0.33853006681514475,3.0,2.9755555555555557,0
3450,0.3300668151447661,0.33853006681514475,3.0,2.9755555555555557,0
3460,0.32724573125463996,0.34075723830734966,3.0,2.9755555555555557,0
3470,0.3275798069784706,0.3429844097995546,3.0,2.9755555555555557,0
3480,0.32479584261321454,0.3363028953229399,3.0,2.9755555555555557,0
3490,0.3241648106904232,0.33853006681514475,3.0,2.9755555555555557,0
3500,0.32787676317743125,0.34521158129175944,3.0,2.9755555555555557,0
3510,0.2914996288047513,0.3429844097995546,3.0,2.9755555555555557,0
3520,0.29246473645137344,0.34521158129175944,3.0,2.9755555555555557,0
3530,0.29283593170007427,0.34521158129175944,3.0,2.9755555555555557,0
3540,0.29161098737936153,0.34075723830734966,3.0,2.9755555555555557,0
3550,0.2995916852264291,0.34743875278396436,3.0,2.9755555555555557,0
3560,0.29706755753526354,0.3429844097995546,3.0,2.9755555555555557,0
3570,0.19135115070527095,0.18040089086859687,3.0,2.9755555555555557,0
3580,0.20126206384558273,0.17817371937639198,3.0,2.9755555555555557,0
3590,0.20367483296213806,0.18262806236080179,3.0,2.9755555555555557,0
3600,0.21217520415738678,0.18930957683741648,3.0,2.9755555555555557,0
3610,0.22015590200445434,0.19821826280623608,3.0,2.9755555555555557,0
3620,0.22962138084632516,0.2071269487750557,3.0,2.9755555555555557,0
3630,0.23348181143281366,0.20935412026726058,3.0,2.9755555555555557,0
3640,0.24060876020786934,0.21380846325167038,3.0,2.9755555555555557,0
3650,0.2469933184855234,0.22271714922049,3.0,2.9755555555555557,0
3660,0.25274684484038606,0.2383073496659243,3.0,2.9755555555555557,0
3670,0.2589458054936897,0.23385300668151449,3.0,2.9755555555555557,0
3680,0.2625463994060876,0.2383073496659243,3.0,2.9755555555555557,0
3690,0.29020044543429846,0.2583518930957684,3.0,2.9755555555555557,0
3700,0.2998144023756496,0.26948775055679286,3.0,2.9755555555555557,0
3710,0.31544172234595397,0.29175946547884185,3.0,2.9755555555555557,0
3720,0.31818856718634003,0.2962138084632517,3.0,2.9755555555555557,0
3730,0.3155530809205642,0.2984409799554566,3.0,2.9755555555555557,0
3740,0.31926503340757245,0.3028953229398664,3.0,2.9755555555555557,0
3750,0.31403118040089084,0.2962138084632517,3.0,2.9755555555555557,0
3760,0.31373422420193026,0.28507795100222716,3.0,2.9755555555555557,0
3770,0.3139198218262806,0.2873051224944321,3.0,2.9755555555555557,0
3780,0.3149220489977728,0.289532293986637,3.0,2.9755555555555557,0
3790,0.31585003711952486,0.29398663697104677,3.0,2.9755555555555557,0
3800,0.31685226429101704,0.2962138084632517,3.0,2.9755555555555557,0
3810,0.319970304380104,0.2962138084632517,3.0,2.9755555555555557,0
3820,0.3201930215293244,0.2984409799554566,3.0,2.9755555555555557,0
3830,0.3192650334075724,0.30066815144766146,3.0,2.9755555555555557,0
3840,0.31737193763919824,0.2984409799554566,3.0,2.9755555555555557,0
3850,0.3170749814402376,0.29398663697104677,3.0,2.9755555555555557,0
3860,0.3114699331848552,0.2984409799554566,3.0,2.9755555555555557,0
3870,0.3176317743132888,0.3051224944320713,3.0,2.9755555555555557,0
3880,0.31399406087602083,0.30066815144766146,3.0,2.9755555555555557,0
3890,0.31529324424647365,0.3028953229398664,3.0,2.9755555555555557,0
3900,0.31399406087602083,0.3051224944320713,3.0,2.9755555555555557,0
3910,0.31610987379361544,0.30957683741648107,3.0,2.9755555555555557,0
3920,0.31573867854491466,0.30957683741648107,3.0,2.9755555555555557,0
3930,0.329547141796585,0.3363028953229399,3.0,2.9755555555555557,0
3940,0.3294357832219748,0.34075723830734966,3.0,2.9755555555555557,0
3950,0.33221974758723094,0.3429844097995546,3.0,2.9755555555555557,0
3960,0.33466963622865625,0.34521158129175944,3.0,2.9755555555555557,0
3970,0.3365256124721604,0.34521158129175944,3.0,2.9755555555555557,0
3980,0.3299554565701559,0.34521158129175944,3.0,2.9755555555555557,0
3990,0.32041573867854495,0.33853006681514475,3.0,2.9755555555555557,0
4000,0.3249814402375649,0.34966592427616927,3.0,2.9755555555555557,0
4010,0.321380846325167,0.34743875278396436,3.0,2.9755555555555557,0
4020,0.32327394209354116,0.3518930957683742,3.0,2.9755555555555557,0
4030,0.3111729769858946,0.33184855233853006,3.0,2.9755555555555557,0
4040,0.29762435040831475,0.30957683741648107,3.0,2.9755555555555557,0
4050,0.29357832219747587,0.3028953229398664,3.0,2.9755555555555557,0
4060,0.29357832219747587,0.3028953229398664,3.0,2.9755555555555557,0
4070,0.2975872308834447,0.3184855233853007,3.0,2.9755555555555557,0
4080,0.3058277654046028,0.30734966592427615,3.0,2.9755555555555557,0
4090,0.31273199703043797,0.3184855233853007,3.0,2.9755555555555557,0
4100,0.313177431328879,0.3184855233853007,3.0,2.9755555555555557,0
4110,0.31280623608017816,0.3184855233853007,3.0,2.9755555555555557,0
4120,0.31262063845582777,0.31625835189309576,3.0,2.9755555555555557,0
4130,0.31421677802524123,0.31625835189309576,3.0,2.9755555555555557,0
4140,0.31622123236822564,0.31625835189309576,3.0,2.9755555555555557,0
4150,0.3176317743132888,0.311804008908686,3.0,2.9755555555555557,0
4160,0.31510764662212326,0.31625835189309576,3.0,2.9755555555555557,0
4170,0.3164068299925761,0.31625835189309576,3.0,2.9755555555555557,0
4180,0.3190051967334818,0.32293986636971045,3.0,2.9755555555555557,0
4190,0.3201930215293244,0.32293986636971045,3.0,2.9755555555555557,0
4200,0.32093541202672604,0.3273942093541203,3.0,2.9755555555555557,0
4210,0.3110244988864142,0.311804008908686,3.0,2.9755555555555557,0
4220,0.3064587973273942,0.30066815144766146,3.0,2.9755555555555557,0
4230,0.3076466221232368,0.3028953229398664,3.0,2.9755555555555557,0
4240,0.3087602078693393,0.30734966592427615,3.0,2.9755555555555557,0
4250,0.31169265033407567,0.30957683741648107,3.0,2.9755555555555557,0
4260,0.3140682999257609,0.311804008908686,3.0,2.9755555555555557,0
4270,0.31885671863400145,0.32516703786191536,3.0,2.9755555555555557,0
4280,0.31373422420193026,0.31625835189309576,3.0,2.9755555555555557,0
4290,0.2151818856718634,0.22494432071269488,3.0,2.9755555555555557,0
4300,0.21703786191536745,0.23162583518930957,3.0,2.9755555555555557,0
4310,0.22015590200445434,0.22048997772828507,3.0,2.9755555555555557,0
4320,0.2250556792873051,0.22271714922049,3.0,2.9755555555555557,0
4330,0.2619524870081663,0.23608017817371937,3.0,2.9755555555555557,0
4340,0.2607275426874536,0.23385300668151449,3.0,2.9755555555555557,0
4350,0.26451373422420194,0.2383073496659243,3.0,2.9755555555555557,0
4360,0.2643652561247216,0.22939866369710468,3.0,2.9755555555555557,0
4370,0.26971046770601337,0.23608017817371937,3.0,2.9755555555555557,0
4380,0.27776540460282106,0.24276169265033407,3.0,2.9755555555555557,0
4390,0.2852264291017075,0.26948775055679286,3.0,2.9755555555555557,0
4400,0.28370452858203415,0.267260579064588,3.0,2.9755555555555557,0
4410,0.2822197475872309,0.26280623608017817,3.0,2.9755555555555557,0
4420,0.28240534521158134,0.2650334075723831,3.0,2.9755555555555557,0
4430,0.2821455085374907,0.267260579064588,3.0,2.9755555555555557,0
4440,0.29224201930215293,0.2806236080178174,3.0,2.9755555555555557,0
4450,0.28927245731254636,0.2717149220489978,3.0,2.9755555555555557,0
4460,0.2916481069042316,0.27616926503340755,3.0,2.9755555555555557,0
4470,0.30100222717149216,0.27839643652561247,3.0,2.9755555555555557,0
4480,0.3041202672605791,0.2828507795100223,3.0,2.9755555555555557,0
4490,0.33901262063845583,0.34743875278396436,3.0,2.9755555555555557,0
0,0.3326651818856718,0.38752783964365256,3.0,2.991111111111111,1
10,0.26911655530809203,0.2739420935412027,3.0,2.991111111111111,1
20,0.26581291759465475,0.2717149220489978,3.0,2.991111111111111,1
30,0.26937639198218266,0.27839643652561247,3.0,2.991111111111111,1
40,0.2708240534521158,0.27839643652561247,3.0,2.991111111111111,1
50,0.27423904974016333,0.27616926503340755,3.0,2.991111111111111,1
60,0.2540089086859688,0.2516703786191537,3.0,2.991111111111111,1
70,0.25274684484038606,0.24498886414253898,3.0,2.991111111111111,1
80,0.253192279138827,0.24498886414253898,3.0,2.991111111111111,1
90,0.2781365998515219,0.26948775055679286,3.0,2.991111111111111,1
100,0.2766889383815887,0.2717149220489978,3.0,2.991111111111111,1
110,0.27576095025983666,0.26948775055679286,3.0,2.991111111111111,1
120,0.30126206384558274,0.2962138084632517,3.0,2.991111111111111,1
130,0.30720118782479583,0.30734966592427615,3.0,2.991111111111111,1
140,0.3080549368968077,0.30734966592427615,3.0,2.991111111111111,1
150,0.31492204899777276,0.30957683741648107,3.0,2.991111111111111,1
160,0.314996288047513,0.30734966592427615,3.0,2.991111111111111,1
170,0.31800296956198953,0.30957683741648107,3.0,2.991111111111111,1
180,0.3209354120267261,0.31403118040089084,3.0,2.991111111111111,1
190,0.33355605048255377,0.33853006681514475,3.0,2.991111111111111,1
200,0.33652561247216034,0.34743875278396436,3.0,2.991111111111111,1
210,0.33285077951002223,0.32293986636971045,3.0,2.991111111111111,1
220,0.3335931700074239,0.32516703786191536,3.0,2.991111111111111,1
230,0.33181143281366005,0.32293986636971045,3.0,2.991111111111111,1
240,0.3399406087602079,0.3363028953229399,3.0,2.991111111111111,1
250,0.34068299925760953,0.34075723830734966,3.0,2.991111111111111,1
260,0.3464365256124721,0.34743875278396436,3.0,2.991111111111111,1
270,0.3420564216778025,0.33853006681514475,3.0,2.991111111111111,1
280,0.34149962880475127,0.3363028953229399,3.0,2.991111111111111,1
290,0.34075723830734966,0.33184855233853006,3.0,2.991111111111111,1
300,0.33440979955456573,0.33184855233853006,3.0,2.991111111111111,1
310,0.3327023014105419,0.32293986636971045,3.0,2.991111111111111,1
320,0.3242761692650334,0.32293986636971045,3.0,2.991111111111111,1
330,0.3176317743132888,0.31403118040089084,3.0,2.991111111111111,1
340,0.3203414996288047,0.3207126948775056,3.0,2.991111111111111,1
350,0.3220118782479584,0.3184855233853007,3.0,2.991111111111111,1
360,0.3212694877505568,0.31625835189309576,3.0,2.991111111111111,1
370,0.3155159613956941,0.31625835189309576,3.0,2.991111111111111,1
380,0.31395694135115065,0.311804008908686,3.0,2.991111111111111,1
390,0.31421677802524123,0.30957683741648107,3.0,2.991111111111111,1
400,0.31907943578322195,0.3207126948775056,3.0,2.991111111111111,1
410,0.31700074239049736,0.31625835189309576,3.0,2.991111111111111,1
420,0.31039346696362285,0.3028953229398664,3.0,2.991111111111111,1
430,0.3118411284335561,0.2962138084632517,3.0,2.991111111111111,1
440,0.31358574610244994,0.2984409799554566,3.0,2.991111111111111,1
450,0.306829992576095,0.28507795100222716,3.0,2.991111111111111,1
460,0.31039346696362285,0.28507795100222716,3.0,2.991111111111111,1
470,0.3089086859688196,0.2806236080178174,3.0,2.991111111111111,1
480,0.31778025241276914,0.29175946547884185,3.0,2.991111111111111,1
490,0.31681514476614697,0.29398663697104677,3.0,2.991111111111111,1
500,0.3289161098737936,0.3051224944320713,3.0,2.991111111111111,1
510,0.32576095025983665,0.3028953229398664,3.0,2.991111111111111,1
520,0.3274313288789903,0.30066815144766146,3.0,2.991111111111111,1
530,0.3212323682256867,0.2962138084632517,3.0,2.991111111111111,1
540,0.32821083890126207,0.31403118040089084,3.0,2.991111111111111,1
550,0.3269116555308092,0.311804008908686,3.0,2.991111111111111,1
560,0.3239792130660727,0.30734966592427615,3.0,2.991111111111111,1
570,0.3003711952487008,0.3051224944320713,3.0,2.991111111111111,1
580,0.29153674832962134,0.289532293986637,3.0,2.991111111111111,1
590,0.29153674832962134,0.289532293986637,3.0,2.991111111111111,1
600,0.2925389755011136,0.29175946547884185,3.0,2.991111111111111,1
610,0.311804008908686,0.3051224944320713,3.0,2.991111111111111,1
620,0.3040089086859688,0.2984409799554566,3.0,2.991111111111111,1
630,0.30219005196733484,0.29398663697104677,3.0,2.991111111111111,1
640,0.30560504825538226,0.3028953229398664,3.0,2.991111111111111,1
650,0.30219005196733484,0.2962138084632517,3.0,2.991111111111111,1
660,0.3049368968077209,0.29175946547884185,3.0,2.991111111111111,1
670,0.30749814402375647,0.29398663697104677,3.0,2.991111111111111,1
680,0.30638455827765404,0.29175946547884185,3.0,2.991111111111111,1
690,0.3152561247216035,0.3051224944320713,3.0,2.991111111111111,1
700,0.3316629547141797,0.3363028953229399,3.0,2.991111111111111,1
710,0.3311061618411284,0.3363028953229399,3.0,2.991111111111111,1
720,0.32839643652561246,0.3363028953229399,3.0,2.991111111111111,1
730,0.32976985894580546,0.3429844097995546,3.0,2.991111111111111,1
740,0.33730512249443206,0.3518930957683742,3.0,2.991111111111111,1
750,0.3380475129918337,0.35634743875278396,3.0,2.991111111111111,1
760,0.3410541945063103,0.35634743875278396,3.0,2.991111111111111,1
770,0.3429101707498144,0.36302895322939865,3.0,2.991111111111111,1
780,0.3415367483296214,0.36080178173719374,3.0,2.991111111111111,1
790,0.3426503340757238,0.36302895322939865,3.0,2.991111111111111,1
800,0.3446547884187082,0.36080178173719374,3.0,2.991111111111111,1
810,0.3504083147735709,0.36525612472160357,3.0,2.991111111111111,1
820,0.347253155159614,0.36080178173719374,3.0,2.991111111111111,1
830,0.34966592427616927,0.36080178173719374,3.0,2.991111111111111,1
840,0.3302524127691166,0.34521158129175944,3.0,2.991111111111111,1
850,0.3309948032665182,0.3429844097995546,3.0,2.991111111111111,1
860,0.3195619896065331,0.32293986636971045,3.0,2.991111111111111,1
870,0.32253155159613955,0.3184855233853007,3.0,2.991111111111111,1
880,0.3283593170007424,0.32962138084632514,3.0,2.991111111111111,1
890,0.3287305122494431,0.32962138084632514,3.0,2.991111111111111,1
900,0.32817371937639195,0.33184855233853006,3.0,2.991111111111111,1
910,0.3294729027468449,0.33184855233853006,3.0,2.991111111111111,1
920,0.3425018559762435,0.34521158129175944,3.0,2.991111111111111,1
930,0.3446547884187082,0.3585746102449889,3.0,2.991111111111111,1
940,0.33600593912397925,0.34521158129175944,3.0,2.991111111111111,1
950,0.3335560504825539,0.3363028953229399,3.0,2.991111111111111,1
960,0.34005196733481813,0.36080178173719374,3.0,2.991111111111111,1
970,0.3330734966592428,0.34743875278396436,3.0,2.991111111111111,1
980,0.33474387527839644,0.34521158129175944,3.0,2.991111111111111,1
990,0.33771343726800296,0.3429844097995546,3.0,2.991111111111111,1
1000,0.34398663697104676,0.36080178173719374,3.0,2.991111111111111,1
1010,0.3365256124721603,0.3518930957683742,3.0,2.991111111111111,1
1020,0.34287305122494427,0.36080178173719374,3.0,2.991111111111111,1
1030,0.3167037861915367,0.33853006681514475,3.0,2.991111111111111,1
1040,0.3119524870081663,0.32293986636971045,3.0,2.991111111111111,1
1050,0.3110244988864142,0.3207126948775056,3.0,2.991111111111111,1
1060,0.2923162583518931,0.3028953229398664,3.0,2.991111111111111,1
1070,0.28637713437268,0.29175946547884185,3.0,2.991111111111111,1
1080,0.2920564216778025,0.2984409799554566,3.0,2.991111111111111,1
1090,0.3001855976243503,0.30734966592427615,3.0,2.991111111111111,1
1100,0.3005567928730512,0.29398663697104677,3.0,2.991111111111111,1
1110,0.3048997772828507,0.30066815144766146,3.0,2.991111111111111,1
1120,0.30471417965850034,0.2962138084632517,3.0,2.991111111111111,1
1130,0.3000742390497401,0.2806236080178174,3.0,2.991111111111111,1
1140,0.30404602821083887,0.2828507795100223,3.0,2.991111111111111,1
1150,0.3008537490720119,0.2806236080178174,3.0,2.991111111111111,1
1160,0.2920935412026726,0.267260579064588,3.0,2.991111111111111,1
1170,0.31659242761692646,0.289532293986637,3.0,2.991111111111111,1
1180,0.31607275426874526,0.28507795100222716,3.0,2.991111111111111,1
1190,0.33622865627319964,0.3207126948775056,3.0,2.991111111111111,1
1200,0.3422048997772828,0.32962138084632514,3.0,2.991111111111111,1
1210,0.3416852264291017,0.33184855233853006,3.0,2.991111111111111,1
1220,0.3431700074239049,0.33184855233853006,3.0,2.991111111111111,1
1230,0.34075723830734966,0.32962138084632514,3.0,2.991111111111111,1
1240,0.3425760950259837,0.33184855233853006,3.0,2.991111111111111,1
1250,0.3426503340757238,0.33184855233853006,3.0,2.991111111111111,1
1260,0.3430957683741648,0.3363028953229399,3.0,2.991111111111111,1
1270,0.3391610987379362,0.32962138084632514,3.0,2.991111111111111,1
1280,0.3391610987379362,0.32962138084632514,3.0,2.991111111111111,1
1290,0.34146250927988125,0.33184855233853006,3.0,2.991111111111111,1
1300,0.3419821826280624,0.33407572383073497,3.0,2.991111111111111,1
1310,0.3401633259094283,0.33184855233853006,3.0,2.991111111111111,1
1320,0.33960653303637717,0.32962138084632514,3.0,2.991111111111111,1
1330,0.33756495916852264,0.32516703786191536,3.0,2.991111111111111,1
1340,0.2842242019302153,0.2739420935412027,3.0,2.991111111111111,1
1350,0.28370452858203415,0.2650334075723831,3.0,2.991111111111111,1
1360,0.2946919079435783,0.2828507795100223,3.0,2.991111111111111,1
1370,0.30783221974758723,0.30957683741648107,3.0,2.991111111111111,1
1380,0.31477357089829244,0.31403118040089084,3.0,2.991111111111111,1
1390,0.3127691165553081,0.31625835189309576,3.0,2.991111111111111,1
1400,0.3353749072011878,0.32962138084632514,3.0,2.991111111111111,1
1410,0.3280994803266518,0.31625835189309576,3.0,2.991111111111111,1
1420,0.3234966592427617,0.30957683741648107,3.0,2.991111111111111,1
1430,0.325909428359317,0.311804008908686,3.0,2.991111111111111,1
1440,0.3287676317743133,0.31625835189309576,3.0,2.991111111111111,1
1450,0.3285820341499628,0.31625835189309576,3.0,2.991111111111111,1
1460,0.33080920564216776,0.3184855233853007,3.0,2.991111111111111,1
1470,0.3329250185597625,0.3184855233853007,3.0,2.991111111111111,1
1480,0.33299925760950255,0.31625835189309576,3.0,2.991111111111111,1
1490,0.333184855233853,0.31625835189309576,3.0,2.991111111111111,1
1500,0.33359317000742383,0.32516703786191536,3.0,2.991111111111111,1
1510,0.3372308834446919,0.3674832962138085,3.0,2.991111111111111,1
1520,0.33170007423904974,0.3518930957683742,3.0,2.991111111111111,1
1530,0.3321455085374907,0.3518930957683742,3.0,2.991111111111111,1
1540,0.330438010393467,0.34966592427616927,3.0,2.991111111111111,1
1550,0.3064587973273942,0.31625835189309576,3.0,2.991111111111111,1
1560,0.30898292501855973,0.3184855233853007,3.0,2.991111111111111,1
1570,0.303192279138827,0.30734966592427615,3.0,2.991111111111111,1
1580,0.2933184855233853,0.289532293986637,3.0,2.991111111111111,1
1590,0.3063474387527839,0.2984409799554566,3.0,2.991111111111111,1
1600,0.30716406829992576,0.2962138084632517,3.0,2.991111111111111,1
1610,0.3112100965107647,0.30066815144766146,3.0,2.991111111111111,1
1620,0.31436525612472155,0.30734966592427615,3.0,2.991111111111111,1
1630,0.31380846325167033,0.30957683741648107,3.0,2.991111111111111,1
1640,0.3060876020786934,0.2873051224944321,3.0,2.991111111111111,1
1650,0.3068671121009651,0.29398663697104677,3.0,2.991111111111111,1
1660,0.31377134372680027,0.3028953229398664,3.0,2.991111111111111,1
1670,0.31340014847809955,0.30066815144766146,3.0,2.991111111111111,1
1680,0.31796585003711947,0.3051224944320713,3.0,2.991111111111111,1
1690,0.3129175946547884,0.2962138084632517,3.0,2.991111111111111,1
1700,0.3135857461024498,0.29398663697104677,3.0,2.991111111111111,1
1710,0.318634001484781,0.2984409799554566,3.0,2.991111111111111,1
1720,0.3258723088344469,0.30734966592427615,3.0,2.991111111111111,1
1730,0.32624350408314773,0.30734966592427615,3.0,2.991111111111111,1
1740,0.32865627319970303,0.30957683741648107,3.0,2.991111111111111,1
1750,0.3285449146250928,0.311804008908686,3.0,2.991111111111111,1
1760,0.32412769116555307,0.311804008908686,3.0,2.991111111111111,1
1770,0.3224201930215293,0.31403118040089084,3.0,2.991111111111111,1
1780,0.32524127691165544,0.32516703786191536,3.0,2.991111111111111,1
1790,0.32616926503340754,0.3207126948775056,3.0,2.991111111111111,1
1800,0.3338530066815144,0.3207126948775056,3.0,2.991111111111111,1
1810,0.3391982182628063,0.33184855233853006,3.0,2.991111111111111,1
1820,0.2330363771343727,0.26057906458797325,3.0,2.991111111111111,1
1830,0.23210838901262065,0.2516703786191537,3.0,2.991111111111111,1
1840,0.23236822568671123,0.24944320712694878,3.0,2.991111111111111,1
1850,0.23429844097995542,0.24944320712694878,3.0,2.991111111111111,1
1860,0.24940608760207866,0.25389755011135856,3.0,2.991111111111111,1
1870,0.252264291017075,0.25389755011135856,3.0,2.991111111111111,1
1880,0.2520415738678545,0.25389755011135856,3.0,2.991111111111111,1
1890,0.2546028210838901,0.2561247216035635,3.0,2.991111111111111,1
1900,0.26176688938381587,0.2739420935412027,3.0,2.991111111111111,1
1910,0.26410541945063104,0.2717149220489978,3.0,2.991111111111111,1
1920,0.2708611729769859,0.28507795100222716,3.0,2.991111111111111,1
1930,0.2665553080920564,0.2806236080178174,3.0,2.991111111111111,1
1940,0.2732368225686711,0.2873051224944321,3.0,2.991111111111111,1
1950,0.2811804008908686,0.3028953229398664,3.0,2.991111111111111,1
1960,0.2808092056421678,0.3051224944320713,3.0,2.991111111111111,1
1970,0.2710096510764662,0.289532293986637,3.0,2.991111111111111,1
1980,0.27880475129918336,0.30066815144766146,3.0,2.991111111111111,1
1990,0.2939495174461767,0.311804008908686,3.0,2.991111111111111,1
2000,0.2961766889383816,0.3184855233853007,3.0,2.991111111111111,1
2010,0.28927245731254636,0.30734966592427615,3.0,2.991111111111111,1
2020,0.2822197475872309,0.30066815144766146,3.0,2.991111111111111,1
2030,0.2909799554565702,0.30957683741648107,3.0,2.991111111111111,1
2040,0.29135115070527096,0.30734966592427615,3.0,2.991111111111111,1
2050,0.29402375649591683,0.30957683741648107,3.0,2.991111111111111,1
2060,0.2921677802524128,0.3028953229398664,3.0,2.991111111111111,1
2070,0.29224201930215293,0.3028953229398664,3.0,2.991111111111111,1
2080,0.28619153674832964,0.27839643652561247,3.0,2.991111111111111,1
2090,0.28815887156644393,0.27839643652561247,3.0,2.991111111111111,1
2100,0.29001484780994796,0.27839643652561247,3.0,2.991111111111111,1
2110,0.2894951744617669,0.27616926503340755,3.0,2.991111111111111,1
2120,0.2900519673348181,0.27839643652561247,3.0,2.991111111111111,1
2130,0.29209354120267256,0.27839643652561247,3.0,2.991111111111111,1
2140,0.3067186340014848,0.2828507795100223,3.0,2.991111111111111,1
2150,0.3067186340014848,0.2828507795100223,3.0,2.991111111111111,1
2160,0.30857461024498883,0.2873051224944321,3.0,2.991111111111111,1
2170,0.31154417223459546,0.3051224944320713,3.0,2.991111111111111,1
2180,0.3114699331848553,0.30957683741648107,3.0,2.991111111111111,1
2190,0.3030438010393467,0.311804008908686,3.0,2.991111111111111,1
2200,0.28515219005196735,0.27839643652561247,3.0,2.991111111111111,1
2210,0.28585746102449894,0.28507795100222716,3.0,2.991111111111111,1
2220,0.2891610987379361,0.289532293986637,3.0,2.991111111111111,1
2230,0.29602821083890124,0.2984409799554566,3.0,2.991111111111111,1
2240,0.2988864142538975,0.30066815144766146,3.0,2.991111111111111,1
2250,0.31740905716406825,0.3363028953229399,3.0,2.991111111111111,1
2260,0.3222345953971789,0.3429844097995546,3.0,2.991111111111111,1
2270,0.32190051967334815,0.33407572383073497,3.0,2.991111111111111,1
2280,0.3312546399406088,0.35412026726057905,3.0,2.991111111111111,1
2290,0.3394580549368968,0.3585746102449889,3.0,2.991111111111111,1
2300,0.33359317000742383,0.3518930957683742,3.0,2.991111111111111,1
2310,0.3334446919079435,0.34966592427616927,3.0,2.991111111111111,1
2320,0.32327394209354116,0.33407572383073497,3.0,2.991111111111111,1
2330,0.3182256867112101,0.3273942093541203,3.0,2.991111111111111,1
2340,0.3291388270230141,0.34075723830734966,3.0,2.991111111111111,1
2350,0.33285077951002223,0.34743875278396436,3.0,2.991111111111111,1
2360,0.34112843355605044,0.36302895322939865,3.0,2.991111111111111,1
2370,0.34391239792130657,0.3674832962138085,3.0,2.991111111111111,1
2380,0.34424647364513733,0.36971046770601335,3.0,2.991111111111111,1
2390,0.339086859688196,0.3585746102449889,3.0,2.991111111111111,1
2400,0.3399034892353378,0.3585746102449889,3.0,2.991111111111111,1
2410,0.3384187082405345,0.34521158129175944,3.0,2.991111111111111,1
2420,0.33730512249443206,0.34075723830734966,3.0,2.991111111111111,1
2430,0.3337045285820341,0.33184855233853006,3.0,2.991111111111111,1
2440,0.3457683741648107,0.36302895322939865,3.0,2.991111111111111,1
2450,0.3507795100222717,0.37193763919821826,3.0,2.991111111111111,1
2460,0.35263548626577573,0.37639198218262804,3.0,2.991111111111111,1
2470,0.34818114328136596,0.3674832962138085,3.0,2.991111111111111,1
2480,0.3307720861172977,0.3429844097995546,3.0,2.991111111111111,1
2490,0.2947661469933185,0.3273942093541203,3.0,2.991111111111111,1
2500,0.2975501113585746,0.3273942093541203,3.0,2.991111111111111,1
2510,0.3041573867854491,0.3207126948775056,3.0,2.991111111111111,1
2520,0.30274684484038605,0.31403118040089084,3.0,2.991111111111111,1
2530,0.30308092056421676,0.30957683741648107,3.0,2.991111111111111,1
2540,0.3092427616926503,0.31403118040089084,3.0,2.991111111111111,1
2550,0.3097995545657016,0.31625835189309576,3.0,2.991111111111111,1
2560,0.3098737936154417,0.3184855233853007,3.0,2.991111111111111,1
2570,0.32108389012620636,0.33184855233853006,3.0,2.991111111111111,1
2580,0.31937639198218265,0.32516703786191536,3.0,2.991111111111111,1
2590,0.3203414996288047,0.33407572383073497,3.0,2.991111111111111,1
2600,0.31748329621380844,0.3273942093541203,3.0,2.991111111111111,1
2610,0.32928730512249443,0.33184855233853006,3.0,2.991111111111111,1
2620,0.32880475129918335,0.32962138084632514,3.0,2.991111111111111,1
2630,0.3145879732739421,0.31625835189309576,3.0,2.991111111111111,1
2640,0.31109873793615445,0.31625835189309576,3.0,2.991111111111111,1
2650,0.3131031922791388,0.311804008908686,3.0,2.991111111111111,1
2660,0.3175575352635486,0.311804008908686,3.0,2.991111111111111,1
2670,0.3129918337045286,0.3051224944320713,3.0,2.991111111111111,1
2680,0.31362286562731995,0.30066815144766146,3.0,2.991111111111111,1
2690,0.3255011135857461,0.3184855233853007,3.0,2.991111111111111,1
2700,0.3229027468448404,0.31625835189309576,3.0,2.991111111111111,1
2710,0.3229769858945805,0.31625835189309576,3.0,2.991111111111111,1
2720,0.3246473645137342,0.3184855233853007,3.0,2.991111111111111,1
2730,0.3274684484038604,0.31625835189309576,3.0,2.991111111111111,1
2740,0.3265033407572383,0.31403118040089084,3.0,2.991111111111111,1
2750,0.3244988864142539,0.30957683741648107,3.0,2.991111111111111,1
2760,0.3336674090571641,0.3273942093541203,3.0,2.991111111111111,1
2770,0.3357089829250186,0.33407572383073497,3.0,2.991111111111111,1
2780,0.3357089829250186,0.33407572383073497,3.0,2.991111111111111,1
2790,0.3357089829250186,0.33407572383073497,3.0,2.991111111111111,1
2800,0.33481811432813663,0.3363028953229399,3.0,2.991111111111111,1
2810,0.32865627319970303,0.32516703786191536,3.0,2.991111111111111,1
2820,0.3218634001484781,0.3207126948775056,3.0,2.991111111111111,1
2830,0.3262806236080178,0.32516703786191536,3.0,2.991111111111111,1
2840,0.32828507795100226,0.3273942093541203,3.0,2.991111111111111,1
2850,0.33459539717891607,0.33407572383073497,3.0,2.991111111111111,1
2860,0.3346696362286563,0.32962138084632514,3.0,2.991111111111111,1
2870,0.3351521900519673,0.3273942093541203,3.0,2.991111111111111,1
2880,0.3341870824053452,0.32516703786191536,3.0,2.991111111111111,1
2890,0.32550111358574607,0.35634743875278396,3.0,2.991111111111111,1
2900,0.3290274684484039,0.36525612472160357,3.0,2.991111111111111,1
2910,0.3134743875278396,0.31403118040089084,3.0,2.991111111111111,1
2920,0.3172234595397179,0.3207126948775056,3.0,2.991111111111111,1
2930,0.31451373422420187,0.31403118040089084,3.0,2.991111111111111,1
2940,0.3135857461024498,0.30734966592427615,3.0,2.991111111111111,1
2950,0.31321455085374905,0.30734966592427615,3.0,2.991111111111111,1
2960,0.27446176688938384,0.2962138084632517,3.0,2.991111111111111,1
2970,0.2766889383815887,0.2984409799554566,3.0,2.991111111111111,1
2980,0.2767260579064588,0.29398663697104677,3.0,2.991111111111111,1
2990,0.2835931700074239,0.2717149220489978,3.0,2.991111111111111,1
3000,0.29933184855233846,0.2806236080178174,3.0,2.991111111111111,1
3010,0.3014476614699332,0.2806236080178174,3.0,2.991111111111111,1
3020,0.30597624350408315,0.2806236080178174,3.0,2.991111111111111,1
3030,0.3088344469190794,0.2873051224944321,3.0,2.991111111111111,1
3040,0.3091314031180401,0.289532293986637,3.0,2.991111111111111,1
3050,0.3170749814402376,0.3028953229398664,3.0,2.991111111111111,1
3060,0.31789161098737934,0.3051224944320713,3.0,2.991111111111111,1
3070,0.32156644394951744,0.31625835189309576,3.0,2.991111111111111,1
3080,0.2984780994803266,0.3028953229398664,3.0,2.991111111111111,1
3090,0.30430586488492944,0.31625835189309576,3.0,2.991111111111111,1
3100,0.3056792873051225,0.3207126948775056,3.0,2.991111111111111,1
3110,0.3007052709725315,0.29398663697104677,3.0,2.991111111111111,1
3120,0.3018930957683742,0.2962138084632517,3.0,2.991111111111111,1
3130,0.30734966592427615,0.311804008908686,3.0,2.991111111111111,1
3140,0.3142167780252413,0.32293986636971045,3.0,2.991111111111111,1
3150,0.3250556792873051,0.34075723830734966,3.0,2.991111111111111,1
3160,0.3259465478841871,0.3363028953229399,3.0,2.991111111111111,1
3170,0.33207126948775056,0.34743875278396436,3.0,2.991111111111111,1
3180,0.3337416481069042,0.34966592427616927,3.0,2.991111111111111,1
3190,0.3364884929472903,0.35412026726057905,3.0,2.991111111111111,1
3200,0.34966592427616927,0.37193763919821826,3.0,2.991111111111111,1
3210,0.33593170007423906,0.34966592427616927,3.0,2.991111111111111,1
3220,0.33311061618411286,0.34521158129175944,3.0,2.991111111111111,1
3230,0.33541202672605797,0.34743875278396436,3.0,2.991111111111111,1
3240,0.3327023014105419,0.34075723830734966,3.0,2.991111111111111,1
3250,0.33552338530066816,0.34521158129175944,3.0,2.991111111111111,1
3260,0.33979213066072755,0.35412026726057905,3.0,2.991111111111111,1
3270,0.3370081662954714,0.33853006681514475,3.0,2.991111111111111,1
3280,0.3357832219747587,0.3429844097995546,3.0,2.991111111111111,1
3290,0.3418708240534521,0.34521158129175944,3.0,2.991111111111111,1
3300,0.35426874536005937,0.36525612472160357,3.0,2.991111111111111,1
3310,0.26432813659985155,0.289532293986637,3.0,2.991111111111111,1
3320,0.27156644394951746,0.3028953229398664,3.0,2.991111111111111,1
3330,0.2755753526354862,0.3051224944320713,3.0,2.991111111111111,1
3340,0.2789161098737936,0.30957683741648107,3.0,2.991111111111111,1
3350,0.27962138084632515,0.30734966592427615,3.0,2.991111111111111,1
3360,0.2841499628804751,0.30957683741648107,3.0,2.991111111111111,1
3370,0.2857832219747587,0.311804008908686,3.0,2.991111111111111,1
3380,0.2919450631031923,0.3184855233853007,3.0,2.991111111111111,1
3390,0.29046028210838903,0.31625835189309576,3.0,2.991111111111111,1
3400,0.28541202672605787,0.30734966592427615,3.0,2.991111111111111,1
3410,0.2853749072011878,0.3051224944320713,3.0,2.991111111111111,1
3420,0.2896807720861173,0.30734966592427615,3.0,2.991111111111111,1
3430,0.2917223459539718,0.30734966592427615,3.0,2.991111111111111,1
3440,0.2978841870824053,0.30734966592427615,3.0,2.991111111111111,1
3450,0.29398663697104677,0.2650334075723831,3.0,2.991111111111111,1
3460,0.30074239049740165,0.2806236080178174,3.0,2.991111111111111,1
3470,0.3059020044543429,0.2828507795100223,3.0,2.991111111111111,1
3480,0.31907943578322195,0.31403118040089084,3.0,2.991111111111111,1
3490,0.30786933927245735,0.2962138084632517,3.0,2.991111111111111,1
3500,0.3162954714179658,0.30734966592427615,3.0,2.991111111111111,1
3510,0.31577579806978473,0.30734966592427615,3.0,2.991111111111111,1
3520,0.32516703786191536,0.32962138084632514,3.0,2.991111111111111,1
3530,0.3279138827023014,0.33184855233853006,3.0,2.991111111111111,1
3540,0.3273570898292502,0.3273942093541203,3.0,2.991111111111111,1
3550,0.3197104677060134,0.3184855233853007,3.0,2.991111111111111,1
3560,0.3202672605790646,0.3184855233853007,3.0,2.991111111111111,1
3570,0.3226800296956199,0.3207126948775056,3.0,2.991111111111111,1
3580,0.3226800296956199,0.3207126948775056,3.0,2.991111111111111,1
3590,0.3292873051224945,0.33407572383073497,3.0,2.991111111111111,1
3600,0.33032665181885673,0.34075723830734966,3.0,2.991111111111111,1
3610,0.3304751299183371,0.3363028953229399,3.0,2.991111111111111,1
3620,0.3319227913882703,0.33853006681514475,3.0,2.991111111111111,1
3630,0.3324795842613215,0.33853006681514475,3.0,2.991111111111111,1
3640,0.33927245731254635,0.33853006681514475,3.0,2.991111111111111,1
3650,0.340014847809948,0.34521158129175944,3.0,2.991111111111111,1
3660,0.3412026726057906,0.37861915367483295,3.0,2.991111111111111,1
3670,0.34157386785449145,0.37861915367483295,3.0,2.991111111111111,1
3680,0.3469190794357832,0.38084632516703787,3.0,2.991111111111111,1
3690,0.3408685968819599,0.3741648106904232,3.0,2.991111111111111,1
3700,0.35471417965850033,0.3830734966592428,3.0,2.991111111111111,1
3710,0.35141054194506305,0.3830734966592428,3.0,2.991111111111111,1
3720,0.3298069784706755,0.35412026726057905,3.0,2.991111111111111,1
3730,0.32984409799554565,0.3363028953229399,3.0,2.991111111111111,1
3740,0.33288789903489235,0.33853006681514475,3.0,2.991111111111111,1
3750,0.24996288047512988,0.2873051224944321,3.0,2.991111111111111,1
3760,0.24944320712694878,0.2873051224944321,3.0,2.991111111111111,1
3770,0.2734966592427617,0.3028953229398664,3.0,2.991111111111111,1
3780,0.27706013363028953,0.30066815144766146,3.0,2.991111111111111,1
3790,0.28288789903489236,0.30066815144766146,3.0,2.991111111111111,1
3800,0.3104305864884929,0.30957683741648107,3.0,2.991111111111111,1
3810,0.30991091314031183,0.3028953229398664,3.0,2.991111111111111,1
3820,0.3119524870081663,0.30957683741648107,3.0,2.991111111111111,1
3830,0.31239792130660726,0.30734966592427615,3.0,2.991111111111111,1
3840,0.3102821083890126,0.3028953229398664,3.0,2.991111111111111,1
3850,0.31202672605790643,0.31403118040089084,3.0,2.991111111111111,1
3860,0.3154046028210839,0.3207126948775056,3.0,2.991111111111111,1
3870,0.3121752041573868,0.3207126948775056,3.0,2.991111111111111,1
3880,0.31406829992576096,0.3207126948775056,3.0,2.991111111111111,1
3890,0.31521900519673346,0.3207126948775056,3.0,2.991111111111111,1
3900,0.3102449888641426,0.30734966592427615,3.0,2.991111111111111,1
3910,0.3167037861915367,0.31403118040089084,3.0,2.991111111111111,1
3920,0.3175946547884187,0.31625835189309576,3.0,2.991111111111111,1
3930,0.314996288047513,0.311804008908686,3.0,2.991111111111111,1
3940,0.3090571640682999,0.29398663697104677,3.0,2.991111111111111,1
3950,0.3288418708240534,0.32962138084632514,3.0,2.991111111111111,1
3960,0.32624350408314773,0.32516703786191536,3.0,2.991111111111111,1
3970,0.32899034892353374,0.33184855233853006,3.0,2.991111111111111,1
3980,0.3290645879732739,0.33407572383073497,3.0,2.991111111111111,1
3990,0.32245731254639937,0.31403118040089084,3.0,2.991111111111111,1
4000,0.32680029695619894,0.3207126948775056,3.0,2.991111111111111,1
4010,0.33047512991833705,0.32516703786191536,3.0,2.991111111111111,1
4020,0.3336674090571641,0.32962138084632514,3.0,2.991111111111111,1
4030,0.3324424647364514,0.32962138084632514,3.0,2.991111111111111,1
4040,0.32735708982925016,0.3184855233853007,3.0,2.991111111111111,1
4050,0.3289161098737936,0.31625835189309576,3.0,2.991111111111111,1
4060,0.3300296956198961,0.31625835189309576,3.0,2.991111111111111,1
4070,0.33455827765404594,0.32293986636971045,3.0,2.991111111111111,1
4080,0.33489235337787676,0.32516703786191536,3.0,2.991111111111111,1
4090,0.33615441722345957,0.3207126948775056,3.0,2.991111111111111,1
4100,0.21852264291017073,0.24053452115812918,3.0,2.991111111111111,1
4110,0.2558277654046028,0.2561247216035635,3.0,2.991111111111111,1
4120,0.30720118782479583,0.2984409799554566,3.0,2.991111111111111,1
4130,0.3221974758723088,0.3207126948775056,3.0,2.991111111111111,1
4140,0.3256124721603563,0.32962138084632514,3.0,2.991111111111111,1
4150,0.3184112843355605,0.3207126948775056,3.0,2.991111111111111,1
4160,0.3246844840386042,0.32516703786191536,3.0,2.991111111111111,1
4170,0.3400890868596882,0.36525612472160357,3.0,2.991111111111111,1
4180,0.35322939866369707,0.38752783964365256,3.0,2.991111111111111,1
4190,0.3524870081662955,0.38530066815144765,3.0,2.991111111111111,1
4200,0.35274684484038604,0.38752783964365256,3.0,2.991111111111111,1
4210,0.35014847809948024,0.3830734966592428,3.0,2.991111111111111,1
4220,0.3498886414253897,0.38530066815144765,3.0,2.991111111111111,1
4230,0.339086859688196,0.36302895322939865,3.0,2.991111111111111,1
4240,0.34157386785449145,0.36525612472160357,3.0,2.991111111111111,1
4250,0.3415367483296214,0.3674832962138085,3.0,2.991111111111111,1
4260,0.3384558277654046,0.36302895322939865,3.0,2.991111111111111,1
4270,0.33541202672605797,0.34743875278396436,3.0,2.991111111111111,1
4280,0.3324424647364514,0.34743875278396436,3.0,2.991111111111111,1
4290,0.34079435783221973,0.35412026726057905,3.0,2.991111111111111,1
4300,0.3459910913140312,0.36080178173719374,3.0,2.991111111111111,1
4310,0.35252412769116553,0.3674832962138085,3.0,2.991111111111111,1
4320,0.3613956941351151,0.38084632516703787,3.0,2.991111111111111,1
4330,0.30864884929472897,0.3273942093541203,3.0,2.991111111111111,1
4340,0.2684112843355605,0.26948775055679286,3.0,2.991111111111111,1
4350,0.25671863400148476,0.25389755011135856,3.0,2.991111111111111,1
4360,0.2536005939123979,0.23162583518930957,3.0,2.991111111111111,1
4370,0.2608389012620639,0.23608017817371937,3.0,2.991111111111111,1
4380,0.256829992576095,0.22717149220489977,3.0,2.991111111111111,1
4390,0.26117297698589453,0.22939866369710468,3.0,2.991111111111111,1
4400,0.2635115070527097,0.24053452115812918,3.0,2.991111111111111,1
4410,0.26982182628062357,0.2561247216035635,3.0,2.991111111111111,1
4420,0.26893095768374164,0.2583518930957684,3.0,2.991111111111111,1
4430,0.26098737936154415,0.24498886414253898,3.0,2.991111111111111,1
4440,0.27319970304380103,0.2650334075723831,3.0,2.991111111111111,1
4450,0.27728285077951004,0.26948775055679286,3.0,2.991111111111111,1
4460,0.27865627319970304,0.2717149220489978,3.0,2.991111111111111,1
4470,0.2894209354120267,0.2561247216035635,3.0,2.991111111111111,1
4480,0.29094283593170006,0.26057906458797325,3.0,2.991111111111111,1
4490,0.31889383815887157,0.2962138084632517,3.0,2.991111111111111,1
0,0.32943578322197475,0.33853006681514475,3.0,3.148888888888889,2
10,0.32138084632516706,0.3207126948775056,3.0,3.148888888888889,2
20,0.30504825538233105,0.289532293986637,3.0,3.148888888888889,2
30,0.3174832962138085,0.30957683741648107,3.0,3.148888888888889,2
40,0.31473645137342243,0.2984409799554566,3.0,3.148888888888889,2
50,0.31399406087602083,0.2984409799554566,3.0,3.148888888888889,2
60,0.3172234595397179,0.3051224944320713,3.0,3.148888888888889,2
70,0.3106904231625835,0.3028953229398664,3.0,3.148888888888889,2
80,0.31603563474387525,0.29398663697104677,3.0,3.148888888888889,2
90,0.32082405345211584,0.2962138084632517,3.0,3.148888888888889,2
100,0.30976243504083145,0.2873051224944321,3.0,3.148888888888889,2
110,0.30619896065330365,0.2873051224944321,3.0,3.148888888888889,2
120,0.3015219005196733,0.27839643652561247,3.0,3.148888888888889,2
130,0.2965850037119525,0.2561247216035635,3.0,3.148888888888889,2
140,0.294543429844098,0.24944320712694878,3.0,3.148888888888889,2
150,0.29647364513734226,0.2516703786191537,3.0,3.148888888888889,2
160,0.29439495174461766,0.2516703786191537,3.0,3.148888888888889,2
170,0.2956941351150705,0.25389755011135856,3.0,3.148888888888889,2
180,0.3295100222717149,0.3207126948775056,3.0,3.148888888888889,2
190,0.33693392724573124,0.32293986636971045,3.0,3.148888888888889,2
200,0.33819599109131404,0.32962138084632514,3.0,3.148888888888889,2
210,0.34020044543429845,0.33184855233853006,3.0,3.148888888888889,2
220,0.3313288789903489,0.31403118040089084,3.0,3.148888888888889,2
230,0.3471046770601336,0.33184855233853006,3.0,3.148888888888889,2
240,0.349554565701559,0.33407572383073497,3.0,3.148888888888889,2
250,0.3488864142538976,0.3363028953229399,3.0,3.148888888888889,2
260,0.34498886414253904,0.33407572383073497,3.0,3.148888888888889,2
270,0.340014847809948,0.32962138084632514,3.0,3.148888888888889,2
280,0.3418337045285821,0.32962138084632514,3.0,3.148888888888889,2
290,0.3328507795100223,0.32516703786191536,3.0,3.148888888888889,2
300,0.3399406087602079,0.33184855233853006,3.0,3.148888888888889,2
310,0.33674832962138085,0.32293986636971045,3.0,3.148888888888889,2
320,0.33351893095768376,0.3207126948775056,3.0,3.148888888888889,2
330,0.3348552338530067,0.3273942093541203,3.0,3.148888888888889,2
340,0.33455827765404605,0.32516703786191536,3.0,3.148888888888889,2
350,0.22750556792873053,0.23162583518930957,3.0,3.148888888888889,2
360,0.23221974758723088,0.23608017817371937,3.0,3.148888888888889,2
370,0.23147735708982925,0.23608017817371937,3.0,3.148888888888889,2
380,0.23240534521158127,0.23608017817371937,3.0,3.148888888888889,2
390,0.23422420193021526,0.22717149220489977,3.0,3.148888888888889,2
400,0.23916109873793615,0.22939866369710468,3.0,3.148888888888889,2
410,0.24276169265033407,0.22939866369710468,3.0,3.148888888888889,2
420,0.24461766889383815,0.23385300668151449,3.0,3.148888888888889,2
430,0.24844097995545655,0.23385300668151449,3.0,3.148888888888889,2
440,0.25519673348181143,0.24498886414253898,3.0,3.148888888888889,2
450,0.2623236822568671,0.24053452115812918,3.0,3.148888888888889,2
460,0.2623979213066073,0.24053452115812918,3.0,3.148888888888889,2
470,0.26395694135115066,0.23608017817371937,3.0,3.148888888888889,2
480,0.2639569413511507,0.23608017817371937,3.0,3.148888888888889,2
490,0.26488492947290276,0.24053452115812918,3.0,3.148888888888889,2
500,0.2775798069784707,0.24498886414253898,3.0,3.148888888888889,2
510,0.28210838901262064,0.24276169265033407,3.0,3.148888888888889,2
520,0.2908685968819599,0.2650334075723831,3.0,3.148888888888889,2
530,0.2905716406829993,0.2650334075723831,3.0,3.148888888888889,2
540,0.2984409799554566,0.26948775055679286,3.0,3.148888888888889,2
550,0.29064587973273937,0.2650334075723831,3.0,3.148888888888889,2
560,0.29357832219747587,0.2650334075723831,3.0,3.148888888888889,2
570,0.30159613956941356,0.2873051224944321,3.0,3.148888888888889,2
580,0.2971417965850038,0.27839643652561247,3.0,3.148888888888889,2
590,0.2998144023756496,0.28507795100222716,3.0,3.148888888888889,2
600,0.3017446176688938,0.29175946547884185,3.0,3.148888888888889,2
610,0.3024870081662955,0.29175946547884185,3.0,3.148888888888889,2
620,0.30025983667409056,0.28507795100222716,3.0,3.148888888888889,2
630,0.2911284335560505,0.26948775055679286,3.0,3.148888888888889,2
640,0.2923162583518931,0.26948775055679286,3.0,3.148888888888889,2
650,0.2935040831477357,0.2717149220489978,3.0,3.148888888888889,2
660,0.29922048997772827,0.2717149220489978,3.0,3.148888888888889,2
670,0.3018559762435041,0.267260579064588,3.0,3.148888888888889,2
680,0.3083147735708983,0.2806236080178174,3.0,3.148888888888889,2
690,0.3250556792873051,0.3051224944320713,3.0,3.148888888888889,2
700,0.320489977728285,0.30734966592427615,3.0,3.148888888888889,2
710,0.33140311804008904,0.3429844097995546,3.0,3.148888888888889,2
720,0.322271714922049,0.33407572383073497,3.0,3.148888888888889,2
730,0.31993318485523387,0.32962138084632514,3.0,3.148888888888889,2
740,0.30727542687453596,0.30734966592427615,3.0,3.148888888888889,2
750,0.30601336302895316,0.30066815144766146,3.0,3.148888888888889,2
760,0.31243504083147733,0.30734966592427615,3.0,3.148888888888889,2
770,0.3155902004454343,0.31403118040089084,3.0,3.148888888888889,2
780,0.30768374164810686,0.29398663697104677,3.0,3.148888888888889,2
790,0.3116184112843356,0.29398663697104677,3.0,3.148888888888889,2
800,0.31288047512991835,0.30066815144766146,3.0,3.148888888888889,2
810,0.31714922048997773,0.3051224944320713,3.0,3.148888888888889,2
820,0.31907943578322195,0.30734966592427615,3.0,3.148888888888889,2
830,0.32461024498886415,0.31403118040089084,3.0,3.148888888888889,2
840,0.3273942093541203,0.3207126948775056,3.0,3.148888888888889,2
850,0.3244988864142539,0.3184855233853007,3.0,3.148888888888889,2
860,0.3308463251670379,0.3184855233853007,3.0,3.148888888888889,2
870,0.1933184855233853,0.17371937639198218,3.0,3.148888888888889,2
880,0.19617668893838158,0.17371937639198218,3.0,3.148888888888889,2
890,0.21035634743875278,0.16703786191536749,3.0,3.148888888888889,2
900,0.21744617668893837,0.16703786191536749,3.0,3.148888888888889,2
910,0.22301410541945066,0.1714922048997773,3.0,3.148888888888889,2
920,0.22579806978470673,0.1759465478841871,3.0,3.148888888888889,2
930,0.23611729769858947,0.18485523385300667,3.0,3.148888888888889,2
940,0.24402375649591684,0.19376391982182628,3.0,3.148888888888889,2
950,0.2560876020786934,0.19376391982182628,3.0,3.148888888888889,2
960,0.26321455085374906,0.2026726057906459,3.0,3.148888888888889,2
970,0.2993318485523385,0.24944320712694878,3.0,3.148888888888889,2
980,0.31644394951744614,0.2717149220489978,3.0,3.148888888888889,2
990,0.3116184112843356,0.26948775055679286,3.0,3.148888888888889,2
1000,0.3159985152190052,0.27616926503340755,3.0,3.148888888888889,2
1010,0.32620638455827766,0.29175946547884185,3.0,3.148888888888889,2
1020,0.33789903489235334,0.29175946547884185,3.0,3.148888888888889,2
1030,0.33864142538975495,0.29175946547884185,3.0,3.148888888888889,2
1040,0.32550111358574607,0.2717149220489978,3.0,3.148888888888889,2
1050,0.3310690423162584,0.3051224944320713,3.0,3.148888888888889,2
1060,0.33411284335560504,0.30957683741648107,3.0,3.148888888888889,2
1070,0.33392724573125465,0.30957683741648107,3.0,3.148888888888889,2
1080,0.3341870824053452,0.30957683741648107,3.0,3.148888888888889,2
1090,0.32616926503340754,0.3028953229398664,3.0,3.148888888888889,2
1100,0.33032665181885673,0.311804008908686,3.0,3.148888888888889,2
1110,0.3262063845582776,0.3028953229398664,3.0,3.148888888888889,2
1120,0.32824795842613214,0.3028953229398664,3.0,3.148888888888889,2
1130,0.3249072011878248,0.2984409799554566,3.0,3.148888888888889,2
1140,0.314996288047513,0.3028953229398664,3.0,3.148888888888889,2
1150,0.31425389755011135,0.2984409799554566,3.0,3.148888888888889,2
1160,0.3143281365998515,0.30066815144766146,3.0,3.148888888888889,2
1170,0.31867112100965106,0.3051224944320713,3.0,3.148888888888889,2
1180,0.32260579064587974,0.31403118040089084,3.0,3.148888888888889,2
1190,0.3237936154417223,0.31625835189309576,3.0,3.148888888888889,2
1200,0.3324795842613215,0.32293986636971045,3.0,3.148888888888889,2
1210,0.3341499628804751,0.32516703786191536,3.0,3.148888888888889,2
1220,0.33674832962138085,0.3207126948775056,3.0,3.148888888888889,2
1230,0.30374907201187823,0.2561247216035635,3.0,3.148888888888889,2
1240,0.30597624350408315,0.26057906458797325,3.0,3.148888888888889,2
1250,0.31473645137342243,0.26948775055679286,3.0,3.148888888888889,2
1260,0.3201930215293244,0.2828507795100223,3.0,3.148888888888889,2
1270,0.33589458054936894,0.2984409799554566,3.0,3.148888888888889,2
1280,0.3367112100965108,0.2984409799554566,3.0,3.148888888888889,2
1290,0.3373422420193021,0.30066815144766146,3.0,3.148888888888889,2
1300,0.33789903489235334,0.3028953229398664,3.0,3.148888888888889,2
1310,0.31213808463251674,0.267260579064588,3.0,3.148888888888889,2
1320,0.30879732739420934,0.2717149220489978,3.0,3.148888888888889,2
1330,0.30237564959168517,0.26280623608017817,3.0,3.148888888888889,2
1340,0.30850037119524865,0.2583518930957684,3.0,3.148888888888889,2
1350,0.3079064587973274,0.25389755011135856,3.0,3.148888888888889,2
1360,0.3052709725315516,0.25389755011135856,3.0,3.148888888888889,2
1370,0.31507052709725314,0.2717149220489978,3.0,3.148888888888889,2
1380,0.32342242019302153,0.2873051224944321,3.0,3.148888888888889,2
1390,0.32776540460282105,0.2962138084632517,3.0,3.148888888888889,2
1400,0.33247958426132146,0.30734966592427615,3.0,3.148888888888889,2
1410,0.3269487750556793,0.2873051224944321,3.0,3.148888888888889,2
1420,0.34832962138084633,0.3273942093541203,3.0,3.148888888888889,2
1430,0.3409799554565701,0.3184855233853007,3.0,3.148888888888889,2
1440,0.34502598366740905,0.32293986636971045,3.0,3.148888888888889,2
1450,0.34547141796585,0.32516703786191536,3.0,3.148888888888889,2
1460,0.34595397178916104,0.3273942093541203,3.0,3.148888888888889,2
1470,0.3290645879732739,0.3207126948775056,3.0,3.148888888888889,2
1480,0.33032665181885673,0.32516703786191536,3.0,3.148888888888889,2
1490,0.33140311804008904,0.32962138084632514,3.0,3.148888888888889,2
1500,0.31384558277654045,0.2739420935412027,3.0,3.148888888888889,2
1510,0.306829992576095,0.27839643652561247,3.0,3.148888888888889,2
1520,0.31288047512991835,0.28507795100222716,3.0,3.148888888888889,2
1530,0.3156644394951745,0.29175946547884185,3.0,3.148888888888889,2
1540,0.3154788418708241,0.29175946547884185,3.0,3.148888888888889,2
1550,0.3173348181143282,0.2984409799554566,3.0,3.148888888888889,2
1560,0.31414253897550115,0.28507795100222716,3.0,3.148888888888889,2
1570,0.3159985152190052,0.289532293986637,3.0,3.148888888888889,2
1580,0.31659242761692646,0.2828507795100223,3.0,3.148888888888889,2
1590,0.3175946547884187,0.28507795100222716,3.0,3.148888888888889,2
1600,0.3234224201930215,0.2873051224944321,3.0,3.148888888888889,2
1610,0.32709725315515964,0.29175946547884185,3.0,3.148888888888889,2
1620,0.3301410541945063,0.2984409799554566,3.0,3.148888888888889,2
1630,0.3354120267260579,0.30734966592427615,3.0,3.148888888888889,2
1640,0.3387527839643653,0.31403118040089084,3.0,3.148888888888889,2
1650,0.33986636971046774,0.31625835189309576,3.0,3.148888888888889,2
1660,0.3443207126948776,0.32516703786191536,3.0,3.148888888888889,2
1670,0.34287305122494427,0.3273942093541203,3.0,3.148888888888889,2
1680,0.3436896807720861,0.3273942093541203,3.0,3.148888888888889,2
1690,0.34149962880475127,0.3184855233853007,3.0,3.148888888888889,2
1700,0.3460282108389013,0.32516703786191536,3.0,3.148888888888889,2
1710,0.3475129918337045,0.32516703786191536,3.0,3.148888888888889,2
1720,0.3564959168522643,0.3518930957683742,3.0,3.148888888888889,2
1730,0.3572383073496659,0.36525612472160357,3.0,3.148888888888889,2
1740,0.35627319970304383,0.3585746102449889,3.0,3.148888888888889,2
1750,0.30612472160356347,0.289532293986637,3.0,3.148888888888889,2
1760,0.3048997772828507,0.2873051224944321,3.0,3.148888888888889,2
1770,0.3038604305864885,0.3028953229398664,3.0,3.148888888888889,2
1780,0.30348923533778766,0.30066815144766146,3.0,3.148888888888889,2
1790,0.3140682999257609,0.30957683741648107,3.0,3.148888888888889,2
1800,0.32238307349665923,0.31403118040089084,3.0,3.148888888888889,2
1810,0.3225686711210097,0.311804008908686,3.0,3.148888888888889,2
1820,0.3211210096510765,0.31625835189309576,3.0,3.148888888888889,2
1830,0.3197104677060134,0.30957683741648107,3.0,3.148888888888889,2
1840,0.31978470675575354,0.30734966592427615,3.0,3.148888888888889,2
1850,0.3252783964365256,0.30957683741648107,3.0,3.148888888888889,2
1860,0.31989606533036374,0.311804008908686,3.0,3.148888888888889,2
1870,0.3228656273199703,0.32293986636971045,3.0,3.148888888888889,2
1880,0.32553823311061614,0.32516703786191536,3.0,3.148888888888889,2
1890,0.3334446919079435,0.3273942093541203,3.0,3.148888888888889,2
1900,0.334521158129176,0.32516703786191536,3.0,3.148888888888889,2
1910,0.3367112100965108,0.33853006681514475,3.0,3.148888888888889,2
1920,0.3438752783964365,0.34966592427616927,3.0,3.148888888888889,2
1930,0.3444320712694877,0.3518930957683742,3.0,3.148888888888889,2
1940,0.34357832219747586,0.34966592427616927,3.0,3.148888888888889,2
1950,0.3385671863400148,0.3429844097995546,3.0,3.148888888888889,2
1960,0.33541202672605785,0.3363028953229399,3.0,3.148888888888889,2
1970,0.22538975501113584,0.21380846325167038,3.0,3.148888888888889,2
1980,0.2257609502598367,0.21158129175946547,3.0,3.148888888888889,2
1990,0.225463994060876,0.20489977728285078,3.0,3.148888888888889,2
2000,0.22516703786191536,0.19821826280623608,3.0,3.148888888888889,2
2010,0.23325909428359318,0.20489977728285078,3.0,3.148888888888889,2
2020,0.23737936154417222,0.21380846325167038,3.0,3.148888888888889,2
2030,0.23537490720118784,0.21158129175946547,3.0,3.148888888888889,2
2040,0.24112843355605051,0.22271714922049,3.0,3.148888888888889,2
2050,0.24194506310319228,0.22048997772828507,3.0,3.148888888888889,2
2060,0.2732739420935412,0.2182628062360802,3.0,3.148888888888889,2
2070,0.27216035634743874,0.2182628062360802,3.0,3.148888888888889,2
2080,0.27253155159613957,0.22048997772828507,3.0,3.148888888888889,2
2090,0.27279138827023014,0.22271714922049,3.0,3.148888888888889,2
2100,0.27204899777282854,0.22048997772828507,3.0,3.148888888888889,2
2110,0.27060133630289535,0.21603563474387527,3.0,3.148888888888889,2
2120,0.27483296213808467,0.2182628062360802,3.0,3.148888888888889,2
2130,0.3035634743875278,0.25389755011135856,3.0,3.148888888888889,2
2140,0.3157757980697848,0.27616926503340755,3.0,3.148888888888889,2
2150,0.3227542687453601,0.2806236080178174,3.0,3.148888888888889,2
2160,0.3256124721603563,0.27839643652561247,3.0,3.148888888888889,2
2170,0.32939866369710463,0.2873051224944321,3.0,3.148888888888889,2
2180,0.34034892353377877,0.3051224944320713,3.0,3.148888888888889,2
2190,0.3444320712694877,0.311804008908686,3.0,3.148888888888889,2
2200,0.34443207126948777,0.30957683741648107,3.0,3.148888888888889,2
2210,0.3599109131403118,0.35634743875278396,3.0,3.148888888888889,2
2220,0.3585374907201188,0.35634743875278396,3.0,3.148888888888889,2
2230,0.35846325167037857,0.35412026726057905,3.0,3.148888888888889,2
2240,0.36143281365998514,0.35412026726057905,3.0,3.148888888888889,2
2250,0.35541945063103186,0.34966592427616927,3.0,3.148888888888889,2
2260,0.35237564959168527,0.34966592427616927,3.0,3.148888888888889,2
2270,0.3561618411284336,0.35412026726057905,3.0,3.148888888888889,2
2280,0.35538233110616185,0.34966592427616927,3.0,3.148888888888889,2
2290,0.2536748329621381,0.2717149220489978,3.0,3.148888888888889,2
2300,0.2549740163325909,0.2717149220489978,3.0,3.148888888888889,2
2310,0.2555308092056422,0.26948775055679286,3.0,3.148888888888889,2
2320,0.25515961395694137,0.26948775055679286,3.0,3.148888888888889,2
2330,0.2646993318485523,0.2739420935412027,3.0,3.148888888888889,2
2340,0.2688938381588715,0.26948775055679286,3.0,3.148888888888889,2
2350,0.27661469933184857,0.27616926503340755,3.0,3.148888888888889,2
2360,0.28348181143281365,0.27839643652561247,3.0,3.148888888888889,2
2370,0.294097995545657,0.27839643652561247,3.0,3.148888888888889,2
2380,0.3018930957683742,0.29175946547884185,3.0,3.148888888888889,2
2390,0.3015961395694135,0.289532293986637,3.0,3.148888888888889,2
2400,0.30423162583518937,0.29175946547884185,3.0,3.148888888888889,2
2410,0.306829992576095,0.2873051224944321,3.0,3.148888888888889,2
2420,0.31373422420193026,0.3028953229398664,3.0,3.148888888888889,2
2430,0.31113585746102446,0.2984409799554566,3.0,3.148888888888889,2
2440,0.309539717891611,0.2962138084632517,3.0,3.148888888888889,2
2450,0.3067557535263549,0.29175946547884185,3.0,3.148888888888889,2
2460,0.31046770601336304,0.2962138084632517,3.0,3.148888888888889,2
2470,0.30348923533778766,0.2806236080178174,3.0,3.148888888888889,2
2480,0.30575352635486264,0.2828507795100223,3.0,3.148888888888889,2
2490,0.30107646622123235,0.27616926503340755,3.0,3.148888888888889,2
2500,0.3092427616926503,0.2873051224944321,3.0,3.148888888888889,2
2510,0.3080549368968077,0.2828507795100223,3.0,3.148888888888889,2
2520,0.31098737936154414,0.29175946547884185,3.0,3.148888888888889,2
2530,0.30586488492947284,0.2828507795100223,3.0,3.148888888888889,2
2540,0.3047512991833704,0.28507795100222716,3.0,3.148888888888889,2
2550,0.30716406829992576,0.2873051224944321,3.0,3.148888888888889,2
2560,0.28359317000742384,0.29175946547884185,3.0,3.148888888888889,2
2570,0.2801410541945063,0.2717149220489978,3.0,3.148888888888889,2
2580,0.2740534521158129,0.26280623608017817,3.0,3.148888888888889,2
2590,0.27568671121009647,0.2650334075723831,3.0,3.148888888888889,2
2600,0.27316258351893097,0.26280623608017817,3.0,3.148888888888889,2
2610,0.27835931700074235,0.26948775055679286,3.0,3.148888888888889,2
2620,0.28674832962138086,0.2717149220489978,3.0,3.148888888888889,2
2630,0.29094283593170006,0.28507795100222716,3.0,3.148888888888889,2
2640,0.28982925018559763,0.2828507795100223,3.0,3.148888888888889,2
2650,0.28663697104677055,0.27616926503340755,3.0,3.148888888888889,2
2660,0.28541202672605787,0.26948775055679286,3.0,3.148888888888889,2
2670,0.290014847809948,0.2739420935412027,3.0,3.148888888888889,2
2680,0.29183370452858204,0.2717149220489978,3.0,3.148888888888889,2
2690,0.2950631031922792,0.2739420935412027,3.0,3.148888888888889,2
2700,0.29506310319227913,0.2717149220489978,3.0,3.148888888888889,2
2710,0.3114699331848552,0.2873051224944321,3.0,3.148888888888889,2
2720,0.3169265033407573,0.2962138084632517,3.0,3.148888888888889,2
2730,0.31933927245731253,0.2984409799554566,3.0,3.148888888888889,2
2740,0.3169265033407573,0.2962138084632517,3.0,3.148888888888889,2
2750,0.3047884187082405,0.3184855233853007,3.0,3.148888888888889,2
2760,0.2783593170007424,0.24944320712694878,3.0,3.148888888888889,2
2770,0.30196733481811433,0.27839643652561247,3.0,3.148888888888889,2
2780,0.29992576095025975,0.27616926503340755,3.0,3.148888888888889,2
2790,0.3016332590942836,0.2739420935412027,3.0,3.148888888888889,2
2800,0.3062360801781737,0.27839643652561247,3.0,3.148888888888889,2
2810,0.3121752041573868,0.29175946547884185,3.0,3.148888888888889,2
2820,0.32824795842613214,0.3207126948775056,3.0,3.148888888888889,2
2830,0.32446176688938383,0.31403118040089084,3.0,3.148888888888889,2
2840,0.33285077951002223,0.3273942093541203,3.0,3.148888888888889,2
2850,0.32865627319970303,0.32293986636971045,3.0,3.148888888888889,2
2860,0.3305864884929473,0.32962138084632514,3.0,3.148888888888889,2
2870,0.323645137342242,0.31403118040089084,3.0,3.148888888888889,2
2880,0.32145508537490713,0.30734966592427615,3.0,3.148888888888889,2
2890,0.3207126948775056,0.3051224944320713,3.0,3.148888888888889,2
2900,0.32245731254639937,0.30957683741648107,3.0,3.148888888888889,2
2910,0.3295100222717149,0.3184855233853007,3.0,3.148888888888889,2
2920,0.3291388270230141,0.3184855233853007,3.0,3.148888888888889,2
2930,0.2630289532293987,0.2516703786191537,3.0,3.148888888888889,2
2940,0.28548626577579805,0.2650334075723831,3.0,3.148888888888889,2
2950,0.28771343726800297,0.26948775055679286,3.0,3.148888888888889,2
2960,0.2889755011135857,0.26948775055679286,3.0,3.148888888888889,2
2970,0.2903489235337788,0.26948775055679286,3.0,3.148888888888889,2
2980,0.29502598366740906,0.2739420935412027,3.0,3.148888888888889,2
2990,0.30293244246473644,0.28507795100222716,3.0,3.148888888888889,2
3000,0.3019673348181143,0.2828507795100223,3.0,3.148888888888889,2
3010,0.3046399406087602,0.29175946547884185,3.0,3.148888888888889,2
3020,0.30025983667409056,0.28507795100222716,3.0,3.148888888888889,2
3030,0.30077951002227166,0.27839643652561247,3.0,3.148888888888889,2
3040,0.2999628804751299,0.29175946547884185,3.0,3.148888888888889,2
3050,0.30051967334818114,0.289532293986637,3.0,3.148888888888889,2
3060,0.32041573867854495,0.30957683741648107,3.0,3.148888888888889,2
3070,0.3222345953971789,0.311804008908686,3.0,3.148888888888889,2
3080,0.32293986636971045,0.31403118040089084,3.0,3.148888888888889,2
3090,0.3287676317743133,0.31403118040089084,3.0,3.148888888888889,2
3100,0.32509279881217523,0.30957683741648107,3.0,3.148888888888889,2
3110,0.3260207869339272,0.30957683741648107,3.0,3.148888888888889,2
3120,0.32401633259094287,0.311804008908686,3.0,3.148888888888889,2
3130,0.3364513734224202,0.33184855233853006,3.0,3.148888888888889,2
3140,0.2783593170007424,0.29175946547884185,3.0,3.148888888888889,2
3150,0.2812917594654788,0.2873051224944321,3.0,3.148888888888889,2
3160,0.2949517446176689,0.2962138084632517,3.0,3.148888888888889,2
3170,0.2191536748329621,0.21380846325167038,3.0,3.148888888888889,2
3180,0.220898292501856,0.21380846325167038,3.0,3.148888888888889,2
3190,0.22876763177431328,0.2071269487750557,3.0,3.148888888888889,2
3200,0.23188567186340014,0.20935412026726058,3.0,3.148888888888889,2
3210,0.23671121009651075,0.21380846325167038,3.0,3.148888888888889,2
3220,0.2327023014105419,0.20489977728285078,3.0,3.148888888888889,2
3230,0.2329621380846325,0.20044543429844097,3.0,3.148888888888889,2
3240,0.23667409057164068,0.20489977728285078,3.0,3.148888888888889,2
3250,0.24443207126948774,0.22048997772828507,3.0,3.148888888888889,2
3260,0.24684484038604304,0.2182628062360802,3.0,3.148888888888889,2
3270,0.254083147735709,0.22494432071269488,3.0,3.148888888888889,2
3280,0.25155902004454345,0.22271714922049,3.0,3.148888888888889,2
3290,0.25348923533778767,0.22717149220489977,3.0,3.148888888888889,2
3300,0.2536748329621381,0.22939866369710468,3.0,3.148888888888889,2
3310,0.2475872308834447,0.2182628062360802,3.0,3.148888888888889,2
3320,0.24933184855233853,0.22048997772828507,3.0,3.148888888888889,2
3330,0.2596881959910913,0.22939866369710468,3.0,3.148888888888889,2
3340,0.25560504825538233,0.22271714922049,3.0,3.148888888888889,2
3350,0.26321455085374906,0.23385300668151449,3.0,3.148888888888889,2
3360,0.2726057906458797,0.24944320712694878,3.0,3.148888888888889,2
3370,0.2746473645137342,0.24944320712694878,3.0,3.148888888888889,2
3380,0.275018559762435,0.24721603563474387,3.0,3.148888888888889,2
3390,0.28292501855976243,0.25389755011135856,3.0,3.148888888888889,2
3400,0.2879361544172235,0.27616926503340755,3.0,3.148888888888889,2
3410,0.29528582034149964,0.2962138084632517,3.0,3.148888888888889,2
3420,0.29814402375649596,0.30066815144766146,3.0,3.148888888888889,2
3430,0.2921677802524127,0.289532293986637,3.0,3.148888888888889,2
3440,0.288641425389755,0.2828507795100223,3.0,3.148888888888889,2
3450,0.28741648106904233,0.28507795100222716,3.0,3.148888888888889,2
3460,0.2876763177431329,0.2873051224944321,3.0,3.148888888888889,2
3470,0.28403860430586486,0.2828507795100223,3.0,3.148888888888889,2
3480,0.27954714179658496,0.26948775055679286,3.0,3.148888888888889,2
3490,0.27193763919821823,0.26057906458797325,3.0,3.148888888888889,2
3500,0.26696362286562736,0.25389755011135856,3.0,3.148888888888889,2
3510,0.2720489977728285,0.25389755011135856,3.0,3.148888888888889,2
3520,0.27093541202672605,0.24944320712694878,3.0,3.148888888888889,2
3530,0.2748700816629547,0.26280623608017817,3.0,3.148888888888889,2
3540,0.2793244246473645,0.2650334075723831,3.0,3.148888888888889,2
3550,0.27665181885671863,0.2561247216035635,3.0,3.148888888888889,2
3560,0.27947290274684483,0.2650334075723831,3.0,3.148888888888889,2
3570,0.27906458797327394,0.26057906458797325,3.0,3.148888888888889,2
3580,0.283184855233853,0.26280623608017817,3.0,3.148888888888889,2
3590,0.2819599109131403,0.2583518930957684,3.0,3.148888888888889,2
3600,0.28155159613956937,0.25389755011135856,3.0,3.148888888888889,2
3610,0.28255382331106155,0.2561247216035635,3.0,3.148888888888889,2
3620,0.2875278396436525,0.26280623608017817,3.0,3.148888888888889,2
3630,0.3078322197475872,0.2828507795100223,3.0,3.148888888888889,2
3640,0.31302895322939867,0.27839643652561247,3.0,3.148888888888889,2
3650,0.31265775798069784,0.27839643652561247,3.0,3.148888888888889,2
3660,0.31369710467706013,0.27616926503340755,3.0,3.148888888888889,2
3670,0.33203414996288044,0.30734966592427615,3.0,3.148888888888889,2
3680,0.3155530809205642,0.27616926503340755,3.0,3.148888888888889,2
3690,0.3171121009651076,0.2828507795100223,3.0,3.148888888888889,2
3700,0.24602821083890128,0.2583518930957684,3.0,3.148888888888889,2
3710,0.24484038604305866,0.25389755011135856,3.0,3.148888888888889,2
3720,0.28741648106904233,0.2806236080178174,3.0,3.148888888888889,2
3730,0.2875649591685226,0.2806236080178174,3.0,3.148888888888889,2
3740,0.28797327394209354,0.28507795100222716,3.0,3.148888888888889,2
3750,0.28526354862657755,0.27616926503340755,3.0,3.148888888888889,2
3760,0.30118782479584266,0.2561247216035635,3.0,3.148888888888889,2
3770,0.3021158129175946,0.2561247216035635,3.0,3.148888888888889,2
3780,0.30605048255382333,0.26280623608017817,3.0,3.148888888888889,2
3790,0.3051596139569413,0.26948775055679286,3.0,3.148888888888889,2
3800,0.3077579806978471,0.27616926503340755,3.0,3.148888888888889,2
3810,0.3095025983667408,0.27616926503340755,3.0,3.148888888888889,2
3820,0.31228656273199695,0.28507795100222716,3.0,3.148888888888889,2
3830,0.3224201930215293,0.3028953229398664,3.0,3.148888888888889,2
3840,0.3197475872308834,0.2962138084632517,3.0,3.148888888888889,2
3850,0.3217891610987379,0.30066815144766146,3.0,3.148888888888889,2
3860,0.32353377876763173,0.3028953229398664,3.0,3.148888888888889,2
3870,0.3162954714179658,0.3051224944320713,3.0,3.148888888888889,2
3880,0.31169265033407567,0.29398663697104677,3.0,3.148888888888889,2
3890,0.31269487750556796,0.29398663697104677,3.0,3.148888888888889,2
3900,0.3266146993318485,0.3051224944320713,3.0,3.148888888888889,2
3910,0.3294729027468449,0.311804008908686,3.0,3.148888888888889,2
3920,0.3298069784706756,0.30957683741648107,3.0,3.148888888888889,2
3930,0.32976985894580546,0.311804008908686,3.0,3.148888888888889,2
3940,0.30838901262063845,0.311804008908686,3.0,3.148888888888889,2
3950,0.320898292501856,0.311804008908686,3.0,3.148888888888889,2
3960,0.32275426874536006,0.31625835189309576,3.0,3.148888888888889,2
3970,0.3238678544914625,0.31403118040089084,3.0,3.148888888888889,2
3980,0.33288789903489235,0.32516703786191536,3.0,3.148888888888889,2
3990,0.33299925760950255,0.32962138084632514,3.0,3.148888888888889,2
4000,0.3202301410541945,0.3363028953229399,3.0,3.148888888888889,2
4010,0.3197475872308834,0.33853006681514475,3.0,3.148888888888889,2
4020,0.32631774313288786,0.3363028953229399,3.0,3.148888888888889,2
4030,0.2959910913140311,0.2873051224944321,3.0,3.148888888888889,2
4040,0.29565701559020047,0.27616926503340755,3.0,3.148888888888889,2
4050,0.2942835931700074,0.27839643652561247,3.0,3.148888888888889,2
4060,0.30887156644394953,0.3028953229398664,3.0,3.148888888888889,2
4070,0.3155159613956941,0.30734966592427615,3.0,3.148888888888889,2
4080,0.3175575352635486,0.3051224944320713,3.0,3.148888888888889,2
4090,0.3195991091314031,0.3028953229398664,3.0,3.148888888888889,2
4100,0.3367112100965108,0.32293986636971045,3.0,3.148888888888889,2
4110,0.33014105419450634,0.311804008908686,3.0,3.148888888888889,2
4120,0.33088344469190795,0.311804008908686,3.0,3.148888888888889,2
4130,0.33363028953229396,0.311804008908686,3.0,3.148888888888889,2
4140,0.33860430586488494,0.3184855233853007,3.0,3.148888888888889,2
4150,0.2358203414996288,0.2383073496659243,3.0,3.148888888888889,2
4160,0.23611729769858947,0.23385300668151449,3.0,3.148888888888889,2
4170,0.24461766889383812,0.24053452115812918,3.0,3.148888888888889,2
4180,0.24688195991091313,0.2383073496659243,3.0,3.148888888888889,2
4190,0.24955456570155898,0.2383073496659243,3.0,3.148888888888889,2
4200,0.249554565701559,0.2383073496659243,3.0,3.148888888888889,2
4210,0.2507423904974016,0.2383073496659243,3.0,3.148888888888889,2
4220,0.2529695619896065,0.24053452115812918,3.0,3.148888888888889,2
4230,0.2633630289532294,0.24944320712694878,3.0,3.148888888888889,2
4240,0.3005567928730512,0.26280623608017817,3.0,3.148888888888889,2
4250,0.2987379361544172,0.2650334075723831,3.0,3.148888888888889,2
4260,0.3095025983667408,0.26948775055679286,3.0,3.148888888888889,2
4270,0.31451373422420187,0.267260579064588,3.0,3.148888888888889,2
4280,0.3307349665924276,0.28507795100222716,3.0,3.148888888888889,2
4290,0.32895322939866367,0.2828507795100223,3.0,3.148888888888889,2
4300,0.32921306607275425,0.2828507795100223,3.0,3.148888888888889,2
4310,0.3456570155902004,0.31403118040089084,3.0,3.148888888888889,2
4320,0.34628804751299186,0.31403118040089084,3.0,3.148888888888889,2
4330,0.33904974016332595,0.3051224944320713,3.0,3.148888888888889,2
4340,0.33901262063845583,0.3273942093541203,3.0,3.148888888888889,2
4350,0.3423904974016333,0.33184855233853006,3.0,3.148888888888889,2
4360,0.3432071269487751,0.32962138084632514,3.0,3.148888888888889,2
4370,0.3393838158871566,0.32516703786191536,3.0,3.148888888888889,2
4380,0.31328878990348924,0.32293986636971045,3.0,3.148888888888889,2
4390,0.3139198218262806,0.32516703786191536,3.0,3.148888888888889,2
4400,0.315478841870824,0.32516703786191536,3.0,3.148888888888889,2
4410,0.31239792130660726,0.3028953229398664,3.0,3.148888888888889,2
4420,0.3149591685226429,0.3051224944320713,3.0,3.148888888888889,2
4430,0.33318485523385305,0.3207126948775056,3.0,3.148888888888889,2
4440,0.3376020786933927,0.3273942093541203,3.0,3.148888888888889,2
4450,0.3426132145508537,0.34075723830734966,3.0,3.148888888888889,2
4460,0.3328136599851522,0.30957683741648107,3.0,3.148888888888889,2
4470,0.330438010393467,0.3051224944320713,3.0,3.148888888888889,2
4480,0.34762435040831474,0.34743875278396436,3.0,3.148888888888889,2
4490,0.34287305122494427,0.33407572383073497,3.0,3.148888888888889,2
0,0.3164068299925761,0.311804008908686,3.0,3.06,3
10,0.3173348181143282,0.30957683741648107,3.0,3.06,3
20,0.31926503340757245,0.31403118040089084,3.0,3.06,3
30,0.3231254639940609,0.3207126948775056,3.0,3.06,3
40,0.323645137342242,0.31403118040089084,3.0,3.06,3
50,0.33225686711210095,0.3273942093541203,3.0,3.06,3
60,0.33318485523385305,0.32962138084632514,3.0,3.06,3
70,0.33288789903489235,0.32962138084632514,3.0,3.06,3
80,0.33177431328878987,0.33407572383073497,3.0,3.06,3
90,0.33066072754268744,0.33407572383073497,3.0,3.06,3
100,0.32899034892353374,0.33407572383073497,3.0,3.06,3
110,0.33192279138827024,0.33853006681514475,3.0,3.06,3
120,0.3229769858945805,0.3273942093541203,3.0,3.06,3
130,0.3299554565701559,0.33853006681514475,3.0,3.06,3
140,0.3253155159613957,0.32962138084632514,3.0,3.06,3
150,0.3200816629547142,0.3184855233853007,3.0,3.06,3
160,0.3159613956941351,0.31403118040089084,3.0,3.06,3
170,0.3143652561247216,0.30734966592427615,3.0,3.06,3
180,0.314996288047513,0.30734966592427615,3.0,3.06,3
190,0.3184855233853007,0.30957683741648107,3.0,3.06,3
200,0.31781737193763915,0.30734966592427615,3.0,3.06,3
210,0.31948775055679285,0.30957683741648107,3.0,3.06,3
220,0.32420193021529325,0.32516703786191536,3.0,3.06,3
230,0.32427616926503344,0.32516703786191536,3.0,3.06,3
240,0.3270601336302895,0.32962138084632514,3.0,3.06,3
250,0.30902004454342985,0.3051224944320713,3.0,3.06,3
260,0.2929844097995546,0.32293986636971045,3.0,3.06,3
270,0.3237564959168523,0.32516703786191536,3.0,3.06,3
280,0.32041573867854495,0.3207126948775056,3.0,3.06,3
290,0.3193763919821826,0.3207126948775056,3.0,3.06,3
300,0.31792873051224946,0.3184855233853007,3.0,3.06,3
310,0.3202301410541945,0.3184855233853007,3.0,3.06,3
320,0.3235708982925019,0.32293986636971045,3.0,3.06,3
330,0.3215293244246473,0.32516703786191536,3.0,3.06,3
340,0.3215293244246473,0.32293986636971045,3.0,3.06,3
350,0.32880475129918335,0.3028953229398664,3.0,3.06,3
360,0.3321083890126206,0.30734966592427615,3.0,3.06,3
370,0.33311061618411286,0.30957683741648107,3.0,3.06,3
380,0.3329992576095026,0.30734966592427615,3.0,3.06,3
390,0.3430957683741648,0.32516703786191536,3.0,3.06,3
400,0.30772086117297703,0.3184855233853007,3.0,3.06,3
410,0.3099480326651818,0.31625835189309576,3.0,3.06,3
420,0.31365998515219,0.3207126948775056,3.0,3.06,3
430,0.3102821083890126,0.30734966592427615,3.0,3.06,3
440,0.31933927245731253,0.30957683741648107,3.0,3.06,3
450,0.32397921306607275,0.32293986636971045,3.0,3.06,3
460,0.3315887156644395,0.33407572383073497,3.0,3.06,3
470,0.33481811432813663,0.33853006681514475,3.0,3.06,3
480,0.33860430586488494,0.34743875278396436,3.0,3.06,3
490,0.3351521900519674,0.3429844097995546,3.0,3.06,3
500,0.3430957683741648,0.34966592427616927,3.0,3.06,3
510,0.3302524127691165,0.32516703786191536,3.0,3.06,3
520,0.3315515961395694,0.32962138084632514,3.0,3.06,3
530,0.33062360801781737,0.32516703786191536,3.0,3.06,3
540,0.3352635486265776,0.3273942093541203,3.0,3.06,3
550,0.32516703786191536,0.3207126948775056,3.0,3.06,3
560,0.3236822568671121,0.3207126948775056,3.0,3.06,3
570,0.32412769116555307,0.32293986636971045,3.0,3.06,3
580,0.33221974758723094,0.3207126948775056,3.0,3.06,3
590,0.3378619153674833,0.3363028953229399,3.0,3.06,3
600,0.3414625092798812,0.34521158129175944,3.0,3.06,3
610,0.3414625092798812,0.34521158129175944,3.0,3.06,3
620,0.33997772828507794,0.34075723830734966,3.0,3.06,3
630,0.3414625092798812,0.34075723830734966,3.0,3.06,3
640,0.3431328878990349,0.3429844097995546,3.0,3.06,3
650,0.35527097253155154,0.3585746102449889,3.0,3.06,3
660,0.36826280623608015,0.38530066815144765,3.0,3.06,3
670,0.36945063103192277,0.38530066815144765,3.0,3.06,3
680,0.37242019302152934,0.39198218262806234,3.0,3.06,3
690,0.36469933184855235,0.38530066815144765,3.0,3.06,3
700,0.35798069784706754,0.37639198218262804,3.0,3.06,3
710,0.342724573125464,0.36302895322939865,3.0,3.06,3
720,0.34476614699331853,0.36525612472160357,3.0,3.06,3
730,0.29302152932442466,0.3051224944320713,3.0,3.06,3
740,0.2984409799554566,0.311804008908686,3.0,3.06,3
750,0.3123608017817372,0.31625835189309576,3.0,3.06,3
760,0.3334818114328137,0.3518930957683742,3.0,3.06,3
770,0.3306607275426874,0.34075723830734966,3.0,3.06,3
780,0.3553452115812918,0.3830734966592428,3.0,3.06,3
790,0.3570898292501856,0.38752783964365256,3.0,3.06,3
800,0.35902004454342984,0.39420935412026725,3.0,3.06,3
810,0.280920564216778,0.3028953229398664,3.0,3.06,3
820,0.2808834446919079,0.30734966592427615,3.0,3.06,3
830,0.2820712694877506,0.31403118040089084,3.0,3.06,3
840,0.3144394951744618,0.32516703786191536,3.0,3.06,3
850,0.3243875278396436,0.34075723830734966,3.0,3.06,3
860,0.329992576095026,0.34743875278396436,3.0,3.06,3
870,0.27193763919821823,0.27616926503340755,3.0,3.06,3
880,0.2795100222717149,0.2806236080178174,3.0,3.06,3
890,0.28789903489235336,0.2984409799554566,3.0,3.06,3
900,0.28919821826280623,0.2984409799554566,3.0,3.06,3
910,0.2910541945063103,0.3028953229398664,3.0,3.06,3
920,0.29253897550111363,0.2984409799554566,3.0,3.06,3
930,0.29699331848552335,0.30734966592427615,3.0,3.06,3
940,0.3007052709725315,0.31625835189309576,3.0,3.06,3
950,0.30348923533778766,0.3207126948775056,3.0,3.06,3
960,0.31896807720861164,0.3363028953229399,3.0,3.06,3
970,0.31737193763919813,0.33407572383073497,3.0,3.06,3
980,0.2917223459539718,0.27839643652561247,3.0,3.06,3
990,0.2994432071269488,0.2873051224944321,3.0,3.06,3
1000,0.30215293244246477,0.289532293986637,3.0,3.06,3
1010,0.31989606533036374,0.2962138084632517,3.0,3.06,3
1020,0.3174832962138085,0.29398663697104677,3.0,3.06,3
1030,0.3300296956198961,0.32516703786191536,3.0,3.06,3
1040,0.3246473645137342,0.31625835189309576,3.0,3.06,3
1050,0.31874536005939125,0.30957683741648107,3.0,3.06,3
1060,0.32067557535263547,0.30734966592427615,3.0,3.06,3
1070,0.3217891610987379,0.3051224944320713,3.0,3.06,3
1080,0.32305122494432076,0.30734966592427615,3.0,3.06,3
1090,0.32461024498886415,0.311804008908686,3.0,3.06,3
1100,0.3265404602821084,0.3184855233853007,3.0,3.06,3
1110,0.32958426132145513,0.3184855233853007,3.0,3.06,3
1120,0.3362657757980698,0.32516703786191536,3.0,3.06,3
1130,0.3364513734224202,0.3273942093541203,3.0,3.06,3
1140,0.3352635486265776,0.33184855233853006,3.0,3.06,3
1150,0.3327023014105419,0.3273942093541203,3.0,3.06,3
1160,0.3330363771343727,0.32962138084632514,3.0,3.06,3
1170,0.33563474387527836,0.32962138084632514,3.0,3.06,3
1180,0.3374536005939124,0.3363028953229399,3.0,3.06,3
1190,0.34175946547884184,0.3518930957683742,3.0,3.06,3
1200,0.3499257609502598,0.3674832962138085,3.0,3.06,3
1210,0.33233110616184114,0.32962138084632514,3.0,3.06,3
1220,0.3353006681514476,0.33407572383073497,3.0,3.06,3
1230,0.33177431328878987,0.3273942093541203,3.0,3.06,3
1240,0.3319599109131403,0.3273942093541203,3.0,3.06,3
1250,0.32750556792873053,0.32516703786191536,3.0,3.06,3
1260,0.3263919821826281,0.3184855233853007,3.0,3.06,3
1270,0.3244246473645137,0.3184855233853007,3.0,3.06,3
1280,0.32345953971789165,0.311804008908686,3.0,3.06,3
1290,0.32279138827023013,0.311804008908686,3.0,3.06,3
1300,0.3203786191536748,0.30734966592427615,3.0,3.06,3
1310,0.32171492204899776,0.31403118040089084,3.0,3.06,3
1320,0.33303637713437273,0.33184855233853006,3.0,3.06,3
1330,0.329547141796585,0.34075723830734966,3.0,3.06,3
1340,0.2906458797327394,0.28507795100222716,3.0,3.06,3
1350,0.32772828507795104,0.3207126948775056,3.0,3.06,3
1360,0.33225686711210095,0.33853006681514475,3.0,3.06,3
1370,0.3283593170007424,0.33407572383073497,3.0,3.06,3
1380,0.32817371937639206,0.33184855233853006,3.0,3.06,3
1390,0.31930215293244246,0.311804008908686,3.0,3.06,3
1400,0.3156644394951744,0.30066815144766146,3.0,3.06,3
1410,0.3168522642910171,0.3028953229398664,3.0,3.06,3
1420,0.3169636228656273,0.30066815144766146,3.0,3.06,3
1430,0.3171492204899777,0.3028953229398664,3.0,3.06,3
1440,0.3191907943578322,0.30066815144766146,3.0,3.06,3
1450,0.32067557535263547,0.30066815144766146,3.0,3.06,3
1460,0.32063845582776535,0.30066815144766146,3.0,3.06,3
1470,0.32423904974016327,0.30066815144766146,3.0,3.06,3
1480,0.3314773570898292,0.30734966592427615,3.0,3.06,3
1490,0.33062360801781737,0.30734966592427615,3.0,3.06,3
1500,0.33218262806236076,0.30734966592427615,3.0,3.06,3
1510,0.30679287305122493,0.31403118040089084,3.0,3.06,3
1520,0.310022271714922,0.31403118040089084,3.0,3.06,3
1530,0.318634001484781,0.32516703786191536,3.0,3.06,3
1540,0.3145879732739421,0.31625835189309576,3.0,3.06,3
1550,0.3050853749072012,0.2984409799554566,3.0,3.06,3
1560,0.30586488492947284,0.2984409799554566,3.0,3.06,3
1570,0.3064587973273942,0.30957683741648107,3.0,3.06,3
1580,0.2965107646622123,0.2739420935412027,3.0,3.06,3
1590,0.3047512991833704,0.2828507795100223,3.0,3.06,3
1600,0.3112100965107647,0.289532293986637,3.0,3.06,3
1610,0.3112100965107647,0.289532293986637,3.0,3.06,3
1620,0.31922791388270233,0.30957683741648107,3.0,3.06,3
1630,0.32190051967334815,0.311804008908686,3.0,3.06,3
1640,0.3243875278396436,0.31403118040089084,3.0,3.06,3
1650,0.3280994803266518,0.32293986636971045,3.0,3.06,3
1660,0.3310690423162583,0.32962138084632514,3.0,3.06,3
1670,0.3321455085374907,0.33184855233853006,3.0,3.06,3
1680,0.33314773570898293,0.32962138084632514,3.0,3.06,3
1690,0.29584261321455085,0.3207126948775056,3.0,3.06,3
1700,0.29974016332590947,0.32293986636971045,3.0,3.06,3
1710,0.3180772086117298,0.34075723830734966,3.0,3.06,3
1720,0.3223088344469191,0.33853006681514475,3.0,3.06,3
1730,0.3252783964365256,0.33853006681514475,3.0,3.06,3
1740,0.32839643652561246,0.34521158129175944,3.0,3.06,3
1750,0.32772828507795093,0.34743875278396436,3.0,3.06,3
1760,0.3221603563474387,0.3184855233853007,3.0,3.06,3
1770,0.3213066072754268,0.32516703786191536,3.0,3.06,3
1780,0.3135115070527097,0.3273942093541203,3.0,3.06,3
1790,0.3114699331848552,0.32293986636971045,3.0,3.06,3
1800,0.31507052709725314,0.32516703786191536,3.0,3.06,3
1810,0.32305122494432076,0.33407572383073497,3.0,3.06,3
1820,0.32899034892353374,0.34075723830734966,3.0,3.06,3
1830,0.33140311804008904,0.3429844097995546,3.0,3.06,3
1840,0.3321826280623608,0.37193763919821826,3.0,3.06,3
1850,0.32308834446919077,0.3585746102449889,3.0,3.06,3
1860,0.3267631774313289,0.35634743875278396,3.0,3.06,3
1870,0.31885671863400145,0.3429844097995546,3.0,3.06,3
1880,0.3080549368968077,0.30734966592427615,3.0,3.06,3
1890,0.31937639198218265,0.3273942093541203,3.0,3.06,3
1900,0.31907943578322195,0.33184855233853006,3.0,3.06,3
1910,0.3392724573125464,0.3273942093541203,3.0,3.06,3
1920,0.3435412026726058,0.33853006681514475,3.0,3.06,3
1930,0.33968077208611724,0.33407572383073497,3.0,3.06,3
1940,0.3415367483296214,0.3363028953229399,3.0,3.06,3
1950,0.3425389755011136,0.33853006681514475,3.0,3.06,3
1960,0.33697104677060136,0.3273942093541203,3.0,3.06,3
1970,0.3430957683741648,0.33853006681514475,3.0,3.06,3
1980,0.34521158129175944,0.34075723830734966,3.0,3.06,3
1990,0.3475872308834447,0.3518930957683742,3.0,3.06,3
2000,0.3426132145508538,0.34075723830734966,3.0,3.06,3
2010,0.3325167037861915,0.32293986636971045,3.0,3.06,3
2020,0.33363028953229396,0.32516703786191536,3.0,3.06,3
2030,0.33400148478099473,0.32516703786191536,3.0,3.06,3
2040,0.3332219747587231,0.32962138084632514,3.0,3.06,3
2050,0.33507795100222715,0.32962138084632514,3.0,3.06,3
2060,0.3353377876763177,0.3273942093541203,3.0,3.06,3
2070,0.33448403860430587,0.33184855233853006,3.0,3.06,3
2080,0.32973273942093545,0.32293986636971045,3.0,3.06,3
2090,0.3312175204157386,0.32516703786191536,3.0,3.06,3
2100,0.34079435783221973,0.33853006681514475,3.0,3.06,3
2110,0.34766146993318486,0.34521158129175944,3.0,3.06,3
2120,0.3466963622865627,0.3518930957683742,3.0,3.06,3
2130,0.3448403860430586,0.35634743875278396,3.0,3.06,3
2140,0.29858945805493686,0.2828507795100223,3.0,3.06,3
2150,0.2983667409057164,0.26948775055679286,3.0,3.06,3
2160,0.3002227171492205,0.26948775055679286,3.0,3.06,3
2170,0.301336302895323,0.2739420935412027,3.0,3.06,3
2180,0.30170749814402376,0.27839643652561247,3.0,3.06,3
2190,0.3056050482553823,0.2806236080178174,3.0,3.06,3
2200,0.29918337045285814,0.2717149220489978,3.0,3.06,3
2210,0.3004825538233111,0.2717149220489978,3.0,3.06,3
2220,0.3025241276911655,0.27616926503340755,3.0,3.06,3
2230,0.30181885671863395,0.2806236080178174,3.0,3.06,3
2240,0.3135115070527097,0.2962138084632517,3.0,3.06,3
2250,0.311841128433556,0.29175946547884185,3.0,3.06,3
2260,0.3135486265775798,0.3028953229398664,3.0,3.06,3
2270,0.31804008908685966,0.3518930957683742,3.0,3.06,3
2280,0.31529324424647365,0.34743875278396436,3.0,3.06,3
2290,0.31889383815887157,0.34743875278396436,3.0,3.06,3
2300,0.3243504083147736,0.35412026726057905,3.0,3.06,3
2310,0.31885671863400145,0.2984409799554566,3.0,3.06,3
2320,0.32097253155159616,0.3028953229398664,3.0,3.06,3
2330,0.3134001484780995,0.289532293986637,3.0,3.06,3
2340,0.30742390497401634,0.2806236080178174,3.0,3.06,3
2350,0.308166295471418,0.2828507795100223,3.0,3.06,3
2360,0.3107646622123237,0.2873051224944321,3.0,3.06,3
2370,0.3178916109873794,0.30066815144766146,3.0,3.06,3
2380,0.3197475872308834,0.30066815144766146,3.0,3.06,3
2390,0.3216778025241277,0.30957683741648107,3.0,3.06,3
2400,0.31818856718634,0.3051224944320713,3.0,3.06,3
2410,0.3161841128433556,0.30066815144766146,3.0,3.06,3
2420,0.32045285820341496,0.30957683741648107,3.0,3.06,3
2430,0.32041573867854495,0.3051224944320713,3.0,3.06,3
2440,0.3271714922048997,0.30957683741648107,3.0,3.06,3
2450,0.32316258351893096,0.3028953229398664,3.0,3.06,3
2460,0.335931700074239,0.32293986636971045,3.0,3.06,3
2470,0.3276911655530809,0.311804008908686,3.0,3.06,3
2480,0.3025612472160356,0.2806236080178174,3.0,3.06,3
2490,0.30356347438752784,0.2828507795100223,3.0,3.06,3
2500,0.29302152932442466,0.2739420935412027,3.0,3.06,3
2510,0.2937639198218262,0.2739420935412027,3.0,3.06,3
2520,0.2984780994803266,0.28507795100222716,3.0,3.06,3
2530,0.2886043058648849,0.26948775055679286,3.0,3.06,3
2540,0.28355605048255383,0.2516703786191537,3.0,3.06,3
2550,0.2930957683741648,0.26057906458797325,3.0,3.06,3
2560,0.3288418708240535,0.32293986636971045,3.0,3.06,3
2570,0.3576837416481069,0.37193763919821826,3.0,3.06,3
2580,0.35419450631031923,0.35634743875278396,3.0,3.06,3
2590,0.3558277654046028,0.36971046770601335,3.0,3.06,3
2600,0.35471417965850033,0.36971046770601335,3.0,3.06,3
2610,0.3541573867854491,0.3674832962138085,3.0,3.06,3
2620,0.3511135857461024,0.36971046770601335,3.0,3.06,3
2630,0.347290274684484,0.3674832962138085,3.0,3.06,3
2640,0.3482925018559762,0.36971046770601335,3.0,3.06,3
2650,0.3503711952487008,0.37193763919821826,3.0,3.06,3
2660,0.35148478099480324,0.37639198218262804,3.0,3.06,3
2670,0.30118782479584266,0.29175946547884185,3.0,3.06,3
2680,0.31098737936154414,0.2984409799554566,3.0,3.06,3
2690,0.31265775798069784,0.2873051224944321,3.0,3.06,3
2700,0.32461024498886415,0.30957683741648107,3.0,3.06,3
2710,0.3270230141054194,0.311804008908686,3.0,3.06,3
2720,0.3272086117297699,0.311804008908686,3.0,3.06,3
2730,0.33144023756495916,0.31625835189309576,3.0,3.06,3
2740,0.3336674090571641,0.3184855233853007,3.0,3.06,3
2750,0.33144023756495916,0.31625835189309576,3.0,3.06,3
2760,0.3283221974758723,0.311804008908686,3.0,3.06,3
2770,0.3376763177431329,0.3273942093541203,3.0,3.06,3
2780,0.33544914625092803,0.32293986636971045,3.0,3.06,3
2790,0.33507795100222715,0.32516703786191536,3.0,3.06,3
2800,0.3382331106161841,0.3273942093541203,3.0,3.06,3
2810,0.33960653303637717,0.32962138084632514,3.0,3.06,3
2820,0.3392724573125464,0.3429844097995546,3.0,3.06,3
2830,0.3407201187824796,0.34521158129175944,3.0,3.06,3
2840,0.33708240534521156,0.34521158129175944,3.0,3.06,3
2850,0.32683741648106907,0.3184855233853007,3.0,3.06,3
2860,0.32683741648106907,0.31403118040089084,3.0,3.06,3
2870,0.3342984409799554,0.34075723830734966,3.0,3.06,3
2880,0.33036377134372674,0.32962138084632514,3.0,3.06,3
2890,0.3291388270230141,0.32962138084632514,3.0,3.06,3
2900,0.3271343726800297,0.3273942093541203,3.0,3.06,3
2910,0.3277654046028211,0.32293986636971045,3.0,3.06,3
2920,0.3364513734224202,0.3273942093541203,3.0,3.06,3
2930,0.3338530066815144,0.3207126948775056,3.0,3.06,3
2940,0.30746102449888646,0.31625835189309576,3.0,3.06,3
2950,0.3080178173719376,0.3184855233853007,3.0,3.06,3
2960,0.30812917594654793,0.31403118040089084,3.0,3.06,3
2970,0.29910913140311807,0.2806236080178174,3.0,3.06,3
2980,0.31440237564959167,0.2962138084632517,3.0,3.06,3
2990,0.3155902004454343,0.2984409799554566,3.0,3.06,3
3000,0.31492204899777276,0.2962138084632517,3.0,3.06,3
3010,0.3233110616184113,0.3207126948775056,3.0,3.06,3
3020,0.32550111358574607,0.3207126948775056,3.0,3.06,3
3030,0.3223459539717891,0.32962138084632514,3.0,3.06,3
3040,0.323645137342242,0.32962138084632514,3.0,3.06,3
3050,0.3317371937639198,0.32516703786191536,3.0,3.06,3
3060,0.3424647364513734,0.3518930957683742,3.0,3.06,3
3070,0.34291017074981434,0.34966592427616927,3.0,3.06,3
3080,0.34179658500371196,0.34521158129175944,3.0,3.06,3
3090,0.3402746844840386,0.3429844097995546,3.0,3.06,3
3100,0.3357089829250186,0.34521158129175944,3.0,3.06,3
3110,0.33864142538975506,0.3518930957683742,3.0,3.06,3
3120,0.350927988121752,0.36971046770601335,3.0,3.06,3
3130,0.3445805493689681,0.36302895322939865,3.0,3.06,3
3140,0.3465850037119525,0.36971046770601335,3.0,3.06,3
3150,0.33181143281365993,0.34521158129175944,3.0,3.06,3
3160,0.31941351150705277,0.32516703786191536,3.0,3.06,3
3170,0.3233110616184113,0.33184855233853006,3.0,3.06,3
3180,0.32661469933184856,0.33407572383073497,3.0,3.06,3
3190,0.3237936154417223,0.3273942093541203,3.0,3.06,3
3200,0.32542687453600594,0.33407572383073497,3.0,3.06,3
3210,0.31206384558277656,0.31403118040089084,3.0,3.06,3
3220,0.30720118782479583,0.30957683741648107,3.0,3.06,3
3230,0.30701559020044533,0.311804008908686,3.0,3.06,3
3240,0.3075723830734967,0.31403118040089084,3.0,3.06,3
3250,0.3077579806978471,0.31403118040089084,3.0,3.06,3
3260,0.31358574610244994,0.3207126948775056,3.0,3.06,3
3270,0.30679287305122493,0.30734966592427615,3.0,3.06,3
3280,0.3114328136599851,0.31625835189309576,3.0,3.06,3
3290,0.3092798812175204,0.30957683741648107,3.0,3.06,3
3300,0.30998515219005196,0.30957683741648107,3.0,3.06,3
3310,0.3080178173719377,0.3051224944320713,3.0,3.06,3
3320,0.3062360801781737,0.2984409799554566,3.0,3.06,3
3330,0.3115812917594655,0.311804008908686,3.0,3.06,3
3340,0.31648106904231627,0.31403118040089084,3.0,3.06,3
3350,0.31666666666666665,0.31403118040089084,3.0,3.06,3
3360,0.3199331848552338,0.311804008908686,3.0,3.06,3
3370,0.3172234595397178,0.30957683741648107,3.0,3.06,3
3380,0.31507052709725314,0.3028953229398664,3.0,3.06,3
3390,0.3242761692650334,0.30957683741648107,3.0,3.06,3
3400,0.3237936154417223,0.30734966592427615,3.0,3.06,3
3410,0.3223830734966592,0.3051224944320713,3.0,3.06,3
3420,0.32134372680029694,0.3028953229398664,3.0,3.06,3
3430,0.32316258351893096,0.3028953229398664,3.0,3.06,3
3440,0.3219376391982182,0.2984409799554566,3.0,3.06,3
3450,0.32004454342984406,0.2962138084632517,3.0,3.06,3
3460,0.30486265775798066,0.2806236080178174,3.0,3.06,3
3470,0.3047512991833704,0.2828507795100223,3.0,3.06,3
3480,0.30846325167037864,0.29175946547884185,3.0,3.06,3
3490,0.31039346696362285,0.2984409799554566,3.0,3.06,3
3500,0.31206384558277656,0.30066815144766146,3.0,3.06,3
3510,0.3065701559020045,0.2962138084632517,3.0,3.06,3
3520,0.30653303637713436,0.29398663697104677,3.0,3.06,3
3530,0.307275426874536,0.29398663697104677,3.0,3.06,3
3540,0.3139569413511507,0.30734966592427615,3.0,3.06,3
3550,0.3121009651076466,0.3051224944320713,3.0,3.06,3
3560,0.31321455085374905,0.30734966592427615,3.0,3.06,3
3570,0.3157015590200445,0.3051224944320713,3.0,3.06,3
3580,0.3381588715664439,0.3273942093541203,3.0,3.06,3
3590,0.32936154417223457,0.3184855233853007,3.0,3.06,3
3600,0.32516703786191536,0.31403118040089084,3.0,3.06,3
3610,0.3231254639940609,0.30957683741648107,3.0,3.06,3
3620,0.32557535263548626,0.30734966592427615,3.0,3.06,3
3630,0.32817371937639195,0.311804008908686,3.0,3.06,3
3640,0.31651818856718633,0.29398663697104677,3.0,3.06,3
3650,0.32204899777282847,0.3028953229398664,3.0,3.06,3
3660,0.3235337787676318,0.30957683741648107,3.0,3.06,3
3670,0.33314773570898293,0.32516703786191536,3.0,3.06,3
3680,0.3342242019302153,0.3273942093541203,3.0,3.06,3
3690,0.33589458054936894,0.33184855233853006,3.0,3.06,3
3700,0.31893095768374163,0.32516703786191536,3.0,3.06,3
3710,0.31017074981440235,0.30957683741648107,3.0,3.06,3
3720,0.31610987379361544,0.311804008908686,3.0,3.06,3
3730,0.31666666666666665,0.31403118040089084,3.0,3.06,3
3740,0.30850037119524865,0.2873051224944321,3.0,3.06,3
3750,0.3066443949517446,0.28507795100222716,3.0,3.06,3
3760,0.3061618411284336,0.289532293986637,3.0,3.06,3
3770,0.2993689680772086,0.27839643652561247,3.0,3.06,3
3780,0.2988864142538975,0.2806236080178174,3.0,3.06,3
3790,0.3038604305864885,0.3273942093541203,3.0,3.06,3
3800,0.3108017817371938,0.3273942093541203,3.0,3.06,3
3810,0.3171863400148478,0.31403118040089084,3.0,3.06,3
3820,0.31417965850037116,0.30734966592427615,3.0,3.06,3
3830,0.28518930957683747,0.3051224944320713,3.0,3.06,3
3840,0.2864884929472903,0.30957683741648107,3.0,3.06,3
3850,0.2880475129918337,0.30957683741648107,3.0,3.06,3
3860,0.2869339272457313,0.30734966592427615,3.0,3.06,3
3870,0.2911655530809206,0.30066815144766146,3.0,3.06,3
3880,0.2947661469933185,0.3051224944320713,3.0,3.06,3
3890,0.3125092798812175,0.31625835189309576,3.0,3.06,3
3900,0.318634001484781,0.32293986636971045,3.0,3.06,3
3910,0.32156644394951744,0.32962138084632514,3.0,3.06,3
3920,0.3169265033407573,0.3207126948775056,3.0,3.06,3
3930,0.31495916852264294,0.31625835189309576,3.0,3.06,3
3940,0.3144023756495917,0.31403118040089084,3.0,3.06,3
3950,0.3094654788418708,0.311804008908686,3.0,3.06,3
3960,0.3134372680029696,0.31625835189309576,3.0,3.06,3
3970,0.3100593912397921,0.311804008908686,3.0,3.06,3
3980,0.3128433556050482,0.31403118040089084,3.0,3.06,3
3990,0.31792873051224946,0.3207126948775056,3.0,3.06,3
4000,0.32134372680029694,0.3207126948775056,3.0,3.06,3
4010,0.3231997030438011,0.3207126948775056,3.0,3.06,3
4020,0.3176317743132888,0.32293986636971045,3.0,3.06,3
4030,0.3154046028210839,0.31403118040089084,3.0,3.06,3
4040,0.31688938381588716,0.3184855233853007,3.0,3.06,3
4050,0.31989606533036374,0.32516703786191536,3.0,3.06,3
4060,0.31989606533036374,0.32516703786191536,3.0,3.06,3
4070,0.3178544914625092,0.3207126948775056,3.0,3.06,3
4080,0.32249443207126943,0.32962138084632514,3.0,3.06,3
4090,0.32472160356347435,0.33184855233853006,3.0,3.06,3
4100,0.32405345211581293,0.32293986636971045,3.0,3.06,3
4110,0.3232368225686711,0.3207126948775056,3.0,3.06,3
4120,0.32564959168522645,0.3273942093541203,3.0,3.06,3
4130,0.32976985894580546,0.3363028953229399,3.0,3.06,3
4140,0.3313288789903489,0.34075723830734966,3.0,3.06,3
4150,0.3228285077951002,0.3273942093541203,3.0,3.06,3
4160,0.306829992576095,0.30066815144766146,3.0,3.06,3
4170,0.3076837416481069,0.30066815144766146,3.0,3.06,3
4180,0.31009651076466227,0.3028953229398664,3.0,3.06,3
4190,0.32145508537490713,0.311804008908686,3.0,3.06,3
4200,0.3221603563474387,0.311804008908686,3.0,3.06,3
4210,0.3101336302895323,0.3028953229398664,3.0,3.06,3
4220,0.31570155902004454,0.30734966592427615,3.0,3.06,3
4230,0.31726057906458793,0.311804008908686,3.0,3.06,3
4240,0.31436525612472155,0.30734966592427615,3.0,3.06,3
4250,0.31729769858945805,0.3051224944320713,3.0,3.06,3
4260,0.3161841128433556,0.30066815144766146,3.0,3.06,3
4270,0.32045285820341496,0.3051224944320713,3.0,3.06,3
4280,0.31948775055679285,0.3028953229398664,3.0,3.06,3
4290,0.323645137342242,0.31403118040089084,3.0,3.06,3
4300,0.3153674832962137,0.36525612472160357,3.0,3.06,3
4310,0.3409799554565702,0.3429844097995546,3.0,3.06,3
4320,0.34042316258351896,0.3429844097995546,3.0,3.06,3
4330,0.3442835931700074,0.3518930957683742,3.0,3.06,3
4340,0.339086859688196,0.3429844097995546,3.0,3.06,3
4350,0.33500371195248696,0.3363028953229399,3.0,3.06,3
4360,0.33875278396436526,0.34075723830734966,3.0,3.06,3
4370,0.3270972531551596,0.31625835189309576,3.0,3.06,3
4380,0.3298812175204157,0.31625835189309576,3.0,3.06,3
4390,0.3287676317743133,0.30957683741648107,3.0,3.06,3
4400,0.3197104677060134,0.3207126948775056,3.0,3.06,3
4410,0.3182256867112101,0.3184855233853007,3.0,3.06,3
4420,0.3092798812175204,0.31403118040089084,3.0,3.06,3
4430,0.306829992576095,0.30957683741648107,3.0,3.06,3
4440,0.30534521158129174,0.3051224944320713,3.0,3.06,3
4450,0.30438010393466963,0.3051224944320713,3.0,3.06,3
4460,0.30066815144766146,0.29175946547884185,3.0,3.06,3
4470,0.3277654046028211,0.311804008908686,3.0,3.06,3
4480,0.32672605790645876,0.30734966592427615,3.0,3.06,3
4490,0.3278396436525613,0.30734966592427615,3.0,3.06,3
0,0.30590200445434296,0.31625835189309576,3.0,2.9066666666666667,4
10,0.3111729769858946,0.32516703786191536,3.0,2.9066666666666667,4
20,0.31477357089829244,0.32962138084632514,3.0,2.9066666666666667,4
30,0.3160727542687453,0.32962138084632514,3.0,2.9066666666666667,4
40,0.3201187824795843,0.34075723830734966,3.0,2.9066666666666667,4
50,0.3031180400890868,0.3207126948775056,3.0,2.9066666666666667,4
60,0.3053452115812918,0.3207126948775056,3.0,2.9066666666666667,4
70,0.31533036377134366,0.33407572383073497,3.0,2.9066666666666667,4
80,0.279547141796585,0.2984409799554566,3.0,2.9066666666666667,4
90,0.2778767631774313,0.29398663697104677,3.0,2.9066666666666667,4
100,0.27379361544172237,0.28507795100222716,3.0,2.9066666666666667,4
110,0.2792501855976243,0.29398663697104677,3.0,2.9066666666666667,4
120,0.2894951744617669,0.3028953229398664,3.0,2.9066666666666667,4
130,0.29283593170007427,0.30734966592427615,3.0,2.9066666666666667,4
140,0.2999628804751299,0.3184855233853007,3.0,2.9066666666666667,4
150,0.29714179658500367,0.31403118040089084,3.0,2.9066666666666667,4
160,0.29825538233110616,0.31625835189309576,3.0,2.9066666666666667,4
170,0.2962138084632517,0.311804008908686,3.0,2.9066666666666667,4
180,0.29714179658500367,0.311804008908686,3.0,2.9066666666666667,4
190,0.2939866369710467,0.30734966592427615,3.0,2.9066666666666667,4
200,0.2962880475129918,0.3028953229398664,3.0,2.9066666666666667,4
210,0.30144766146993324,0.31625835189309576,3.0,2.9066666666666667,4
220,0.29643652561247213,0.30957683741648107,3.0,2.9066666666666667,4
230,0.29550853749072015,0.30957683741648107,3.0,2.9066666666666667,4
240,0.29432071269487753,0.3028953229398664,3.0,2.9066666666666667,4
250,0.29561989606533035,0.30734966592427615,3.0,2.9066666666666667,4
260,0.2967334818114328,0.311804008908686,3.0,2.9066666666666667,4
270,0.29606533036377136,0.311804008908686,3.0,2.9066666666666667,4
280,0.2989235337787676,0.311804008908686,3.0,2.9066666666666667,4
290,0.2948403860430586,0.3051224944320713,3.0,2.9066666666666667,4
300,0.2959539717891611,0.3051224944320713,3.0,2.9066666666666667,4
310,0.296362286562732,0.30734966592427615,3.0,2.9066666666666667,4
320,0.2956198960653304,0.31403118040089084,3.0,2.9066666666666667,4
330,0.2912769116555308,0.29398663697104677,3.0,2.9066666666666667,4
340,0.30181885671863395,0.30734966592427615,3.0,2.9066666666666667,4
350,0.30274684484038605,0.3051224944320713,3.0,2.9066666666666667,4
360,0.30256124721603567,0.30734966592427615,3.0,2.9066666666666667,4
370,0.3097995545657016,0.31625835189309576,3.0,2.9066666666666667,4
380,0.3108017817371938,0.31625835189309576,3.0,2.9066666666666667,4
390,0.3110616184112843,0.31625835189309576,3.0,2.9066666666666667,4
400,0.31254639940608764,0.3184855233853007,3.0,2.9066666666666667,4
410,0.30538233110616186,0.311804008908686,3.0,2.9066666666666667,4
420,0.30942835931700075,0.30734966592427615,3.0,2.9066666666666667,4
430,0.31273199703043797,0.30957683741648107,3.0,2.9066666666666667,4
440,0.3116184112843356,0.311804008908686,3.0,2.9066666666666667,4
450,0.31540460282108385,0.31403118040089084,3.0,2.9066666666666667,4
460,0.31288047512991835,0.311804008908686,3.0,2.9066666666666667,4
470,0.317743132887899,0.30734966592427615,3.0,2.9066666666666667,4
480,0.3237564959168523,0.32293986636971045,3.0,2.9066666666666667,4
490,0.3202301410541945,0.3363028953229399,3.0,2.9066666666666667,4
500,0.3221603563474387,0.3363028953229399,3.0,2.9066666666666667,4
510,0.3265033407572383,0.34075723830734966,3.0,2.9066666666666667,4
520,0.3300296956198961,0.34743875278396436,3.0,2.9066666666666667,4
530,0.3294729027468449,0.34966592427616927,3.0,2.9066666666666667,4
540,0.3243504083147736,0.34075723830734966,3.0,2.9066666666666667,4
550,0.32535263548626575,0.34075723830734966,3.0,2.9066666666666667,4
560,0.32720861172976984,0.3429844097995546,3.0,2.9066666666666667,4
570,0.3296956198960653,0.3429844097995546,3.0,2.9066666666666667,4
580,0.33886414253897545,0.35634743875278396,3.0,2.9066666666666667,4
590,0.32590942835931697,0.34521158129175944,3.0,2.9066666666666667,4
600,0.31373422420193026,0.32962138084632514,3.0,2.9066666666666667,4
610,0.32271714922048994,0.3429844097995546,3.0,2.9066666666666667,4
620,0.3177060133630289,0.33184855233853006,3.0,2.9066666666666667,4
630,0.323645137342242,0.34075723830734966,3.0,2.9066666666666667,4
640,0.29302152932442466,0.311804008908686,3.0,2.9066666666666667,4
650,0.2920935412026726,0.30957683741648107,3.0,2.9066666666666667,4
660,0.2851521900519673,0.29398663697104677,3.0,2.9066666666666667,4
670,0.2890497401633259,0.30066815144766146,3.0,2.9066666666666667,4
680,0.30107646622123235,0.31403118040089084,3.0,2.9066666666666667,4
690,0.3009651076466221,0.30957683741648107,3.0,2.9066666666666667,4
700,0.28997772828507795,0.28507795100222716,3.0,2.9066666666666667,4
710,0.2938010393466963,0.2962138084632517,3.0,2.9066666666666667,4
720,0.31005939123979215,0.29398663697104677,3.0,2.9066666666666667,4
730,0.319079435783222,0.2984409799554566,3.0,2.9066666666666667,4
740,0.31778025241276914,0.30066815144766146,3.0,2.9066666666666667,4
750,0.31711210096510767,0.3028953229398664,3.0,2.9066666666666667,4
760,0.31688938381588716,0.3051224944320713,3.0,2.9066666666666667,4
770,0.3174461766889384,0.3028953229398664,3.0,2.9066666666666667,4
780,0.3191165553080921,0.30734966592427615,3.0,2.9066666666666667,4
790,0.3076466221232368,0.28507795100222716,3.0,2.9066666666666667,4
800,0.3149591685226429,0.2962138084632517,3.0,2.9066666666666667,4
810,0.3226429101707498,0.3051224944320713,3.0,2.9066666666666667,4
820,0.3432813659985152,0.3585746102449889,3.0,2.9066666666666667,4
830,0.3408685968819599,0.35412026726057905,3.0,2.9066666666666667,4
840,0.3348181143281366,0.34521158129175944,3.0,2.9066666666666667,4
850,0.33351893095768376,0.34075723830734966,3.0,2.9066666666666667,4
860,0.3393466963622866,0.34966592427616927,3.0,2.9066666666666667,4
870,0.32999257609502597,0.33407572383073497,3.0,2.9066666666666667,4
880,0.3307349665924276,0.33407572383073497,3.0,2.9066666666666667,4
890,0.3111729769858946,0.33853006681514475,3.0,2.9066666666666667,4
900,0.3128433556050482,0.33407572383073497,3.0,2.9066666666666667,4
910,0.31169265033407567,0.33407572383073497,3.0,2.9066666666666667,4
920,0.3129918337045286,0.33184855233853006,3.0,2.9066666666666667,4
930,0.3089829250185598,0.32516703786191536,3.0,2.9066666666666667,4
940,0.31017074981440235,0.32516703786191536,3.0,2.9066666666666667,4
950,0.3130289532293986,0.32293986636971045,3.0,2.9066666666666667,4
960,0.31328878990348924,0.3273942093541203,3.0,2.9066666666666667,4
970,0.3096139569413512,0.3207126948775056,3.0,2.9066666666666667,4
980,0.29929472902746845,0.30066815144766146,3.0,2.9066666666666667,4
990,0.2987379361544172,0.2962138084632517,3.0,2.9066666666666667,4
1000,0.303192279138827,0.30734966592427615,3.0,2.9066666666666667,4
1010,0.30541945063103193,0.30957683741648107,3.0,2.9066666666666667,4
1020,0.3278025241276912,0.33407572383073497,3.0,2.9066666666666667,4
1030,0.3273942093541203,0.3363028953229399,3.0,2.9066666666666667,4
1040,0.32821083890126207,0.33407572383073497,3.0,2.9066666666666667,4
1050,0.3371195248700817,0.34966592427616927,3.0,2.9066666666666667,4
1060,0.33433556050482555,0.34966592427616927,3.0,2.9066666666666667,4
1070,0.337750556792873,0.3429844097995546,3.0,2.9066666666666667,4
1080,0.35371195248700815,0.3674832962138085,3.0,2.9066666666666667,4
1090,0.3576095025983667,0.37193763919821826,3.0,2.9066666666666667,4
1100,0.3607646622123237,0.38084632516703787,3.0,2.9066666666666667,4
1110,0.343652561247216,0.3585746102449889,3.0,2.9066666666666667,4
1120,0.31893095768374163,0.34521158129175944,3.0,2.9066666666666667,4
1130,0.3142910170749814,0.3363028953229399,3.0,2.9066666666666667,4
1140,0.32149220489977726,0.33184855233853006,3.0,2.9066666666666667,4
1150,0.3146250927988121,0.32293986636971045,3.0,2.9066666666666667,4
1160,0.314513734224202,0.32293986636971045,3.0,2.9066666666666667,4
1170,0.3205270972531552,0.33407572383073497,3.0,2.9066666666666667,4
1180,0.32405345211581293,0.33853006681514475,3.0,2.9066666666666667,4
1190,0.32475872308834447,0.34075723830734966,3.0,2.9066666666666667,4
1200,0.3237936154417223,0.33853006681514475,3.0,2.9066666666666667,4
1210,0.32138084632516706,0.33853006681514475,3.0,2.9066666666666667,4
1220,0.33233110616184114,0.3585746102449889,3.0,2.9066666666666667,4
1230,0.33259094283593166,0.35634743875278396,3.0,2.9066666666666667,4
1240,0.3363028953229399,0.36080178173719374,3.0,2.9066666666666667,4
1250,0.33051224944320706,0.3518930957683742,3.0,2.9066666666666667,4
1260,0.33244246473645134,0.36080178173719374,3.0,2.9066666666666667,4
1270,0.3330734966592428,0.3585746102449889,3.0,2.9066666666666667,4
1280,0.32672605790645876,0.34075723830734966,3.0,2.9066666666666667,4
1290,0.33051224944320706,0.34966592427616927,3.0,2.9066666666666667,4
1300,0.3316629547141796,0.35634743875278396,3.0,2.9066666666666667,4
1310,0.31529324424647365,0.32516703786191536,3.0,2.9066666666666667,4
1320,0.3180772086117298,0.33184855233853006,3.0,2.9066666666666667,4
1330,0.3175575352635486,0.33407572383073497,3.0,2.9066666666666667,4
1340,0.333630289532294,0.36971046770601335,3.0,2.9066666666666667,4
1350,0.3349294729027468,0.36525612472160357,3.0,2.9066666666666667,4
1360,0.32969561989606533,0.36302895322939865,3.0,2.9066666666666667,4
1370,0.3307720861172977,0.36525612472160357,3.0,2.9066666666666667,4
1380,0.3312175204157386,0.36525612472160357,3.0,2.9066666666666667,4
1390,0.3172234595397179,0.3429844097995546,3.0,2.9066666666666667,4
1400,0.306347438752784,0.32516703786191536,3.0,2.9066666666666667,4
1410,0.3102821083890126,0.3273942093541203,3.0,2.9066666666666667,4
1420,0.3189309576837417,0.34521158129175944,3.0,2.9066666666666667,4
1430,0.3195619896065331,0.34521158129175944,3.0,2.9066666666666667,4
1440,0.31343726800296956,0.3363028953229399,3.0,2.9066666666666667,4
1450,0.33047512991833705,0.32516703786191536,3.0,2.9066666666666667,4
1460,0.32520415738678543,0.32962138084632514,3.0,2.9066666666666667,4
1470,0.3278025241276912,0.33407572383073497,3.0,2.9066666666666667,4
1480,0.3273570898292502,0.32293986636971045,3.0,2.9066666666666667,4
1490,0.32717149220489977,0.32293986636971045,3.0,2.9066666666666667,4
1500,0.3334818114328137,0.32962138084632514,3.0,2.9066666666666667,4
1510,0.32880475129918335,0.33407572383073497,3.0,2.9066666666666667,4
1520,0.3328878990348923,0.33853006681514475,3.0,2.9066666666666667,4
1530,0.33010393466963617,0.33407572383073497,3.0,2.9066666666666667,4
1540,0.3267631774313289,0.32962138084632514,3.0,2.9066666666666667,4
1550,0.33641425389755014,0.36080178173719374,3.0,2.9066666666666667,4
1560,0.33563474387527836,0.3585746102449889,3.0,2.9066666666666667,4
1570,0.3357089829250186,0.3585746102449889,3.0,2.9066666666666667,4
1580,0.33218262806236076,0.34521158129175944,3.0,2.9066666666666667,4
1590,0.3364513734224201,0.35412026726057905,3.0,2.9066666666666667,4
1600,0.342761692650334,0.36302895322939865,3.0,2.9066666666666667,4
1610,0.3416481069042316,0.36080178173719374,3.0,2.9066666666666667,4
1620,0.33886414253897545,0.36080178173719374,3.0,2.9066666666666667,4
1630,0.3401633259094283,0.3585746102449889,3.0,2.9066666666666667,4
1640,0.3337416481069042,0.34966592427616927,3.0,2.9066666666666667,4
1650,0.33927245731254635,0.37861915367483295,3.0,2.9066666666666667,4
1660,0.20419450631031924,0.19376391982182628,3.0,2.9066666666666667,4
1670,0.24636228656273199,0.2182628062360802,3.0,2.9066666666666667,4
1680,0.24584261321455084,0.2071269487750557,3.0,2.9066666666666667,4
1690,0.24974016332590945,0.21158129175946547,3.0,2.9066666666666667,4
1700,0.2582405345211581,0.21603563474387527,3.0,2.9066666666666667,4
1710,0.25820341499628807,0.22494432071269488,3.0,2.9066666666666667,4
1720,0.2700816629547142,0.22271714922049,3.0,2.9066666666666667,4
1730,0.27015590200445433,0.22048997772828507,3.0,2.9066666666666667,4
1740,0.2701559020044544,0.22048997772828507,3.0,2.9066666666666667,4
1750,0.2807720861172977,0.2383073496659243,3.0,2.9066666666666667,4
1760,0.2811432813659985,0.24276169265033407,3.0,2.9066666666666667,4
1770,0.28262806236080174,0.24276169265033407,3.0,2.9066666666666667,4
1780,0.28938381588715667,0.25389755011135856,3.0,2.9066666666666667,4
1790,0.28778767631774316,0.24944320712694878,3.0,2.9066666666666667,4
1800,0.2951744617668894,0.2561247216035635,3.0,2.9066666666666667,4
1810,0.31659242761692646,0.3028953229398664,3.0,2.9066666666666667,4
1820,0.31072754268745356,0.289532293986637,3.0,2.9066666666666667,4
1830,0.3046770601336303,0.2828507795100223,3.0,2.9066666666666667,4
1840,0.30456570155902,0.28507795100222716,3.0,2.9066666666666667,4
1850,0.3035634743875278,0.29398663697104677,3.0,2.9066666666666667,4
1860,0.2983296213808463,0.289532293986637,3.0,2.9066666666666667,4
1870,0.29550853749072015,0.28507795100222716,3.0,2.9066666666666667,4
1880,0.3052709725315516,0.29175946547884185,3.0,2.9066666666666667,4
1890,0.3106904231625835,0.289532293986637,3.0,2.9066666666666667,4
1900,0.30994803266518195,0.2962138084632517,3.0,2.9066666666666667,4
1910,0.307275426874536,0.3051224944320713,3.0,2.9066666666666667,4
1920,0.3041202672605791,0.33184855233853006,3.0,2.9066666666666667,4
1930,0.30356347438752784,0.32962138084632514,3.0,2.9066666666666667,4
1940,0.3069784706755753,0.33184855233853006,3.0,2.9066666666666667,4
1950,0.3273942093541203,0.3273942093541203,3.0,2.9066666666666667,4
1960,0.3326280623608018,0.3429844097995546,3.0,2.9066666666666667,4
1970,0.3453971789161098,0.3518930957683742,3.0,2.9066666666666667,4
1980,0.36184112843355604,0.36971046770601335,3.0,2.9066666666666667,4
1990,0.35812917594654786,0.36080178173719374,3.0,2.9066666666666667,4
2000,0.3708982925018559,0.39198218262806234,3.0,2.9066666666666667,4
2010,0.3638455827765405,0.38084632516703787,3.0,2.9066666666666667,4
2020,0.36458797327394205,0.3830734966592428,3.0,2.9066666666666667,4
2030,0.361395694135115,0.36971046770601335,3.0,2.9066666666666667,4
2040,0.3674832962138085,0.38530066815144765,3.0,2.9066666666666667,4
2050,0.36507052709725313,0.38530066815144765,3.0,2.9066666666666667,4
2060,0.36321455085374904,0.38752783964365256,3.0,2.9066666666666667,4
2070,0.3609873793615442,0.38084632516703787,3.0,2.9066666666666667,4
2080,0.3548626577579807,0.37193763919821826,3.0,2.9066666666666667,4
2090,0.3609873793615441,0.37861915367483295,3.0,2.9066666666666667,4
2100,0.3609873793615441,0.37861915367483295,3.0,2.9066666666666667,4
2110,0.3647735708982925,0.38752783964365256,3.0,2.9066666666666667,4
2120,0.3653303637713437,0.38752783964365256,3.0,2.9066666666666667,4
2130,0.37498144023756497,0.40311804008908686,3.0,2.9066666666666667,4
2140,0.3660727542687453,0.39198218262806234,3.0,2.9066666666666667,4
2150,0.369561989606533,0.40979955456570155,3.0,2.9066666666666667,4
2160,0.3672605790645879,0.40979955456570155,3.0,2.9066666666666667,4
2170,0.3753155159613957,0.42316258351893093,3.0,2.9066666666666667,4
2180,0.3633259094283593,0.40979955456570155,3.0,2.9066666666666667,4
2190,0.3627691165553081,0.40979955456570155,3.0,2.9066666666666667,4
2200,0.3572011878247958,0.40089086859688194,3.0,2.9066666666666667,4
2210,0.3504083147735709,0.3741648106904232,3.0,2.9066666666666667,4
2220,0.3476243504083148,0.3429844097995546,3.0,2.9066666666666667,4
2230,0.3453971789161099,0.3429844097995546,3.0,2.9066666666666667,4
2240,0.3525983667409057,0.3429844097995546,3.0,2.9066666666666667,4
2250,0.3529695619896065,0.34966592427616927,3.0,2.9066666666666667,4
2260,0.35983667409057163,0.36971046770601335,3.0,2.9066666666666667,4
2270,0.35671863400148474,0.3741648106904232,3.0,2.9066666666666667,4
2280,0.36158129175946546,0.38084632516703787,3.0,2.9066666666666667,4
2290,0.35263548626577573,0.36525612472160357,3.0,2.9066666666666667,4
2300,0.35252412769116553,0.36302895322939865,3.0,2.9066666666666667,4
2310,0.21555308092056422,0.21380846325167038,3.0,2.9066666666666667,4
2320,0.21555308092056422,0.21380846325167038,3.0,2.9066666666666667,4
2330,0.21759465478841872,0.21380846325167038,3.0,2.9066666666666667,4
2340,0.2222345953971789,0.21603563474387527,3.0,2.9066666666666667,4
2350,0.22594654788418705,0.22048997772828507,3.0,2.9066666666666667,4
2360,0.22798812175204158,0.22494432071269488,3.0,2.9066666666666667,4
2370,0.23251670378619155,0.22939866369710468,3.0,2.9066666666666667,4
2380,0.23808463251670375,0.22717149220489977,3.0,2.9066666666666667,4
2390,0.25356347438752785,0.24498886414253898,3.0,2.9066666666666667,4
2400,0.2550482553823311,0.24498886414253898,3.0,2.9066666666666667,4
2410,0.2544172234595397,0.2383073496659243,3.0,2.9066666666666667,4
2420,0.26184112843355606,0.24053452115812918,3.0,2.9066666666666667,4
2430,0.26443949517446175,0.24944320712694878,3.0,2.9066666666666667,4
2440,0.26473645137342244,0.24276169265033407,3.0,2.9066666666666667,4
2450,0.283184855233853,0.2583518930957684,3.0,2.9066666666666667,4
2460,0.2813288789903489,0.2561247216035635,3.0,2.9066666666666667,4
2470,0.2778025241276912,0.24944320712694878,3.0,2.9066666666666667,4
2480,0.28233110616184115,0.25389755011135856,3.0,2.9066666666666667,4
2490,0.28184855233853007,0.25389755011135856,3.0,2.9066666666666667,4
2500,0.28299925760950256,0.26057906458797325,3.0,2.9066666666666667,4
2510,0.283184855233853,0.26057906458797325,3.0,2.9066666666666667,4
2520,0.28233110616184115,0.26057906458797325,3.0,2.9066666666666667,4
2530,0.2811061618411284,0.26057906458797325,3.0,2.9066666666666667,4
2540,0.28184855233853007,0.2561247216035635,3.0,2.9066666666666667,4
2550,0.2790645879732739,0.2516703786191537,3.0,2.9066666666666667,4
2560,0.2757238307349666,0.24276169265033407,3.0,2.9066666666666667,4
2570,0.2893466963622866,0.26280623608017817,3.0,2.9066666666666667,4
2580,0.2932442464736451,0.26948775055679286,3.0,2.9066666666666667,4
2590,0.2944320712694877,0.26948775055679286,3.0,2.9066666666666667,4
2600,0.29554565701559016,0.2806236080178174,3.0,2.9066666666666667,4
2610,0.2998886414253897,0.289532293986637,3.0,2.9066666666666667,4
2620,0.30322939866369714,0.29398663697104677,3.0,2.9066666666666667,4
2630,0.292279138827023,0.2828507795100223,3.0,2.9066666666666667,4
2640,0.2937639198218263,0.2873051224944321,3.0,2.9066666666666667,4
2650,0.31963622865627317,0.30734966592427615,3.0,2.9066666666666667,4
2660,0.3226800296956199,0.3207126948775056,3.0,2.9066666666666667,4
2670,0.323608017817372,0.3184855233853007,3.0,2.9066666666666667,4
2680,0.3279510022271715,0.3429844097995546,3.0,2.9066666666666667,4
2690,0.33233110616184114,0.3429844097995546,3.0,2.9066666666666667,4
2700,0.33407572383073497,0.34521158129175944,3.0,2.9066666666666667,4
2710,0.3333333333333333,0.34521158129175944,3.0,2.9066666666666667,4
2720,0.33544914625092803,0.35412026726057905,3.0,2.9066666666666667,4
2730,0.3382331106161841,0.36080178173719374,3.0,2.9066666666666667,4
2740,0.30853749072011877,0.30734966592427615,3.0,2.9066666666666667,4
2750,0.30853749072011877,0.30734966592427615,3.0,2.9066666666666667,4
2760,0.3125835189309576,0.31403118040089084,3.0,2.9066666666666667,4
2770,0.3075723830734966,0.30734966592427615,3.0,2.9066666666666667,4
2780,0.3041573867854491,0.36971046770601335,3.0,2.9066666666666667,4
2790,0.3048997772828507,0.36525612472160357,3.0,2.9066666666666667,4
2800,0.2973645137342242,0.34743875278396436,3.0,2.9066666666666667,4
2810,0.2956941351150705,0.34521158129175944,3.0,2.9066666666666667,4
2820,0.29157386785449146,0.33407572383073497,3.0,2.9066666666666667,4
2830,0.28726800296956195,0.33184855233853006,3.0,2.9066666666666667,4
2840,0.28556050482553824,0.2962138084632517,3.0,2.9066666666666667,4
2850,0.28711952487008163,0.29175946547884185,3.0,2.9066666666666667,4
2860,0.3000371195248701,0.30734966592427615,3.0,2.9066666666666667,4
2870,0.3018930957683742,0.311804008908686,3.0,2.9066666666666667,4
2880,0.3158129175946548,0.33184855233853006,3.0,2.9066666666666667,4
2890,0.3171121009651076,0.33407572383073497,3.0,2.9066666666666667,4
2900,0.3184112843355605,0.33407572383073497,3.0,2.9066666666666667,4
2910,0.31113585746102446,0.32516703786191536,3.0,2.9066666666666667,4
2920,0.31521900519673346,0.32516703786191536,3.0,2.9066666666666667,4
2930,0.31425389755011135,0.3207126948775056,3.0,2.9066666666666667,4
2940,0.32345953971789165,0.3363028953229399,3.0,2.9066666666666667,4
2950,0.29402375649591683,0.31403118040089084,3.0,2.9066666666666667,4
2960,0.29406087602078695,0.30734966592427615,3.0,2.9066666666666667,4
2970,0.29439495174461766,0.30734966592427615,3.0,2.9066666666666667,4
2980,0.29699331848552335,0.30957683741648107,3.0,2.9066666666666667,4
2990,0.2996659242761693,0.311804008908686,3.0,2.9066666666666667,4
3000,0.2957312546399406,0.3051224944320713,3.0,2.9066666666666667,4
3010,0.3025612472160356,0.31625835189309576,3.0,2.9066666666666667,4
3020,0.306347438752784,0.32516703786191536,3.0,2.9066666666666667,4
3030,0.30950259836674093,0.32962138084632514,3.0,2.9066666666666667,4
3040,0.3072383073496659,0.32516703786191536,3.0,2.9066666666666667,4
3050,0.30575352635486264,0.32293986636971045,3.0,2.9066666666666667,4
3060,0.297735708982925,0.3051224944320713,3.0,2.9066666666666667,4
3070,0.3053080920564216,0.311804008908686,3.0,2.9066666666666667,4
3080,0.30827765404602825,0.32516703786191536,3.0,2.9066666666666667,4
3090,0.3066072754268745,0.32516703786191536,3.0,2.9066666666666667,4
3100,0.3035263548626578,0.3207126948775056,3.0,2.9066666666666667,4
3110,0.30389755011135855,0.3207126948775056,3.0,2.9066666666666667,4
3120,0.30463994060876015,0.32293986636971045,3.0,2.9066666666666667,4
3130,0.30909428359317,0.32293986636971045,3.0,2.9066666666666667,4
3140,0.3162954714179658,0.33853006681514475,3.0,2.9066666666666667,4
3150,0.3134743875278396,0.32516703786191536,3.0,2.9066666666666667,4
3160,0.3123236822568671,0.3184855233853007,3.0,2.9066666666666667,4
3170,0.3058277654046028,0.30957683741648107,3.0,2.9066666666666667,4
3180,0.31247216035634745,0.3051224944320713,3.0,2.9066666666666667,4
3190,0.3159613956941351,0.311804008908686,3.0,2.9066666666666667,4
3200,0.3232368225686711,0.32962138084632514,3.0,2.9066666666666667,4
3210,0.32234595397178917,0.31625835189309576,3.0,2.9066666666666667,4
3220,0.31039346696362285,0.30066815144766146,3.0,2.9066666666666667,4
3230,0.31373422420193026,0.3051224944320713,3.0,2.9066666666666667,4
3240,0.31781737193763926,0.311804008908686,3.0,2.9066666666666667,4
3250,0.31473645137342243,0.3051224944320713,3.0,2.9066666666666667,4
3260,0.3118782479584261,0.3028953229398664,3.0,2.9066666666666667,4
3270,0.30720118782479583,0.29398663697104677,3.0,2.9066666666666667,4
3280,0.3073867854491462,0.2962138084632517,3.0,2.9066666666666667,4
3290,0.30850037119524865,0.2984409799554566,3.0,2.9066666666666667,4
3300,0.3135115070527097,0.30734966592427615,3.0,2.9066666666666667,4
3310,0.3180400890868597,0.32293986636971045,3.0,2.9066666666666667,4
3320,0.321826280623608,0.3184855233853007,3.0,2.9066666666666667,4
3330,0.317743132887899,0.31403118040089084,3.0,2.9066666666666667,4
3340,0.31365998515219,0.30734966592427615,3.0,2.9066666666666667,4
3350,0.31410541945063103,0.30957683741648107,3.0,2.9066666666666667,4
3360,0.31429101707498147,0.311804008908686,3.0,2.9066666666666667,4
3370,0.3015219005196733,0.29175946547884185,3.0,2.9066666666666667,4
3380,0.29996288047512987,0.2962138084632517,3.0,2.9066666666666667,4
3390,0.30274684484038605,0.3028953229398664,3.0,2.9066666666666667,4
3400,0.30066815144766146,0.30066815144766146,3.0,2.9066666666666667,4
3410,0.31666666666666665,0.311804008908686,3.0,2.9066666666666667,4
3420,0.31395694135115065,0.31403118040089084,3.0,2.9066666666666667,4
3430,0.3012991833704528,0.30066815144766146,3.0,2.9066666666666667,4
3440,0.30590200445434296,0.30066815144766146,3.0,2.9066666666666667,4
3450,0.31247216035634745,0.311804008908686,3.0,2.9066666666666667,4
3460,0.31321455085374905,0.311804008908686,3.0,2.9066666666666667,4
3470,0.31421677802524123,0.311804008908686,3.0,2.9066666666666667,4
3480,0.3135486265775798,0.30957683741648107,3.0,2.9066666666666667,4
3490,0.30538233110616186,0.30957683741648107,3.0,2.9066666666666667,4
3500,0.30916852264291017,0.31625835189309576,3.0,2.9066666666666667,4
3510,0.3275798069784707,0.33407572383073497,3.0,2.9066666666666667,4
3520,0.3280252412769116,0.34521158129175944,3.0,2.9066666666666667,4
3530,0.33563474387527836,0.35634743875278396,3.0,2.9066666666666667,4
3540,0.33916109873793615,0.37639198218262804,3.0,2.9066666666666667,4
3550,0.3308092056421677,0.3741648106904232,3.0,2.9066666666666667,4
3560,0.3330363771343726,0.37639198218262804,3.0,2.9066666666666667,4
3570,0.32921306607275425,0.37639198218262804,3.0,2.9066666666666667,4
3580,0.3284706755753526,0.37639198218262804,3.0,2.9066666666666667,4
3590,0.32149220489977726,0.3585746102449889,3.0,2.9066666666666667,4
3600,0.31202672605790643,0.34521158129175944,3.0,2.9066666666666667,4
3610,0.31072754268745356,0.33853006681514475,3.0,2.9066666666666667,4
3620,0.3156273199703043,0.34521158129175944,3.0,2.9066666666666667,4
3630,0.3184112843355606,0.34521158129175944,3.0,2.9066666666666667,4
3640,0.31737193763919824,0.3429844097995546,3.0,2.9066666666666667,4
3650,0.3226057906458798,0.34743875278396436,3.0,2.9066666666666667,4
3660,0.31963622865627317,0.3429844097995546,3.0,2.9066666666666667,4
3670,0.3131403118040089,0.32962138084632514,3.0,2.9066666666666667,4
3680,0.31481069042316256,0.34521158129175944,3.0,2.9066666666666667,4
3690,0.3193021529324424,0.34966592427616927,3.0,2.9066666666666667,4
3700,0.32004454342984406,0.34966592427616927,3.0,2.9066666666666667,4
3710,0.32030438010393464,0.34743875278396436,3.0,2.9066666666666667,4
3720,0.32516703786191536,0.34075723830734966,3.0,2.9066666666666667,4
3730,0.3271714922048997,0.3429844097995546,3.0,2.9066666666666667,4
3740,0.3342242019302153,0.34743875278396436,3.0,2.9066666666666667,4
3750,0.3329250185597625,0.34075723830734966,3.0,2.9066666666666667,4
3760,0.338158871566444,0.34743875278396436,3.0,2.9066666666666667,4
3770,0.34046028210838897,0.34743875278396436,3.0,2.9066666666666667,4
3780,0.31306607275426873,0.31403118040089084,3.0,2.9066666666666667,4
3790,0.3108389012620638,0.311804008908686,3.0,2.9066666666666667,4
3800,0.3164810690423162,0.3184855233853007,3.0,2.9066666666666667,4
3810,0.32553823311061625,0.32293986636971045,3.0,2.9066666666666667,4
3820,0.32590942835931697,0.32293986636971045,3.0,2.9066666666666667,4
3830,0.32824795842613214,0.32516703786191536,3.0,2.9066666666666667,4
3840,0.33032665181885673,0.33407572383073497,3.0,2.9066666666666667,4
3850,0.3409799554565701,0.35412026726057905,3.0,2.9066666666666667,4
3860,0.3387156644394952,0.34743875278396436,3.0,2.9066666666666667,4
3870,0.34795842613214556,0.36080178173719374,3.0,2.9066666666666667,4
3880,0.3235708982925019,0.33853006681514475,3.0,2.9066666666666667,4
3890,0.32004454342984406,0.33407572383073497,3.0,2.9066666666666667,4
3900,0.32568671121009657,0.34521158129175944,3.0,2.9066666666666667,4
3910,0.3300296956198961,0.35634743875278396,3.0,2.9066666666666667,4
3920,0.3342984409799555,0.36525612472160357,3.0,2.9066666666666667,4
3930,0.3354120267260579,0.37193763919821826,3.0,2.9066666666666667,4
3940,0.30063103192279134,0.3363028953229399,3.0,2.9066666666666667,4
3950,0.301373422420193,0.33853006681514475,3.0,2.9066666666666667,4
3960,0.3036005939123979,0.33853006681514475,3.0,2.9066666666666667,4
3970,0.3061989606533036,0.34075723830734966,3.0,2.9066666666666667,4
3980,0.30701559020044533,0.34075723830734966,3.0,2.9066666666666667,4
3990,0.3041573867854491,0.32962138084632514,3.0,2.9066666666666667,4
4000,0.3051224944320713,0.3207126948775056,3.0,2.9066666666666667,4
4010,0.3010393466963623,0.30957683741648107,3.0,2.9066666666666667,4
4020,0.3079064587973274,0.31625835189309576,3.0,2.9066666666666667,4
4030,0.30426874536005943,0.311804008908686,3.0,2.9066666666666667,4
4040,0.304083147735709,0.311804008908686,3.0,2.9066666666666667,4
4050,0.3105419450631032,0.3184855233853007,3.0,2.9066666666666667,4
4060,0.30734966592427615,0.311804008908686,3.0,2.9066666666666667,4
4070,0.3068671121009651,0.3051224944320713,3.0,2.9066666666666667,4
4080,0.3059391239792131,0.3028953229398664,3.0,2.9066666666666667,4
4090,0.31466221232368224,0.31403118040089084,3.0,2.9066666666666667,4
4100,0.32197475872308834,0.30957683741648107,3.0,2.9066666666666667,4
4110,0.32661469933184856,0.32516703786191536,3.0,2.9066666666666667,4
4120,0.3271714922048997,0.33407572383073497,3.0,2.9066666666666667,4
4130,0.3275426874536006,0.33407572383073497,3.0,2.9066666666666667,4
4140,0.3275426874536006,0.33184855233853006,3.0,2.9066666666666667,4
4150,0.32212323682256866,0.3273942093541203,3.0,2.9066666666666667,4
4160,0.3224573125463995,0.32293986636971045,3.0,2.9066666666666667,4
4170,0.32401633259094287,0.32293986636971045,3.0,2.9066666666666667,4
4180,0.31143281365998515,0.31403118040089084,3.0,2.9066666666666667,4
4190,0.30957683741648107,0.30957683741648107,3.0,2.9066666666666667,4
4200,0.3131031922791388,0.3207126948775056,3.0,2.9066666666666667,4
4210,0.31551596139569416,0.32516703786191536,3.0,2.9066666666666667,4
4220,0.31622123236822575,0.3184855233853007,3.0,2.9066666666666667,4
4230,0.31648106904231627,0.31625835189309576,3.0,2.9066666666666667,4
4240,0.3198218262806236,0.3207126948775056,3.0,2.9066666666666667,4
4250,0.32331106161841133,0.32962138084632514,3.0,2.9066666666666667,4
4260,0.3189309576837417,0.32962138084632514,3.0,2.9066666666666667,4
4270,0.32097253155159616,0.3363028953229399,3.0,2.9066666666666667,4
4280,0.32093541202672604,0.33407572383073497,3.0,2.9066666666666667,4
4290,0.32056421677802527,0.33407572383073497,3.0,2.9066666666666667,4
4300,0.31373422420193026,0.32516703786191536,3.0,2.9066666666666667,4
4310,0.32616926503340754,0.34075723830734966,3.0,2.9066666666666667,4
4320,0.2842984409799555,0.33184855233853006,3.0,2.9066666666666667,4
4330,0.28492947290274684,0.33184855233853006,3.0,2.9066666666666667,4
4340,0.2816629547141797,0.32516703786191536,3.0,2.9066666666666667,4
4350,0.28452115812917594,0.3273942093541203,3.0,2.9066666666666667,4
4360,0.279064587973274,0.26057906458797325,3.0,2.9066666666666667,4
4370,0.28567186340014844,0.26280623608017817,3.0,2.9066666666666667,4
4380,0.29394951744617664,0.2739420935412027,3.0,2.9066666666666667,4
4390,0.29253897550111363,0.27616926503340755,3.0,2.9066666666666667,4
4400,0.29183370452858204,0.267260579064588,3.0,2.9066666666666667,4
4410,0.2915367483296214,0.26280623608017817,3.0,2.9066666666666667,4
4420,0.292724573125464,0.2583518930957684,3.0,2.9066666666666667,4
4430,0.305902004454343,0.27616926503340755,3.0,2.9066666666666667,4
4440,0.3005939123979213,0.26948775055679286,3.0,2.9066666666666667,4
4450,0.29647364513734226,0.26948775055679286,3.0,2.9066666666666667,4
4460,0.29591685226429104,0.267260579064588,3.0,2.9066666666666667,4
4470,0.29944320712694883,0.2739420935412027,3.0,2.9066666666666667,4
4480,0.30285820341499625,0.2806236080178174,3.0,2.9066666666666667,4
4490,0.30601336302895316,0.2806236080178174,3.0,2.9066666666666667,4
0,0.3420564216778025,0.2873051224944321,4.0,4.02,0
10,0.34491462509279885,0.29398663697104677,4.0,4.02,0
20,0.3505196733481811,0.3051224944320713,4.0,4.02,0
30,0.33982925018559756,0.29175946547884185,4.0,4.02,0
40,0.3488121752041574,0.2962138084632517,4.0,4.02,0
50,0.35471417965850033,0.30066815144766146,4.0,4.02,0
60,0.3484780994803266,0.3051224944320713,4.0,4.02,0
70,0.3522271714922049,0.32293986636971045,4.0,4.02,0
80,0.35519673348181147,0.3273942093541203,4.0,4.02,0
90,0.3497401633259094,0.31403118040089084,4.0,4.02,0
100,0.34836674090571645,0.31403118040089084,4.0,4.02,0
110,0.3464365256124722,0.30066815144766146,4.0,4.02,0
120,0.3529324424647364,0.30957683741648107,4.0,4.02,0
130,0.3560504825538233,0.3273942093541203,4.0,4.02,0
140,0.3539717891610987,0.3273942093541203,4.0,4.02,0
150,0.35267260579064585,0.3273942093541203,4.0,4.02,0
160,0.34896065330363774,0.30734966592427615,4.0,4.02,0
170,0.3361172976985895,0.29398663697104677,4.0,4.02,0
180,0.33296213808463254,0.29398663697104677,4.0,4.02,0
190,0.2878619153674833,0.23608017817371937,4.0,4.02,0
200,0.28789903489235336,0.2383073496659243,4.0,4.02,0
210,0.28875278396436527,0.24053452115812918,4.0,4.02,0
220,0.32516703786191536,0.2806236080178174,4.0,4.02,0
230,0.3151447661469933,0.2516703786191537,4.0,4.02,0
240,0.3184484038604306,0.25389755011135856,4.0,4.02,0
250,0.3172234595397179,0.2516703786191537,4.0,4.02,0
260,0.31585003711952486,0.2516703786191537,4.0,4.02,0
270,0.3189309576837417,0.25389755011135856,4.0,4.02,0
280,0.33496659242761695,0.26280623608017817,4.0,4.02,0
290,0.3408314773570899,0.2650334075723831,4.0,4.02,0
300,0.3377505567928731,0.2650334075723831,4.0,4.02,0
310,0.3246473645137342,0.26280623608017817,4.0,4.02,0
320,0.3190423162583519,0.25389755011135856,4.0,4.02,0
330,0.31930215293244246,0.267260579064588,4.0,4.02,0
340,0.32030438010393464,0.267260579064588,4.0,4.02,0
350,0.32880475129918335,0.2717149220489978,4.0,4.02,0
360,0.33526354862657753,0.289532293986637,4.0,4.02,0
370,0.28244246473645135,0.2583518930957684,4.0,4.02,0
380,0.31681514476614697,0.25389755011135856,4.0,4.02,0
390,0.339086859688196,0.2873051224944321,4.0,4.02,0
400,0.34005196733481813,0.28507795100222716,4.0,4.02,0
410,0.3392724573125464,0.2873051224944321,4.0,4.02,0
420,0.33734224201930213,0.2873051224944321,4.0,4.02,0
430,0.34001484780994806,0.2873051224944321,4.0,4.02,0
440,0.349072011878248,0.2984409799554566,4.0,4.02,0
450,0.35445434298440975,0.311804008908686,4.0,4.02,0
460,0.34198218262806235,0.2873051224944321,4.0,4.02,0
470,0.3425389755011136,0.28507795100222716,4.0,4.02,0
480,0.35059391239792137,0.32293986636971045,4.0,4.02,0
490,0.34803266518188564,0.31403118040089084,4.0,4.02,0
500,0.35040831477357093,0.30734966592427615,4.0,4.02,0
510,0.3535263548626577,0.311804008908686,4.0,4.02,0
520,0.2910541945063103,0.2717149220489978,4.0,4.02,0
530,0.2979584261321455,0.2828507795100223,4.0,4.02,0
540,0.3015219005196733,0.2828507795100223,4.0,4.02,0
550,0.3064587973273943,0.27839643652561247,4.0,4.02,0
560,0.3072383073496659,0.2739420935412027,4.0,4.02,0
570,0.30861172976985896,0.2739420935412027,4.0,4.02,0
580,0.2989606533036377,0.24721603563474387,4.0,4.02,0
590,0.305456570155902,0.2516703786191537,4.0,4.02,0
600,0.3044172234595397,0.24944320712694878,4.0,4.02,0
610,0.315924276169265,0.26057906458797325,4.0,4.02,0
620,0.3178916109873794,0.26280623608017817,4.0,4.02,0
630,0.3156644394951744,0.26280623608017817,4.0,4.02,0
640,0.3171863400148478,0.2561247216035635,4.0,4.02,0
650,0.3207498144023756,0.26280623608017817,4.0,4.02,0
660,0.3212694877505568,0.2561247216035635,4.0,4.02,0
670,0.3296956198960654,0.2650334075723831,4.0,4.02,0
680,0.3377876763177432,0.2739420935412027,4.0,4.02,0
690,0.33433556050482555,0.26280623608017817,4.0,4.02,0
700,0.3311804008908686,0.2583518930957684,4.0,4.02,0
710,0.33311061618411286,0.26280623608017817,4.0,4.02,0
720,0.33567186340014843,0.2717149220489978,4.0,4.02,0
730,0.32026726057906457,0.2873051224944321,4.0,4.02,0
740,0.3203414996288047,0.2828507795100223,4.0,4.02,0
750,0.31997030438010393,0.27839643652561247,4.0,4.02,0
760,0.3294729027468449,0.28507795100222716,4.0,4.02,0
770,0.3305493689680772,0.2873051224944321,4.0,4.02,0
780,0.3280623608017817,0.2806236080178174,4.0,4.02,0
790,0.3465850037119525,0.2739420935412027,4.0,4.02,0
800,0.3561618411284336,0.3028953229398664,4.0,4.02,0
810,0.35675575352635486,0.31403118040089084,4.0,4.02,0
820,0.3587230883444692,0.31403118040089084,4.0,4.02,0
830,0.3621380846325167,0.31625835189309576,4.0,4.02,0
840,0.3595025983667409,0.30957683741648107,4.0,4.02,0
850,0.3544172234595397,0.30734966592427615,4.0,4.02,0
860,0.3497401633259094,0.3028953229398664,4.0,4.02,0
870,0.34858945805493685,0.29398663697104677,4.0,4.02,0
880,0.34625092798812174,0.29175946547884185,4.0,4.02,0
890,0.3456198960653304,0.289532293986637,4.0,4.02,0
900,0.3478841870824053,0.29398663697104677,4.0,4.02,0
910,0.35515961395694134,0.31625835189309576,4.0,4.02,0
920,0.3549740163325909,0.3207126948775056,4.0,4.02,0
930,0.3514476614699332,0.31625835189309576,4.0,4.02,0
940,0.3511878247958426,0.3184855233853007,4.0,4.02,0
950,0.3467706013363029,0.3028953229398664,4.0,4.02,0
960,0.35389755011135854,0.311804008908686,4.0,4.02,0
970,0.3539717891610987,0.30734966592427615,4.0,4.02,0
980,0.3539717891610987,0.3051224944320713,4.0,4.02,0
990,0.36254639940608757,0.3051224944320713,4.0,4.02,0
1000,0.3795842613214551,0.3363028953229399,4.0,4.02,0
1010,0.3710467706013363,0.3273942093541203,4.0,4.02,0
1020,0.32783964365256124,0.27839643652561247,4.0,4.02,0
1030,0.33025241276911654,0.2828507795100223,4.0,4.02,0
1040,0.3342242019302153,0.2806236080178174,4.0,4.02,0
1050,0.3307349665924276,0.27616926503340755,4.0,4.02,0
1060,0.3307349665924276,0.27616926503340755,4.0,4.02,0
1070,0.33871566443949513,0.2828507795100223,4.0,4.02,0
1080,0.33567186340014843,0.289532293986637,4.0,4.02,0
1090,0.3330363771343726,0.2873051224944321,4.0,4.02,0
1100,0.3332590942835931,0.29175946547884185,4.0,4.02,0
1110,0.33195991091314025,0.2873051224944321,4.0,4.02,0
1120,0.33377876763177433,0.28507795100222716,4.0,4.02,0
1130,0.33771343726800296,0.289532293986637,4.0,4.02,0
1140,0.33927245731254635,0.289532293986637,4.0,4.02,0
1150,0.3420193021529324,0.2984409799554566,4.0,4.02,0
1160,0.35289532293986636,0.3184855233853007,4.0,4.02,0
1170,0.3536748329621381,0.33184855233853006,4.0,4.02,0
1180,0.3533036377134373,0.3273942093541203,4.0,4.02,0
1190,0.33971789161098737,0.2962138084632517,4.0,4.02,0
1200,0.3487750556792873,0.30734966592427615,4.0,4.02,0
1210,0.35174461766889387,0.311804008908686,4.0,4.02,0
1220,0.3268745360059391,0.27616926503340755,4.0,4.02,0
1230,0.32847067557535264,0.27839643652561247,4.0,4.02,0
1240,0.3321455085374907,0.2806236080178174,4.0,4.02,0
1250,0.34847809948032665,0.3051224944320713,4.0,4.02,0
1260,0.34227913882702304,0.32293986636971045,4.0,4.02,0
1270,0.333184855233853,0.31403118040089084,4.0,4.02,0
1280,0.33329621380846325,0.30957683741648107,4.0,4.02,0
1290,0.33682256867112104,0.31625835189309576,4.0,4.02,0
1300,0.33589458054936894,0.311804008908686,4.0,4.02,0
1310,0.3364884929472902,0.311804008908686,4.0,4.02,0
1320,0.3342242019302153,0.30734966592427615,4.0,4.02,0
1330,0.337750556792873,0.3028953229398664,4.0,4.02,0
1340,0.33337045285820344,0.2962138084632517,4.0,4.02,0
1350,0.33830734966592424,0.30066815144766146,4.0,4.02,0
1360,0.21655530809205642,0.1403118040089087,4.0,4.02,0
1370,0.22190051967334817,0.1447661469933185,4.0,4.02,0
1380,0.24027468448403858,0.16258351893095768,4.0,4.02,0
1390,0.2469933184855234,0.1714922048997773,4.0,4.02,0
1400,0.25122494432071274,0.1714922048997773,4.0,4.02,0
1410,0.24877505567928732,0.15812917594654788,4.0,4.02,0
1420,0.25671863400148476,0.16926503340757237,4.0,4.02,0
1430,0.259576837416481,0.16703786191536749,4.0,4.02,0
1440,0.2675946547884187,0.17817371937639198,4.0,4.02,0
1450,0.27301410541945065,0.1915367483296214,4.0,4.02,0
1460,0.2806236080178174,0.20489977728285078,4.0,4.02,0
1470,0.2952858203414996,0.22939866369710468,4.0,4.02,0
1480,0.2949517446176689,0.22717149220489977,4.0,4.02,0
1490,0.2978470675575353,0.23162583518930957,4.0,4.02,0
1500,0.29851521900519673,0.23608017817371937,4.0,4.02,0
1510,0.325463994060876,0.25389755011135856,4.0,4.02,0
1520,0.31377134372680027,0.26280623608017817,4.0,4.02,0
1530,0.3167037861915368,0.2650334075723831,4.0,4.02,0
1540,0.3174090571640683,0.26280623608017817,4.0,4.02,0
1550,0.3258723088344469,0.2806236080178174,4.0,4.02,0
1560,0.3290274684484038,0.2717149220489978,4.0,4.02,0
1570,0.321826280623608,0.2650334075723831,4.0,4.02,0
1580,0.3253897550111358,0.2717149220489978,4.0,4.02,0
1590,0.3331477357089829,0.29175946547884185,4.0,4.02,0
1600,0.34573125463994064,0.30734966592427615,4.0,4.02,0
1610,0.33329621380846325,0.28507795100222716,4.0,4.02,0
1620,0.3376020786933927,0.289532293986637,4.0,4.02,0
1630,0.30077951002227177,0.267260579064588,4.0,4.02,0
1640,0.3245360059391239,0.27839643652561247,4.0,4.02,0
1650,0.3221974758723088,0.2739420935412027,4.0,4.02,0
1660,0.3154046028210839,0.2650334075723831,4.0,4.02,0
1670,0.3192650334075724,0.2583518930957684,4.0,4.02,0
1680,0.34855233853006684,0.28507795100222716,4.0,4.02,0
1690,0.3452858203414996,0.2828507795100223,4.0,4.02,0
1700,0.3423904974016333,0.27839643652561247,4.0,4.02,0
1710,0.3478099480326652,0.2873051224944321,4.0,4.02,0
1720,0.3218634001484781,0.2962138084632517,4.0,4.02,0
1730,0.316369710467706,0.2873051224944321,4.0,4.02,0
1740,0.3132887899034893,0.27839643652561247,4.0,4.02,0
1750,0.3146250927988122,0.2739420935412027,4.0,4.02,0
1760,0.33092056421677807,0.2962138084632517,4.0,4.02,0
1770,0.3337787676317743,0.3051224944320713,4.0,4.02,0
1780,0.3258351893095769,0.289532293986637,4.0,4.02,0
1790,0.3231997030438011,0.28507795100222716,4.0,4.02,0
1800,0.3164068299925761,0.2739420935412027,4.0,4.02,0
1810,0.3238678544914625,0.28507795100222716,4.0,4.02,0
1820,0.3306978470675575,0.2739420935412027,4.0,4.02,0
1830,0.3307349665924276,0.27616926503340755,4.0,4.02,0
1840,0.3247216035634744,0.26280623608017817,4.0,4.02,0
1850,0.32683741648106907,0.267260579064588,4.0,4.02,0
1860,0.3312546399406087,0.2739420935412027,4.0,4.02,0
1870,0.3283593170007424,0.26948775055679286,4.0,4.02,0
1880,0.3394951744617669,0.2806236080178174,4.0,4.02,0
1890,0.3576095025983667,0.311804008908686,4.0,4.02,0
1900,0.3287676317743133,0.29175946547884185,4.0,4.02,0
1910,0.3399406087602079,0.2962138084632517,4.0,4.02,0
1920,0.33195991091314025,0.2650334075723831,4.0,4.02,0
1930,0.3402375649591685,0.28507795100222716,4.0,4.02,0
1940,0.3413140311804009,0.2806236080178174,4.0,4.02,0
1950,0.3314773570898293,0.2739420935412027,4.0,4.02,0
1960,0.32995545657015585,0.27616926503340755,4.0,4.02,0
1970,0.3331477357089829,0.27839643652561247,4.0,4.02,0
1980,0.33247958426132146,0.27839643652561247,4.0,4.02,0
1990,0.3317743132887899,0.27839643652561247,4.0,4.02,0
2000,0.33377876763177433,0.2806236080178174,4.0,4.02,0
2010,0.33674832962138085,0.2828507795100223,4.0,4.02,0
2020,0.3319599109131403,0.2717149220489978,4.0,4.02,0
2030,0.3346696362286563,0.2717149220489978,4.0,4.02,0
2040,0.3357461024498886,0.27839643652561247,4.0,4.02,0
2050,0.33600593912397925,0.27839643652561247,4.0,4.02,0
2060,0.33110616184112845,0.27839643652561247,4.0,4.02,0
2070,0.3342984409799554,0.27839643652561247,4.0,4.02,0
2080,0.32821083890126207,0.26948775055679286,4.0,4.02,0
2090,0.32787676317743125,0.2717149220489978,4.0,4.02,0
2100,0.32568671121009646,0.26948775055679286,4.0,4.02,0
2110,0.32657757980697844,0.27616926503340755,4.0,4.02,0
2120,0.32969561989606533,0.2717149220489978,4.0,4.02,0
2130,0.3418708240534521,0.2828507795100223,4.0,4.02,0
2140,0.3452487008166295,0.2828507795100223,4.0,4.02,0
2150,0.339569413511507,0.26948775055679286,4.0,4.02,0
2160,0.34910913140311806,0.28507795100222716,4.0,4.02,0
2170,0.3328136599851522,0.311804008908686,4.0,4.02,0
2180,0.3299183370452858,0.3051224944320713,4.0,4.02,0
2190,0.33225686711210095,0.30734966592427615,4.0,4.02,0
2200,0.33522642910170747,0.30066815144766146,4.0,4.02,0
2210,0.33964365256124723,0.3028953229398664,4.0,4.02,0
2220,0.3387156644394952,0.3028953229398664,4.0,4.02,0
2230,0.3402746844840386,0.3051224944320713,4.0,4.02,0
2240,0.3224944320712695,0.267260579064588,4.0,4.02,0
2250,0.32854491462509283,0.26948775055679286,4.0,4.02,0
2260,0.3262806236080178,0.26948775055679286,4.0,4.02,0
2270,0.3220861172976986,0.2583518930957684,4.0,4.02,0
2280,0.3355233853006681,0.2717149220489978,4.0,4.02,0
2290,0.350927988121752,0.29398663697104677,4.0,4.02,0
2300,0.3597995545657015,0.3028953229398664,4.0,4.02,0
2310,0.3596881959910913,0.2984409799554566,4.0,4.02,0
2320,0.3580920564216778,0.2962138084632517,4.0,4.02,0
2330,0.35181885671863394,0.27839643652561247,4.0,4.02,0
2340,0.3544172234595397,0.2873051224944321,4.0,4.02,0
2350,0.3341128433556051,0.30066815144766146,4.0,4.02,0
2360,0.3358203414996288,0.30066815144766146,4.0,4.02,0
2370,0.32156644394951744,0.27839643652561247,4.0,4.02,0
2380,0.3132516703786192,0.2650334075723831,4.0,4.02,0
2390,0.31477357089829244,0.26280623608017817,4.0,4.02,0
2400,0.3154788418708241,0.2583518930957684,4.0,4.02,0
2410,0.31833704528582035,0.26057906458797325,4.0,4.02,0
2420,0.31874536005939125,0.26280623608017817,4.0,4.02,0
2430,0.33797327394209353,0.2828507795100223,4.0,4.02,0
2440,0.34458054936896815,0.29175946547884185,4.0,4.02,0
2450,0.35315515961395694,0.311804008908686,4.0,4.02,0
2460,0.3455085374907201,0.30066815144766146,4.0,4.02,0
2470,0.34755011135857455,0.3028953229398664,4.0,4.02,0
2480,0.342761692650334,0.29398663697104677,4.0,4.02,0
2490,0.34042316258351896,0.29175946547884185,4.0,4.02,0
2500,0.34101707498144024,0.28507795100222716,4.0,4.02,0
2510,0.3432813659985152,0.27616926503340755,4.0,4.02,0
2520,0.34342984409799554,0.27616926503340755,4.0,4.02,0
2530,0.34116555308092056,0.2650334075723831,4.0,4.02,0
2540,0.34112843355605055,0.2650334075723831,4.0,4.02,0
2550,0.3451744617668894,0.26948775055679286,4.0,4.02,0
2560,0.34584261321455084,0.26948775055679286,4.0,4.02,0
2570,0.3493318485523385,0.2806236080178174,4.0,4.02,0
2580,0.35356347438752783,0.29398663697104677,4.0,4.02,0
2590,0.3597253155159614,0.3051224944320713,4.0,4.02,0
2600,0.36351150705270974,0.3051224944320713,4.0,4.02,0
2610,0.35103934669636233,0.3051224944320713,4.0,4.02,0
2620,0.35237564959168516,0.31625835189309576,4.0,4.02,0
2630,0.3373422420193021,0.2806236080178174,4.0,4.02,0
2640,0.33556050482553823,0.27616926503340755,4.0,4.02,0
2650,0.3412026726057906,0.2739420935412027,4.0,4.02,0
2660,0.3382702301410542,0.2717149220489978,4.0,4.02,0
2670,0.3318856718634001,0.2583518930957684,4.0,4.02,0
2680,0.34279881217520414,0.267260579064588,4.0,4.02,0
2690,0.33652561247216034,0.2561247216035635,4.0,4.02,0
2700,0.3395322939866369,0.26057906458797325,4.0,4.02,0
2710,0.36154417223459534,0.29175946547884185,4.0,4.02,0
2720,0.365033407572383,0.2984409799554566,4.0,4.02,0
2730,0.3630660727542687,0.2984409799554566,4.0,4.02,0
2740,0.3655159613956941,0.2962138084632517,4.0,4.02,0
2750,0.3648478099480327,0.2984409799554566,4.0,4.02,0
2760,0.3598737936154417,0.29398663697104677,4.0,4.02,0
2770,0.3573125463994061,0.2873051224944321,4.0,4.02,0
2780,0.3587230883444692,0.29175946547884185,4.0,4.02,0
2790,0.35660727542687454,0.29398663697104677,4.0,4.02,0
2800,0.3560876020786934,0.29175946547884185,4.0,4.02,0
2810,0.3467334818114328,0.2873051224944321,4.0,4.02,0
2820,0.3519302152932442,0.29398663697104677,4.0,4.02,0
2830,0.3550482553823311,0.2962138084632517,4.0,4.02,0
2840,0.3532665181885672,0.31625835189309576,4.0,4.02,0
2850,0.34858945805493685,0.3051224944320713,4.0,4.02,0
2860,0.3445805493689681,0.2984409799554566,4.0,4.02,0
2870,0.34398663697104676,0.30066815144766146,4.0,4.02,0
2880,0.32542687453600594,0.2739420935412027,4.0,4.02,0
2890,0.3224573125463994,0.26280623608017817,4.0,4.02,0
2900,0.31625835189309576,0.2583518930957684,4.0,4.02,0
2910,0.3168151447661469,0.2583518930957684,4.0,4.02,0
2920,0.3224201930215293,0.2650334075723831,4.0,4.02,0
2930,0.3212694877505568,0.2717149220489978,4.0,4.02,0
2940,0.3291388270230141,0.29398663697104677,4.0,4.02,0
2950,0.32197475872308834,0.26948775055679286,4.0,4.02,0
2960,0.3233110616184113,0.2717149220489978,4.0,4.02,0
2970,0.3318856718634001,0.289532293986637,4.0,4.02,0
2980,0.32030438010393464,0.27616926503340755,4.0,4.02,0
2990,0.31373422420193026,0.2561247216035635,4.0,4.02,0
3000,0.3172234595397179,0.2583518930957684,4.0,4.02,0
3010,0.31061618411284336,0.23608017817371937,4.0,4.02,0
3020,0.3140682999257609,0.24053452115812918,4.0,4.02,0
3030,0.31451373422420187,0.24053452115812918,4.0,4.02,0
3040,0.31933927245731253,0.24498886414253898,4.0,4.02,0
3050,0.31952487008166297,0.24721603563474387,4.0,4.02,0
3060,0.28292501855976243,0.2182628062360802,4.0,4.02,0
3070,0.2873051224944321,0.22939866369710468,4.0,4.02,0
3080,0.2878247958426132,0.23385300668151449,4.0,4.02,0
3090,0.2935040831477358,0.23608017817371937,4.0,4.02,0
3100,0.3132887899034893,0.25389755011135856,4.0,4.02,0
3110,0.31625835189309576,0.25389755011135856,4.0,4.02,0
3120,0.32260579064587974,0.2516703786191537,4.0,4.02,0
3130,0.3336674090571641,0.26280623608017817,4.0,4.02,0
3140,0.33344469190794357,0.2650334075723831,4.0,4.02,0
3150,0.33400148478099473,0.2650334075723831,4.0,4.02,0
3160,0.3420193021529324,0.27616926503340755,4.0,4.02,0
3170,0.33080920564216776,0.26280623608017817,4.0,4.02,0
3180,0.3495916852264291,0.2962138084632517,4.0,4.02,0
3190,0.352709725315516,0.29175946547884185,4.0,4.02,0
3200,0.35174461766889387,0.289532293986637,4.0,4.02,0
3210,0.36325167037861916,0.3028953229398664,4.0,4.02,0
3220,0.36607275426874536,0.31403118040089084,4.0,4.02,0
3230,0.296362286562732,0.2650334075723831,4.0,4.02,0
3240,0.3123608017817372,0.26948775055679286,4.0,4.02,0
3250,0.3111729769858946,0.26280623608017817,4.0,4.02,0
3260,0.3127319970304381,0.26280623608017817,4.0,4.02,0
3270,0.31726057906458793,0.26057906458797325,4.0,4.02,0
3280,0.3151076466221232,0.2561247216035635,4.0,4.02,0
3290,0.31833704528582035,0.2583518930957684,4.0,4.02,0
3300,0.32847067557535264,0.26057906458797325,4.0,4.02,0
3310,0.3317743132887899,0.26057906458797325,4.0,4.02,0
3320,0.3439495174461767,0.2739420935412027,4.0,4.02,0
3330,0.3446919079435783,0.2806236080178174,4.0,4.02,0
3340,0.3453971789161098,0.27616926503340755,4.0,4.02,0
3350,0.35196733481811426,0.289532293986637,4.0,4.02,0
3360,0.3403860430586488,0.2717149220489978,4.0,4.02,0
3370,0.31625835189309576,0.26280623608017817,4.0,4.02,0
3380,0.31477357089829244,0.2516703786191537,4.0,4.02,0
3390,0.3274684484038604,0.26280623608017817,4.0,4.02,0
3400,0.3265404602821084,0.26280623608017817,4.0,4.02,0
3410,0.3347067557535264,0.27616926503340755,4.0,4.02,0
3420,0.3343726800296956,0.27839643652561247,4.0,4.02,0
3430,0.33129175946547884,0.2739420935412027,4.0,4.02,0
3440,0.33370452858203414,0.27616926503340755,4.0,4.02,0
3450,0.3362657757980698,0.2739420935412027,4.0,4.02,0
3460,0.3400890868596882,0.27616926503340755,4.0,4.02,0
3470,0.3355605048255383,0.26948775055679286,4.0,4.02,0
3480,0.33318485523385305,0.2717149220489978,4.0,4.02,0
3490,0.3319599109131403,0.267260579064588,4.0,4.02,0
3500,0.3319599109131403,0.267260579064588,4.0,4.02,0
3510,0.341833704528582,0.267260579064588,4.0,4.02,0
3520,0.36002227171492207,0.3207126948775056,4.0,4.02,0
3530,0.359539717891611,0.31625835189309576,4.0,4.02,0
3540,0.366369710467706,0.32962138084632514,4.0,4.02,0
3550,0.36477357089829254,0.32516703786191536,4.0,4.02,0
3560,0.36102449888641425,0.31403118040089084,4.0,4.02,0
3570,0.3618782479584261,0.3184855233853007,4.0,4.02,0
3580,0.3661469933184855,0.32293986636971045,4.0,4.02,0
3590,0.3665553080920564,0.3207126948775056,4.0,4.02,0
3600,0.3648849294729027,0.32962138084632514,4.0,4.02,0
3610,0.36818856718634,0.33853006681514475,4.0,4.02,0
3620,0.35096510764662214,0.31403118040089084,4.0,4.02,0
3630,0.361395694135115,0.33853006681514475,4.0,4.02,0
3640,0.36221232368225686,0.34075723830734966,4.0,4.02,0
3650,0.3614328136599851,0.34743875278396436,4.0,4.02,0
3660,0.35775798069784703,0.34075723830734966,4.0,4.02,0
3670,0.3599480326651819,0.34075723830734966,4.0,4.02,0
3680,0.35809205642167785,0.3363028953229399,4.0,4.02,0
3690,0.36870824053452117,0.34966592427616927,4.0,4.02,0
3700,0.36544172234595396,0.34966592427616927,4.0,4.02,0
3710,0.3612843355605048,0.34075723830734966,4.0,4.02,0
3720,0.3631403118040089,0.3363028953229399,4.0,4.02,0
3730,0.36113585746102445,0.3363028953229399,4.0,4.02,0
3740,0.3499628804751299,0.2962138084632517,4.0,4.02,0
3750,0.3484780994803266,0.29398663697104677,4.0,4.02,0
3760,0.3490348923533778,0.29398663697104677,4.0,4.02,0
3770,0.3392724573125464,0.2806236080178174,4.0,4.02,0
3780,0.3433927245731255,0.29398663697104677,4.0,4.02,0
3790,0.3587602078693392,0.3051224944320713,4.0,4.02,0
3800,0.361395694135115,0.311804008908686,4.0,4.02,0
3810,0.36150705270972533,0.30957683741648107,4.0,4.02,0
3820,0.3633259094283593,0.311804008908686,4.0,4.02,0
3830,0.3518930957683742,0.3028953229398664,4.0,4.02,0
3840,0.3534892353377877,0.3051224944320713,4.0,4.02,0
3850,0.3523385300668151,0.3028953229398664,4.0,4.02,0
3860,0.3497772828507795,0.2962138084632517,4.0,4.02,0
3870,0.3435412026726058,0.2962138084632517,4.0,4.02,0
3880,0.3450631031922792,0.2984409799554566,4.0,4.02,0
3890,0.3420935412026726,0.2962138084632517,4.0,4.02,0
3900,0.3347067557535264,0.2828507795100223,4.0,4.02,0
3910,0.3351521900519674,0.2828507795100223,4.0,4.02,0
3920,0.3402746844840386,0.2873051224944321,4.0,4.02,0
3930,0.3284335560504825,0.27616926503340755,4.0,4.02,0
3940,0.3233481811432814,0.26948775055679286,4.0,4.02,0
3950,0.3245731254639941,0.267260579064588,4.0,4.02,0
3960,0.34342984409799554,0.2739420935412027,4.0,4.02,0
3970,0.34907201187824793,0.2806236080178174,4.0,4.02,0
3980,0.35642167780252415,0.29175946547884185,4.0,4.02,0
3990,0.33723088344469193,0.2806236080178174,4.0,4.02,0
4000,0.3439495174461767,0.27839643652561247,4.0,4.02,0
4010,0.3429472902746845,0.289532293986637,4.0,4.02,0
4020,0.3387156644394952,0.2873051224944321,4.0,4.02,0
4030,0.33968077208611724,0.2873051224944321,4.0,4.02,0
4040,0.3381588715664439,0.2828507795100223,4.0,4.02,0
4050,0.3416852264291017,0.2828507795100223,4.0,4.02,0
4060,0.33875278396436526,0.2828507795100223,4.0,4.02,0
4070,0.3463251670378619,0.30734966592427615,4.0,4.02,0
4080,0.3446176688938382,0.30066815144766146,4.0,4.02,0
4090,0.3414253897550112,0.2962138084632517,4.0,4.02,0
4100,0.33377876763177433,0.28507795100222716,4.0,4.02,0
4110,0.3348552338530067,0.28507795100222716,4.0,4.02,0
4120,0.3338530066815144,0.28507795100222716,4.0,4.02,0
4130,0.3264662212323682,0.2984409799554566,4.0,4.02,0
4140,0.3260950259836674,0.2984409799554566,4.0,4.02,0
4150,0.33047512991833705,0.30734966592427615,4.0,4.02,0
4160,0.34034892353377877,0.30734966592427615,4.0,4.02,0
4170,0.3446176688938382,0.311804008908686,4.0,4.02,0
4180,0.3510022271714922,0.32293986636971045,4.0,4.02,0
4190,0.31262063845582777,0.24944320712694878,4.0,4.02,0
4200,0.3213066072754268,0.2650334075723831,4.0,4.02,0
4210,0.3433556050482554,0.2984409799554566,4.0,4.02,0
4220,0.34376391982182625,0.2962138084632517,4.0,4.02,0
4230,0.3436896807720861,0.2984409799554566,4.0,4.02,0
4240,0.34157386785449145,0.30066815144766146,4.0,4.02,0
4250,0.3467334818114328,0.30957683741648107,4.0,4.02,0
4260,0.3332962138084632,0.289532293986637,4.0,4.02,0
4270,0.33659985152190053,0.29175946547884185,4.0,4.02,0
4280,0.32524127691165555,0.267260579064588,4.0,4.02,0
4290,0.32724573125463996,0.2717149220489978,4.0,4.02,0
4300,0.3312175204157387,0.2739420935412027,4.0,4.02,0
4310,0.332739420935412,0.2717149220489978,4.0,4.02,0
4320,0.3207126948775056,0.2717149220489978,4.0,4.02,0
4330,0.31963622865627317,0.26948775055679286,4.0,4.02,0
4340,0.3211952487008166,0.267260579064588,4.0,4.02,0
4350,0.322271714922049,0.26057906458797325,4.0,4.02,0
4360,0.3293986636971047,0.2717149220489978,4.0,4.02,0
4370,0.3335560504825539,0.27616926503340755,4.0,4.02,0
4380,0.33667409057164066,0.2828507795100223,4.0,4.02,0
4390,0.33763919821826277,0.28507795100222716,4.0,4.02,0
4400,0.34127691165553076,0.2962138084632517,4.0,4.02,0
4410,0.35256124721603566,0.2984409799554566,4.0,4.02,0
4420,0.34751299183370454,0.2984409799554566,4.0,4.02,0
4430,0.3551967334818114,0.30957683741648107,4.0,4.02,0
4440,0.23407572383073497,0.20044543429844097,4.0,4.02,0
4450,0.23433556050482554,0.20044543429844097,4.0,4.02,0
4460,0.24428359317000745,0.20489977728285078,4.0,4.02,0
4470,0.2489606533036377,0.2071269487750557,4.0,4.02,0
4480,0.2593170007423905,0.2182628062360802,4.0,4.02,0
4490,0.2675575352635486,0.22494432071269488,4.0,4.02,0
0,0.32293986636971045,0.2828507795100223,4.0,4.004444444444444,1
10,0.32353377876763173,0.27616926503340755,4.0,4.004444444444444,1
20,0.3220489977728286,0.2806236080178174,4.0,4.004444444444444,1
30,0.3243504083147736,0.28507795100222716,4.0,4.004444444444444,1
40,0.3233481811432814,0.2806236080178174,4.0,4.004444444444444,1
50,0.32783964365256124,0.2873051224944321,4.0,4.004444444444444,1
60,0.31633259094283595,0.267260579064588,4.0,4.004444444444444,1
70,0.3260207869339273,0.27616926503340755,4.0,4.004444444444444,1
80,0.32765404602821085,0.27839643652561247,4.0,4.004444444444444,1
90,0.335931700074239,0.2873051224944321,4.0,4.004444444444444,1
100,0.33693392724573124,0.28507795100222716,4.0,4.004444444444444,1
110,0.3358574610244989,0.2828507795100223,4.0,4.004444444444444,1
120,0.3378619153674833,0.2873051224944321,4.0,4.004444444444444,1
130,0.33062360801781737,0.26948775055679286,4.0,4.004444444444444,1
140,0.33452115812917593,0.27616926503340755,4.0,4.004444444444444,1
150,0.3420564216778025,0.29175946547884185,4.0,4.004444444444444,1
160,0.34803266518188564,0.3028953229398664,4.0,4.004444444444444,1
170,0.20812917594654792,0.18485523385300667,4.0,4.004444444444444,1
180,0.21659242761692651,0.18930957683741648,4.0,4.004444444444444,1
190,0.21874536005939124,0.18262806236080179,4.0,4.004444444444444,1
200,0.22884187082405344,0.1915367483296214,4.0,4.004444444444444,1
210,0.2609873793615442,0.19376391982182628,4.0,4.004444444444444,1
220,0.26997030438010394,0.20044543429844097,4.0,4.004444444444444,1
230,0.2729027468448404,0.2026726057906459,4.0,4.004444444444444,1
240,0.27843355605048253,0.2026726057906459,4.0,4.004444444444444,1
250,0.3010022271714922,0.22271714922049,4.0,4.004444444444444,1
260,0.30716406829992576,0.22271714922049,4.0,4.004444444444444,1
270,0.31057906458797324,0.22717149220489977,4.0,4.004444444444444,1
280,0.3231254639940609,0.23608017817371937,4.0,4.004444444444444,1
290,0.362249443207127,0.27616926503340755,4.0,4.004444444444444,1
300,0.36896807720861174,0.2962138084632517,4.0,4.004444444444444,1
310,0.3681143281365998,0.2984409799554566,4.0,4.004444444444444,1
320,0.3643652561247216,0.29175946547884185,4.0,4.004444444444444,1
330,0.36570155902004453,0.2962138084632517,4.0,4.004444444444444,1
340,0.35727542687453606,0.289532293986637,4.0,4.004444444444444,1
350,0.3548255382331106,0.2873051224944321,4.0,4.004444444444444,1
360,0.3572011878247958,0.3184855233853007,4.0,4.004444444444444,1
370,0.36102449888641425,0.32293986636971045,4.0,4.004444444444444,1
380,0.323608017817372,0.3028953229398664,4.0,4.004444444444444,1
390,0.32368225686711205,0.30066815144766146,4.0,4.004444444444444,1
400,0.34127691165553087,0.31625835189309576,4.0,4.004444444444444,1
410,0.344097995545657,0.31625835189309576,4.0,4.004444444444444,1
420,0.33363028953229396,0.27839643652561247,4.0,4.004444444444444,1
430,0.33615441722345957,0.28507795100222716,4.0,4.004444444444444,1
440,0.33697104677060136,0.28507795100222716,4.0,4.004444444444444,1
450,0.33752783964365257,0.29175946547884185,4.0,4.004444444444444,1
460,0.33749072011878245,0.2873051224944321,4.0,4.004444444444444,1
470,0.33845582776540456,0.2873051224944321,4.0,4.004444444444444,1
480,0.35593912397921307,0.3184855233853007,4.0,4.004444444444444,1
490,0.34858945805493685,0.30734966592427615,4.0,4.004444444444444,1
500,0.34699331848552334,0.3051224944320713,4.0,4.004444444444444,1
510,0.3538233110616184,0.31625835189309576,4.0,4.004444444444444,1
520,0.3487008166295471,0.30957683741648107,4.0,4.004444444444444,1
530,0.3351893095768374,0.2984409799554566,4.0,4.004444444444444,1
540,0.31377134372680027,0.29175946547884185,4.0,4.004444444444444,1
550,0.31429101707498147,0.289532293986637,4.0,4.004444444444444,1
560,0.34101707498144024,0.2962138084632517,4.0,4.004444444444444,1
570,0.3416481069042316,0.289532293986637,4.0,4.004444444444444,1
580,0.3405716406829993,0.2828507795100223,4.0,4.004444444444444,1
590,0.33834446919079436,0.2828507795100223,4.0,4.004444444444444,1
600,0.34391239792130657,0.29398663697104677,4.0,4.004444444444444,1
610,0.3536748329621381,0.29398663697104677,4.0,4.004444444444444,1
620,0.3642910170749814,0.30734966592427615,4.0,4.004444444444444,1
630,0.36614699331848555,0.31403118040089084,4.0,4.004444444444444,1
640,0.3479584261321455,0.2962138084632517,4.0,4.004444444444444,1
650,0.35775798069784703,0.3028953229398664,4.0,4.004444444444444,1
660,0.36005939123979214,0.30734966592427615,4.0,4.004444444444444,1
670,0.3631403118040089,0.3051224944320713,4.0,4.004444444444444,1
680,0.35827765404602824,0.2984409799554566,4.0,4.004444444444444,1
690,0.3419821826280624,0.29398663697104677,4.0,4.004444444444444,1
700,0.3378247958426132,0.289532293986637,4.0,4.004444444444444,1
710,0.33853006681514475,0.289532293986637,4.0,4.004444444444444,1
720,0.3009651076466221,0.24053452115812918,4.0,4.004444444444444,1
730,0.30430586488492944,0.24276169265033407,4.0,4.004444444444444,1
740,0.3237564959168523,0.2650334075723831,4.0,4.004444444444444,1
750,0.34205642167780254,0.289532293986637,4.0,4.004444444444444,1
760,0.34320712694877503,0.29175946547884185,4.0,4.004444444444444,1
770,0.3497772828507795,0.3028953229398664,4.0,4.004444444444444,1
780,0.3489235337787676,0.3028953229398664,4.0,4.004444444444444,1
790,0.35129918337045285,0.3051224944320713,4.0,4.004444444444444,1
800,0.3560133630289532,0.311804008908686,4.0,4.004444444444444,1
810,0.35894580549368965,0.31403118040089084,4.0,4.004444444444444,1
820,0.36503340757238306,0.3184855233853007,4.0,4.004444444444444,1
830,0.36206384558277654,0.31625835189309576,4.0,4.004444444444444,1
840,0.3563103192279139,0.3051224944320713,4.0,4.004444444444444,1
850,0.35983667409057163,0.30066815144766146,4.0,4.004444444444444,1
860,0.3639198218262806,0.3184855233853007,4.0,4.004444444444444,1
870,0.36907943578322194,0.3273942093541203,4.0,4.004444444444444,1
880,0.3690051967334818,0.33407572383073497,4.0,4.004444444444444,1
890,0.37186340014847813,0.33853006681514475,4.0,4.004444444444444,1
900,0.36432813659985147,0.32516703786191536,4.0,4.004444444444444,1
910,0.35883444691907945,0.31403118040089084,4.0,4.004444444444444,1
920,0.3592798812175204,0.3184855233853007,4.0,4.004444444444444,1
930,0.35853749072011876,0.31625835189309576,4.0,4.004444444444444,1
940,0.3576837416481069,0.31403118040089084,4.0,4.004444444444444,1
950,0.35805493689680773,0.30957683741648107,4.0,4.004444444444444,1
960,0.34547141796585007,0.29175946547884185,4.0,4.004444444444444,1
970,0.34480326651818854,0.29175946547884185,4.0,4.004444444444444,1
980,0.33092056421677807,0.2717149220489978,4.0,4.004444444444444,1
990,0.3329250185597625,0.2806236080178174,4.0,4.004444444444444,1
1000,0.33374164810690427,0.2806236080178174,4.0,4.004444444444444,1
1010,0.33273942093541203,0.2717149220489978,4.0,4.004444444444444,1
1020,0.33299925760950255,0.27616926503340755,4.0,4.004444444444444,1
1030,0.31581291759465474,0.2873051224944321,4.0,4.004444444444444,1
1040,0.3211210096510765,0.2962138084632517,4.0,4.004444444444444,1
1050,0.320007423904974,0.29398663697104677,4.0,4.004444444444444,1
1060,0.32045285820341496,0.289532293986637,4.0,4.004444444444444,1
1070,0.3207498144023756,0.29175946547884185,4.0,4.004444444444444,1
1080,0.3224944320712695,0.29398663697104677,4.0,4.004444444444444,1
1090,0.32301410541945064,0.29398663697104677,4.0,4.004444444444444,1
1100,0.32271714922049,0.289532293986637,4.0,4.004444444444444,1
1110,0.3276169265033408,0.2739420935412027,4.0,4.004444444444444,1
1120,0.32832219747587227,0.27839643652561247,4.0,4.004444444444444,1
1130,0.3211581291759466,0.267260579064588,4.0,4.004444444444444,1
1140,0.3161841128433556,0.267260579064588,4.0,4.004444444444444,1
1150,0.32969561989606533,0.2873051224944321,4.0,4.004444444444444,1
1160,0.21870824053452118,0.155902004454343,4.0,4.004444444444444,1
1170,0.2371566443949517,0.1603563474387528,4.0,4.004444444444444,1
1180,0.23815887156644397,0.15812917594654788,4.0,4.004444444444444,1
1190,0.2379361544172235,0.15367483296213807,4.0,4.004444444444444,1
1200,0.24625092798812173,0.16481069042316257,4.0,4.004444444444444,1
1210,0.2519673348181143,0.17371937639198218,4.0,4.004444444444444,1
1220,0.25697847067557533,0.18040089086859687,4.0,4.004444444444444,1
1230,0.2666295471417966,0.1870824053452116,4.0,4.004444444444444,1
1240,0.26963622865627324,0.1915367483296214,4.0,4.004444444444444,1
1250,0.3201187824795843,0.24721603563474387,4.0,4.004444444444444,1
1260,0.3230141054194507,0.24944320712694878,4.0,4.004444444444444,1
1270,0.3261321455085375,0.2516703786191537,4.0,4.004444444444444,1
1280,0.3364884929472902,0.2739420935412027,4.0,4.004444444444444,1
1290,0.3426132145508537,0.2828507795100223,4.0,4.004444444444444,1
1300,0.34766146993318486,0.289532293986637,4.0,4.004444444444444,1
1310,0.34784706755753525,0.2873051224944321,4.0,4.004444444444444,1
1320,0.34970304380103934,0.29175946547884185,4.0,4.004444444444444,1
1330,0.3501855976243504,0.29398663697104677,4.0,4.004444444444444,1
1340,0.34873793615441717,0.30066815144766146,4.0,4.004444444444444,1
1350,0.34769858945805493,0.3028953229398664,4.0,4.004444444444444,1
1360,0.3506310319227914,0.311804008908686,4.0,4.004444444444444,1
1370,0.35419450631031923,0.3051224944320713,4.0,4.004444444444444,1
1380,0.3514476614699332,0.30066815144766146,4.0,4.004444444444444,1
1390,0.35515961395694134,0.30957683741648107,4.0,4.004444444444444,1
1400,0.35571640682999256,0.30957683741648107,4.0,4.004444444444444,1
1410,0.36069042316258354,0.31403118040089084,4.0,4.004444444444444,1
1420,0.29458054936896805,0.2806236080178174,4.0,4.004444444444444,1
1430,0.30352635486265783,0.27616926503340755,4.0,4.004444444444444,1
1440,0.2954714179658501,0.2650334075723831,4.0,4.004444444444444,1
1450,0.3096881959910913,0.27839643652561247,4.0,4.004444444444444,1
1460,0.3110244988864142,0.2739420935412027,4.0,4.004444444444444,1
1470,0.3020044543429844,0.2583518930957684,4.0,4.004444444444444,1
1480,0.3042316258351893,0.26057906458797325,4.0,4.004444444444444,1
1490,0.3064959168522643,0.2650334075723831,4.0,4.004444444444444,1
1500,0.31109873793615445,0.267260579064588,4.0,4.004444444444444,1
1510,0.3176317743132888,0.27839643652561247,4.0,4.004444444444444,1
1520,0.3178916109873794,0.27616926503340755,4.0,4.004444444444444,1
1530,0.3258723088344469,0.2873051224944321,4.0,4.004444444444444,1
1540,0.3249072011878248,0.2806236080178174,4.0,4.004444444444444,1
1550,0.3224944320712695,0.2806236080178174,4.0,4.004444444444444,1
1560,0.20215293244246474,0.13808463251670378,4.0,4.004444444444444,1
1570,0.21518188567186342,0.1403118040089087,4.0,4.004444444444444,1
1580,0.2146250927988122,0.13808463251670378,4.0,4.004444444444444,1
1590,0.2205270972531551,0.14253897550111358,4.0,4.004444444444444,1
1600,0.2387527839643653,0.15367483296213807,4.0,4.004444444444444,1
1610,0.23949517446176688,0.1514476614699332,4.0,4.004444444444444,1
1620,0.2721974758723088,0.18930957683741648,4.0,4.004444444444444,1
1630,0.2776911655530809,0.19821826280623608,4.0,4.004444444444444,1
1640,0.30334075723830733,0.2182628062360802,4.0,4.004444444444444,1
1650,0.3048997772828507,0.22048997772828507,4.0,4.004444444444444,1
1660,0.31510764662212326,0.26948775055679286,4.0,4.004444444444444,1
1670,0.30905716406829997,0.26057906458797325,4.0,4.004444444444444,1
1680,0.3116184112843356,0.26948775055679286,4.0,4.004444444444444,1
1690,0.30798069784706755,0.26280623608017817,4.0,4.004444444444444,1
1700,0.3086859688195991,0.2561247216035635,4.0,4.004444444444444,1
1710,0.3042687453600593,0.24944320712694878,4.0,4.004444444444444,1
1720,0.30612472160356347,0.24944320712694878,4.0,4.004444444444444,1
1730,0.30920564216778024,0.2583518930957684,4.0,4.004444444444444,1
1740,0.30853749072011877,0.2516703786191537,4.0,4.004444444444444,1
1750,0.3461766889383816,0.2828507795100223,4.0,4.004444444444444,1
1760,0.33589458054936894,0.267260579064588,4.0,4.004444444444444,1
1770,0.34357832219747586,0.267260579064588,4.0,4.004444444444444,1
1780,0.34484038604305867,0.2739420935412027,4.0,4.004444444444444,1
1790,0.35040831477357093,0.2828507795100223,4.0,4.004444444444444,1
1800,0.34543429844097995,0.27616926503340755,4.0,4.004444444444444,1
1810,0.34658500371195244,0.27616926503340755,4.0,4.004444444444444,1
1820,0.3488864142538975,0.2806236080178174,4.0,4.004444444444444,1
1830,0.3548997772828508,0.2873051224944321,4.0,4.004444444444444,1
1840,0.2587230883444692,0.20935412026726058,4.0,4.004444444444444,1
1850,0.26128433556050484,0.21380846325167038,4.0,4.004444444444444,1
1860,0.26529324424647366,0.2182628062360802,4.0,4.004444444444444,1
1870,0.26837416481069043,0.21603563474387527,4.0,4.004444444444444,1
1880,0.27720861172976985,0.22494432071269488,4.0,4.004444444444444,1
1890,0.3066443949517446,0.23608017817371937,4.0,4.004444444444444,1
1900,0.3043058648849295,0.23162583518930957,4.0,4.004444444444444,1
1910,0.3043058648849295,0.23162583518930957,4.0,4.004444444444444,1
1920,0.3133259094283593,0.24053452115812918,4.0,4.004444444444444,1
1930,0.33207126948775056,0.2650334075723831,4.0,4.004444444444444,1
1940,0.3416109873793615,0.2739420935412027,4.0,4.004444444444444,1
1950,0.3410913140311804,0.27839643652561247,4.0,4.004444444444444,1
1960,0.3372308834446919,0.2828507795100223,4.0,4.004444444444444,1
1970,0.3599109131403118,0.3028953229398664,4.0,4.004444444444444,1
1980,0.2758723088344469,0.24721603563474387,4.0,4.004444444444444,1
1990,0.28129175946547885,0.2516703786191537,4.0,4.004444444444444,1
2000,0.2835189309576837,0.2561247216035635,4.0,4.004444444444444,1
2010,0.28504083147735704,0.26057906458797325,4.0,4.004444444444444,1
2020,0.2883444691907943,0.26280623608017817,4.0,4.004444444444444,1
2030,0.2998144023756496,0.2516703786191537,4.0,4.004444444444444,1
2040,0.2996659242761693,0.24944320712694878,4.0,4.004444444444444,1
2050,0.31429101707498147,0.26948775055679286,4.0,4.004444444444444,1
2060,0.3192279138827023,0.26948775055679286,4.0,4.004444444444444,1
2070,0.308166295471418,0.25389755011135856,4.0,4.004444444444444,1
2080,0.3036005939123979,0.24721603563474387,4.0,4.004444444444444,1
2090,0.3144394951744618,0.26057906458797325,4.0,4.004444444444444,1
2100,0.3123979213066073,0.26057906458797325,4.0,4.004444444444444,1
2110,0.315441722345954,0.26948775055679286,4.0,4.004444444444444,1
2120,0.31659242761692646,0.26948775055679286,4.0,4.004444444444444,1
2130,0.31258351893095776,0.28507795100222716,4.0,4.004444444444444,1
2140,0.3170378619153675,0.29398663697104677,4.0,4.004444444444444,1
2150,0.326354862657758,0.3028953229398664,4.0,4.004444444444444,1
2160,0.3260579064587973,0.2984409799554566,4.0,4.004444444444444,1
2170,0.30798069784706755,0.29398663697104677,4.0,4.004444444444444,1
2180,0.31035634743875273,0.29175946547884185,4.0,4.004444444444444,1
2190,0.30586488492947284,0.28507795100222716,4.0,4.004444444444444,1
2200,0.30716406829992576,0.2828507795100223,4.0,4.004444444444444,1
2210,0.31224944320712694,0.2873051224944321,4.0,4.004444444444444,1
2220,0.31302895322939867,0.2828507795100223,4.0,4.004444444444444,1
2230,0.3267631774313288,0.28507795100222716,4.0,4.004444444444444,1
2240,0.32594654788418714,0.2873051224944321,4.0,4.004444444444444,1
2250,0.33678544914625086,0.30957683741648107,4.0,4.004444444444444,1
2260,0.3368596881959911,0.311804008908686,4.0,4.004444444444444,1
2270,0.3429844097995546,0.31403118040089084,4.0,4.004444444444444,1
2280,0.31046770601336304,0.2583518930957684,4.0,4.004444444444444,1
2290,0.3086859688195991,0.25389755011135856,4.0,4.004444444444444,1
2300,0.33968077208611724,0.2962138084632517,4.0,4.004444444444444,1
2310,0.34543429844097995,0.3051224944320713,4.0,4.004444444444444,1
2320,0.3445063103192279,0.3051224944320713,4.0,4.004444444444444,1
2330,0.3401633259094284,0.29398663697104677,4.0,4.004444444444444,1
2340,0.2555308092056422,0.24498886414253898,4.0,4.004444444444444,1
2350,0.25701559020044545,0.24721603563474387,4.0,4.004444444444444,1
2360,0.25616184112843354,0.24498886414253898,4.0,4.004444444444444,1
2370,0.2555308092056422,0.24944320712694878,4.0,4.004444444444444,1
2380,0.2659985152190052,0.25389755011135856,4.0,4.004444444444444,1
2390,0.26867112100965107,0.24944320712694878,4.0,4.004444444444444,1
2400,0.26499628804751296,0.24053452115812918,4.0,4.004444444444444,1
2410,0.2683741648106904,0.24053452115812918,4.0,4.004444444444444,1
2420,0.2752412769116555,0.24053452115812918,4.0,4.004444444444444,1
2430,0.27535263548626576,0.24053452115812918,4.0,4.004444444444444,1
2440,0.27843355605048253,0.24944320712694878,4.0,4.004444444444444,1
2450,0.31581291759465474,0.2516703786191537,4.0,4.004444444444444,1
2460,0.31477357089829244,0.24944320712694878,4.0,4.004444444444444,1
2470,0.320007423904974,0.25389755011135856,4.0,4.004444444444444,1
2480,0.3400890868596882,0.29398663697104677,4.0,4.004444444444444,1
2490,0.3392353377876763,0.2962138084632517,4.0,4.004444444444444,1
2500,0.33730512249443206,0.2806236080178174,4.0,4.004444444444444,1
2510,0.33600593912397925,0.27616926503340755,4.0,4.004444444444444,1
2520,0.33986636971046774,0.2806236080178174,4.0,4.004444444444444,1
2530,0.3403118040089087,0.2828507795100223,4.0,4.004444444444444,1
2540,0.3276911655530809,0.267260579064588,4.0,4.004444444444444,1
2550,0.3423904974016333,0.31625835189309576,4.0,4.004444444444444,1
2560,0.3430215293244247,0.311804008908686,4.0,4.004444444444444,1
2570,0.3470675575352635,0.31403118040089084,4.0,4.004444444444444,1
2580,0.34342984409799554,0.2873051224944321,4.0,4.004444444444444,1
2590,0.3436154417223459,0.28507795100222716,4.0,4.004444444444444,1
2600,0.35723830734966594,0.30734966592427615,4.0,4.004444444444444,1
2610,0.35634743875278396,0.3028953229398664,4.0,4.004444444444444,1
2620,0.3599109131403118,0.311804008908686,4.0,4.004444444444444,1
2630,0.3458054936896807,0.2984409799554566,4.0,4.004444444444444,1
2640,0.34491462509279885,0.29398663697104677,4.0,4.004444444444444,1
2650,0.3422048997772828,0.29175946547884185,4.0,4.004444444444444,1
2660,0.3391982182628063,0.2873051224944321,4.0,4.004444444444444,1
2670,0.3351521900519673,0.27616926503340755,4.0,4.004444444444444,1
2680,0.32735708982925016,0.2650334075723831,4.0,4.004444444444444,1
2690,0.3354120267260579,0.2873051224944321,4.0,4.004444444444444,1
2700,0.3308463251670379,0.27616926503340755,4.0,4.004444444444444,1
2710,0.3300296956198961,0.26948775055679286,4.0,4.004444444444444,1
2720,0.3291388270230141,0.2739420935412027,4.0,4.004444444444444,1
2730,0.3294729027468449,0.2650334075723831,4.0,4.004444444444444,1
2740,0.3305864884929473,0.26280623608017817,4.0,4.004444444444444,1
2750,0.33329621380846325,0.267260579064588,4.0,4.004444444444444,1
2760,0.3144766146993318,0.2516703786191537,4.0,4.004444444444444,1
2770,0.31603563474387525,0.2583518930957684,4.0,4.004444444444444,1
2780,0.31429101707498147,0.2561247216035635,4.0,4.004444444444444,1
2790,0.3355976243504083,0.2717149220489978,4.0,4.004444444444444,1
2800,0.3311432813659985,0.26280623608017817,4.0,4.004444444444444,1
2810,0.3319227913882703,0.2650334075723831,4.0,4.004444444444444,1
2820,0.3311804008908686,0.26280623608017817,4.0,4.004444444444444,1
2830,0.34769858945805493,0.29398663697104677,4.0,4.004444444444444,1
2840,0.3481440237564959,0.29175946547884185,4.0,4.004444444444444,1
2850,0.34216778025241273,0.2873051224944321,4.0,4.004444444444444,1
2860,0.34532293986636975,0.289532293986637,4.0,4.004444444444444,1
2870,0.34417223459539725,0.289532293986637,4.0,4.004444444444444,1
2880,0.3456570155902004,0.2873051224944321,4.0,4.004444444444444,1
2890,0.34836674090571645,0.29175946547884185,4.0,4.004444444444444,1
2900,0.3518559762435041,0.30066815144766146,4.0,4.004444444444444,1
2910,0.3495916852264291,0.3028953229398664,4.0,4.004444444444444,1
2920,0.3549368968077209,0.30734966592427615,4.0,4.004444444444444,1
2930,0.3576837416481069,0.30957683741648107,4.0,4.004444444444444,1
2940,0.3574239049740164,0.30734966592427615,4.0,4.004444444444444,1
2950,0.3602449888641425,0.33184855233853006,4.0,4.004444444444444,1
2960,0.35965107646622124,0.34075723830734966,4.0,4.004444444444444,1
2970,0.3560504825538233,0.32962138084632514,4.0,4.004444444444444,1
2980,0.35723830734966594,0.33184855233853006,4.0,4.004444444444444,1
2990,0.3685968819599109,0.34521158129175944,4.0,4.004444444444444,1
3000,0.36618411284335556,0.34075723830734966,4.0,4.004444444444444,1
3010,0.3634743875278396,0.34075723830734966,4.0,4.004444444444444,1
3020,0.35916852264291016,0.3363028953229399,4.0,4.004444444444444,1
3030,0.3597995545657015,0.3429844097995546,4.0,4.004444444444444,1
3040,0.36072754268745355,0.34521158129175944,4.0,4.004444444444444,1
3050,0.3028953229398664,0.2828507795100223,4.0,4.004444444444444,1
3060,0.31169265033407567,0.29175946547884185,4.0,4.004444444444444,1
3070,0.30842613214550857,0.28507795100222716,4.0,4.004444444444444,1
3080,0.3111729769858946,0.29175946547884185,4.0,4.004444444444444,1
3090,0.31792873051224946,0.30066815144766146,4.0,4.004444444444444,1
3100,0.3152561247216036,0.30066815144766146,4.0,4.004444444444444,1
3110,0.31217520415738675,0.2828507795100223,4.0,4.004444444444444,1
3120,0.31726057906458793,0.28507795100222716,4.0,4.004444444444444,1
3130,0.31937639198218265,0.28507795100222716,4.0,4.004444444444444,1
3140,0.33389012620638453,0.29398663697104677,4.0,4.004444444444444,1
3150,0.33600593912397925,0.2873051224944321,4.0,4.004444444444444,1
3160,0.33886414253897545,0.289532293986637,4.0,4.004444444444444,1
3170,0.3349294729027468,0.29175946547884185,4.0,4.004444444444444,1
3180,0.34383815887156643,0.29398663697104677,4.0,4.004444444444444,1
3190,0.3495916852264291,0.29398663697104677,4.0,4.004444444444444,1
3200,0.3445805493689681,0.289532293986637,4.0,4.004444444444444,1
3210,0.34606533036377135,0.289532293986637,4.0,4.004444444444444,1
3220,0.34109131403118037,0.2828507795100223,4.0,4.004444444444444,1
3230,0.3446919079435783,0.3051224944320713,4.0,4.004444444444444,1
3240,0.3443578322197476,0.30066815144766146,4.0,4.004444444444444,1
3250,0.3466963622865627,0.3051224944320713,4.0,4.004444444444444,1
3260,0.3540089086859688,0.311804008908686,4.0,4.004444444444444,1
3270,0.3475129918337045,0.3051224944320713,4.0,4.004444444444444,1
3280,0.34777282850779506,0.30957683741648107,4.0,4.004444444444444,1
3290,0.3483296213808463,0.30957683741648107,4.0,4.004444444444444,1
3300,0.3455085374907201,0.30957683741648107,4.0,4.004444444444444,1
3310,0.34569413511507047,0.3051224944320713,4.0,4.004444444444444,1
3320,0.3443207126948774,0.30734966592427615,4.0,4.004444444444444,1
3330,0.34357832219747586,0.30957683741648107,4.0,4.004444444444444,1
3340,0.34138827023014107,0.3028953229398664,4.0,4.004444444444444,1
3350,0.3207498144023756,0.27839643652561247,4.0,4.004444444444444,1
3360,0.32305122494432076,0.28507795100222716,4.0,4.004444444444444,1
3370,0.33307349665924274,0.3028953229398664,4.0,4.004444444444444,1
3380,0.3225686711210096,0.2873051224944321,4.0,4.004444444444444,1
3390,0.3205270972531551,0.2806236080178174,4.0,4.004444444444444,1
3400,0.3249072011878248,0.28507795100222716,4.0,4.004444444444444,1
3410,0.3334446919079435,0.28507795100222716,4.0,4.004444444444444,1
3420,0.33184855233853006,0.27839643652561247,4.0,4.004444444444444,1
3430,0.3280252412769116,0.26948775055679286,4.0,4.004444444444444,1
3440,0.3307720861172977,0.267260579064588,4.0,4.004444444444444,1
3450,0.3342984409799555,0.2806236080178174,4.0,4.004444444444444,1
3460,0.3798812175204157,0.32516703786191536,4.0,4.004444444444444,1
3470,0.19576837416481072,0.16258351893095768,4.0,4.004444444444444,1
3480,0.2001855976243504,0.16481069042316257,4.0,4.004444444444444,1
3490,0.2374164810690423,0.17371937639198218,4.0,4.004444444444444,1
3500,0.32260579064587974,0.23162583518930957,4.0,4.004444444444444,1
3510,0.33444691907943574,0.24944320712694878,4.0,4.004444444444444,1
3520,0.33860430586488494,0.2583518930957684,4.0,4.004444444444444,1
3530,0.33752783964365257,0.2583518930957684,4.0,4.004444444444444,1
3540,0.3423533778767632,0.2650334075723831,4.0,4.004444444444444,1
3550,0.34621380846325167,0.2717149220489978,4.0,4.004444444444444,1
3560,0.3460282108389013,0.27616926503340755,4.0,4.004444444444444,1
3570,0.35263548626577573,0.29398663697104677,4.0,4.004444444444444,1
3580,0.2962138084632517,0.23385300668151449,4.0,4.004444444444444,1
3590,0.30389755011135855,0.2383073496659243,4.0,4.004444444444444,1
3600,0.31596139569413506,0.2561247216035635,4.0,4.004444444444444,1
3610,0.3110616184112843,0.24944320712694878,4.0,4.004444444444444,1
3620,0.31265775798069784,0.24944320712694878,4.0,4.004444444444444,1
3630,0.3243132887899035,0.2962138084632517,4.0,4.004444444444444,1
3640,0.3292873051224945,0.30066815144766146,4.0,4.004444444444444,1
3650,0.3298440979955457,0.30066815144766146,4.0,4.004444444444444,1
3660,0.3174090571640683,0.267260579064588,4.0,4.004444444444444,1
3670,0.32301410541945064,0.26948775055679286,4.0,4.004444444444444,1
3680,0.3287305122494432,0.2717149220489978,4.0,4.004444444444444,1
3690,0.3289161098737936,0.26280623608017817,4.0,4.004444444444444,1
3700,0.3377876763177432,0.267260579064588,4.0,4.004444444444444,1
3710,0.3336674090571641,0.267260579064588,4.0,4.004444444444444,1
3720,0.3271343726800297,0.26057906458797325,4.0,4.004444444444444,1
3730,0.33170007423904974,0.26280623608017817,4.0,4.004444444444444,1
3740,0.33099480326651814,0.2717149220489978,4.0,4.004444444444444,1
3750,0.3326651818856718,0.27839643652561247,4.0,4.004444444444444,1
3760,0.28886414253897547,0.26948775055679286,4.0,4.004444444444444,1
3770,0.2917223459539718,0.26948775055679286,4.0,4.004444444444444,1
3780,0.28637713437268,0.25389755011135856,4.0,4.004444444444444,1
3790,0.28147735708982924,0.24276169265033407,4.0,4.004444444444444,1
3800,0.31061618411284336,0.26280623608017817,4.0,4.004444444444444,1
3810,0.3061618411284336,0.24944320712694878,4.0,4.004444444444444,1
3820,0.3191907943578322,0.2583518930957684,4.0,4.004444444444444,1
3830,0.32709725315515964,0.2828507795100223,4.0,4.004444444444444,1
3840,0.23641425389755008,0.15367483296213807,4.0,4.004444444444444,1
3850,0.252746844840386,0.15812917594654788,4.0,4.004444444444444,1
3860,0.26421677802524124,0.1759465478841871,4.0,4.004444444444444,1
3870,0.26674090571640685,0.17817371937639198,4.0,4.004444444444444,1
3880,0.32720861172976984,0.24498886414253898,4.0,4.004444444444444,1
3890,0.32553823311061614,0.2383073496659243,4.0,4.004444444444444,1
3900,0.33340757238307345,0.26057906458797325,4.0,4.004444444444444,1
3910,0.33674832962138085,0.2583518930957684,4.0,4.004444444444444,1
3920,0.3457312546399406,0.26280623608017817,4.0,4.004444444444444,1
3930,0.3621380846325166,0.29175946547884185,4.0,4.004444444444444,1
3940,0.3639940608760207,0.2962138084632517,4.0,4.004444444444444,1
3950,0.35523385300668153,0.2984409799554566,4.0,4.004444444444444,1
3960,0.3502227171492205,0.289532293986637,4.0,4.004444444444444,1
3970,0.3524498886414254,0.289532293986637,4.0,4.004444444444444,1
3980,0.35148478099480324,0.30957683741648107,4.0,4.004444444444444,1
3990,0.34283593170007426,0.2962138084632517,4.0,4.004444444444444,1
4000,0.34858945805493685,0.2984409799554566,4.0,4.004444444444444,1
4010,0.34491462509279874,0.2873051224944321,4.0,4.004444444444444,1
4020,0.3441722345953972,0.289532293986637,4.0,4.004444444444444,1
4030,0.3170378619153674,0.24276169265033407,4.0,4.004444444444444,1
4040,0.3276169265033408,0.2516703786191537,4.0,4.004444444444444,1
4050,0.3270972531551596,0.25389755011135856,4.0,4.004444444444444,1
4060,0.3321455085374907,0.26057906458797325,4.0,4.004444444444444,1
4070,0.3349665924276169,0.2561247216035635,4.0,4.004444444444444,1
4080,0.3221603563474388,0.27839643652561247,4.0,4.004444444444444,1
4090,0.21369710467706013,0.18485523385300667,4.0,4.004444444444444,1
4100,0.22698589458054935,0.18930957683741648,4.0,4.004444444444444,1
4110,0.2329621380846325,0.19599109131403117,4.0,4.004444444444444,1
4120,0.23596881959910912,0.20489977728285078,4.0,4.004444444444444,1
4130,0.23968077208611732,0.20044543429844097,4.0,4.004444444444444,1
4140,0.2370452858203415,0.2026726057906459,4.0,4.004444444444444,1
4150,0.23682256867112103,0.19599109131403117,4.0,4.004444444444444,1
4160,0.2386785449146251,0.19599109131403117,4.0,4.004444444444444,1
4170,0.24164810690423164,0.19599109131403117,4.0,4.004444444444444,1
4180,0.24680772086117297,0.20044543429844097,4.0,4.004444444444444,1
4190,0.26410541945063104,0.21158129175946547,4.0,4.004444444444444,1
4200,0.27416481069042314,0.21158129175946547,4.0,4.004444444444444,1
4210,0.28756495916852265,0.22048997772828507,4.0,4.004444444444444,1
4220,0.2949146250927988,0.2182628062360802,4.0,4.004444444444444,1
4230,0.31280623608017816,0.22717149220489977,4.0,4.004444444444444,1
4240,0.31358574610244994,0.22939866369710468,4.0,4.004444444444444,1
4250,0.31818856718634003,0.2383073496659243,4.0,4.004444444444444,1
4260,0.31577579806978473,0.23608017817371937,4.0,4.004444444444444,1
4270,0.3258351893095769,0.24944320712694878,4.0,4.004444444444444,1
4280,0.32312546399406084,0.24721603563474387,4.0,4.004444444444444,1
4290,0.3218634001484781,0.24276169265033407,4.0,4.004444444444444,1
4300,0.3220861172976986,0.24053452115812918,4.0,4.004444444444444,1
4310,0.3237936154417223,0.24721603563474387,4.0,4.004444444444444,1
4320,0.34083147735708985,0.29398663697104677,4.0,4.004444444444444,1
4330,0.3343726800296956,0.2828507795100223,4.0,4.004444444444444,1
4340,0.3299183370452858,0.2873051224944321,4.0,4.004444444444444,1
4350,0.3433556050482554,0.2984409799554566,4.0,4.004444444444444,1
4360,0.3462880475129918,0.30066815144766146,4.0,4.004444444444444,1
4370,0.34194506310319234,0.289532293986637,4.0,4.004444444444444,1
4380,0.34276169265033407,0.2984409799554566,4.0,4.004444444444444,1
4390,0.33455827765404605,0.27839643652561247,4.0,4.004444444444444,1
4400,0.34008908685968825,0.289532293986637,4.0,4.004444444444444,1
4410,0.34769858945805493,0.30066815144766146,4.0,4.004444444444444,1
4420,0.3482925018559762,0.2984409799554566,4.0,4.004444444444444,1
4430,0.3482553823311062,0.3028953229398664,4.0,4.004444444444444,1
4440,0.3560504825538233,0.30957683741648107,4.0,4.004444444444444,1
4450,0.35850037119524863,0.311804008908686,4.0,4.004444444444444,1
4460,0.3571640682999257,0.311804008908686,4.0,4.004444444444444,1
4470,0.3198218262806236,0.27839643652561247,4.0,4.004444444444444,1
4480,0.319561989606533,0.27616926503340755,4.0,4.004444444444444,1
4490,0.3180400890868597,0.2717149220489978,4.0,4.004444444444444,1
0,0.37639198218262804,0.33184855233853006,4.0,4.011111111111111,2
10,0.3786933927245732,0.33853006681514475,4.0,4.011111111111111,2
20,0.3847809948032665,0.34966592427616927,4.0,4.011111111111111,2
30,0.38630289532293993,0.34743875278396436,4.0,4.011111111111111,2
40,0.38585746102449886,0.3518930957683742,4.0,4.011111111111111,2
50,0.37869339272457314,0.34075723830734966,4.0,4.011111111111111,2
60,0.35556792873051224,0.32293986636971045,4.0,4.011111111111111,2
70,0.3557535263548627,0.3184855233853007,4.0,4.011111111111111,2
80,0.36952487008166285,0.3429844097995546,4.0,4.011111111111111,2
90,0.369970304380104,0.34075723830734966,4.0,4.011111111111111,2
100,0.3752412769116555,0.34075723830734966,4.0,4.011111111111111,2
110,0.3708611729769859,0.3273942093541203,4.0,4.011111111111111,2
120,0.37197475872308833,0.3273942093541203,4.0,4.011111111111111,2
130,0.3711952487008166,0.32293986636971045,4.0,4.011111111111111,2
140,0.3700445434298441,0.33184855233853006,4.0,4.011111111111111,2
150,0.37078693392724577,0.32962138084632514,4.0,4.011111111111111,2
160,0.3676688938381589,0.3273942093541203,4.0,4.011111111111111,2
170,0.37078693392724577,0.3184855233853007,4.0,4.011111111111111,2
180,0.3713437268002969,0.3184855233853007,4.0,4.011111111111111,2
190,0.3674832962138085,0.311804008908686,4.0,4.011111111111111,2
200,0.380029695619896,0.3363028953229399,4.0,4.011111111111111,2
210,0.3829621380846325,0.3518930957683742,4.0,4.011111111111111,2
220,0.3767260579064588,0.34966592427616927,4.0,4.011111111111111,2
230,0.3782850779510023,0.34743875278396436,4.0,4.011111111111111,2
240,0.3591314031180401,0.3207126948775056,4.0,4.011111111111111,2
250,0.35909428359317,0.31625835189309576,4.0,4.011111111111111,2
260,0.3573125463994061,0.311804008908686,4.0,4.011111111111111,2
270,0.3505196733481811,0.29398663697104677,4.0,4.011111111111111,2
280,0.35007423904974017,0.2873051224944321,4.0,4.011111111111111,2
290,0.34910913140311806,0.2873051224944321,4.0,4.011111111111111,2
300,0.3473645137342242,0.2873051224944321,4.0,4.011111111111111,2
310,0.3416481069042316,0.2717149220489978,4.0,4.011111111111111,2
320,0.3414625092798812,0.26948775055679286,4.0,4.011111111111111,2
330,0.34383815887156643,0.2717149220489978,4.0,4.011111111111111,2
340,0.34669636228656264,0.2828507795100223,4.0,4.011111111111111,2
350,0.3414253897550112,0.26948775055679286,4.0,4.011111111111111,2
360,0.3440237564959169,0.26948775055679286,4.0,4.011111111111111,2
370,0.35011135857461023,0.2739420935412027,4.0,4.011111111111111,2
380,0.3540460282108389,0.2739420935412027,4.0,4.011111111111111,2
390,0.3583890126206384,0.2828507795100223,4.0,4.011111111111111,2
400,0.36013363028953227,0.2828507795100223,4.0,4.011111111111111,2
410,0.3659613956941351,0.29175946547884185,4.0,4.011111111111111,2
420,0.3600965107646622,0.32293986636971045,4.0,4.011111111111111,2
430,0.3602078693392725,0.3207126948775056,4.0,4.011111111111111,2
440,0.34766146993318486,0.3184855233853007,4.0,4.011111111111111,2
450,0.34688195991091314,0.31625835189309576,4.0,4.011111111111111,2
460,0.2408685968819599,0.21158129175946547,4.0,4.011111111111111,2
470,0.24636228656273199,0.2182628062360802,4.0,4.011111111111111,2
480,0.24948032665181885,0.20935412026726058,4.0,4.011111111111111,2
490,0.2519302152932443,0.21158129175946547,4.0,4.011111111111111,2
500,0.2687824795842613,0.2182628062360802,4.0,4.011111111111111,2
510,0.31737193763919824,0.22939866369710468,4.0,4.011111111111111,2
520,0.31792873051224946,0.23385300668151449,4.0,4.011111111111111,2
530,0.31365998515219,0.22717149220489977,4.0,4.011111111111111,2
540,0.317743132887899,0.22271714922049,4.0,4.011111111111111,2
550,0.314105419450631,0.2182628062360802,4.0,4.011111111111111,2
560,0.31644394951744614,0.22271714922049,4.0,4.011111111111111,2
570,0.3145879732739421,0.2182628062360802,4.0,4.011111111111111,2
580,0.31288047512991835,0.21380846325167038,4.0,4.011111111111111,2
590,0.3150334075723831,0.21158129175946547,4.0,4.011111111111111,2
600,0.3144394951744618,0.21158129175946547,4.0,4.011111111111111,2
610,0.3264662212323682,0.23162583518930957,4.0,4.011111111111111,2
620,0.329101707498144,0.22494432071269488,4.0,4.011111111111111,2
630,0.33047512991833705,0.22271714922049,4.0,4.011111111111111,2
640,0.3325167037861916,0.22494432071269488,4.0,4.011111111111111,2
650,0.33262806236080183,0.22271714922049,4.0,4.011111111111111,2
660,0.3364884929472903,0.22494432071269488,4.0,4.011111111111111,2
670,0.342724573125464,0.22717149220489977,4.0,4.011111111111111,2
680,0.34766146993318486,0.24053452115812918,4.0,4.011111111111111,2
690,0.34799554565701557,0.24053452115812918,4.0,4.011111111111111,2
700,0.35274684484038604,0.30066815144766146,4.0,4.011111111111111,2
710,0.353192279138827,0.30066815144766146,4.0,4.011111111111111,2
720,0.3506310319227914,0.2962138084632517,4.0,4.011111111111111,2
730,0.3460282108389013,0.29175946547884185,4.0,4.011111111111111,2
740,0.34721603563474385,0.289532293986637,4.0,4.011111111111111,2
750,0.35059391239792126,0.2962138084632517,4.0,4.011111111111111,2
760,0.3561618411284335,0.3028953229398664,4.0,4.011111111111111,2
770,0.34769858945805493,0.29398663697104677,4.0,4.011111111111111,2
780,0.32887899034892343,0.26280623608017817,4.0,4.011111111111111,2
790,0.3286933927245731,0.267260579064588,4.0,4.011111111111111,2
800,0.3290645879732739,0.267260579064588,4.0,4.011111111111111,2
810,0.3269116555308092,0.267260579064588,4.0,4.011111111111111,2
820,0.3305493689680772,0.26948775055679286,4.0,4.011111111111111,2
830,0.33474387527839644,0.2561247216035635,4.0,4.011111111111111,2
840,0.337268002969562,0.2561247216035635,4.0,4.011111111111111,2
850,0.34899777282850775,0.30734966592427615,4.0,4.011111111111111,2
860,0.36169265033407566,0.32516703786191536,4.0,4.011111111111111,2
870,0.3661098737936154,0.33184855233853006,4.0,4.011111111111111,2
880,0.36080178173719374,0.32516703786191536,4.0,4.011111111111111,2
890,0.3498886414253898,0.29175946547884185,4.0,4.011111111111111,2
900,0.36343726800296955,0.31625835189309576,4.0,4.011111111111111,2
910,0.3667409057164069,0.31403118040089084,4.0,4.011111111111111,2
920,0.36607275426874536,0.31403118040089084,4.0,4.011111111111111,2
930,0.36774313288789906,0.3207126948775056,4.0,4.011111111111111,2
940,0.37086117297698584,0.32293986636971045,4.0,4.011111111111111,2
950,0.36722345953971786,0.3184855233853007,4.0,4.011111111111111,2
960,0.3707498144023756,0.32516703786191536,4.0,4.011111111111111,2
970,0.3750556792873051,0.33184855233853006,4.0,4.011111111111111,2
980,0.3315515961395694,0.2873051224944321,4.0,4.011111111111111,2
990,0.3275426874536006,0.2828507795100223,4.0,4.011111111111111,2
1000,0.32520415738678543,0.27839643652561247,4.0,4.011111111111111,2
1010,0.33062360801781737,0.2828507795100223,4.0,4.011111111111111,2
1020,0.3329250185597624,0.2828507795100223,4.0,4.011111111111111,2
1030,0.3325167037861916,0.2873051224944321,4.0,4.011111111111111,2
1040,0.1769116555308092,0.14253897550111358,4.0,4.011111111111111,2
1050,0.18225686711210096,0.1447661469933185,4.0,4.011111111111111,2
1060,0.18281365998515217,0.14253897550111358,4.0,4.011111111111111,2
1070,0.19146250927988123,0.14253897550111358,4.0,4.011111111111111,2
1080,0.1975872308834447,0.14699331848552338,4.0,4.011111111111111,2
1090,0.22605790645879734,0.15812917594654788,4.0,4.011111111111111,2
1100,0.23069784706755753,0.16703786191536749,4.0,4.011111111111111,2
1110,0.24469190794357834,0.16703786191536749,4.0,4.011111111111111,2
1120,0.2501855976243504,0.1759465478841871,4.0,4.011111111111111,2
1130,0.25204157386785453,0.1759465478841871,4.0,4.011111111111111,2
1140,0.25593912397921303,0.17817371937639198,4.0,4.011111111111111,2
1150,0.29710467706013366,0.18485523385300667,4.0,4.011111111111111,2
1160,0.29654788418708244,0.18485523385300667,4.0,4.011111111111111,2
1170,0.2978841870824053,0.18262806236080179,4.0,4.011111111111111,2
1180,0.30749814402375647,0.18930957683741648,4.0,4.011111111111111,2
1190,0.3093541202672606,0.18930957683741648,4.0,4.011111111111111,2
1200,0.31035634743875284,0.19376391982182628,4.0,4.011111111111111,2
1210,0.31481069042316256,0.20489977728285078,4.0,4.011111111111111,2
1220,0.31377134372680027,0.2026726057906459,4.0,4.011111111111111,2
1230,0.3192279138827023,0.21158129175946547,4.0,4.011111111111111,2
1240,0.3290274684484039,0.21380846325167038,4.0,4.011111111111111,2
1250,0.332293986636971,0.22271714922049,4.0,4.011111111111111,2
1260,0.33656273199703046,0.23162583518930957,4.0,4.011111111111111,2
1270,0.3371195248700817,0.22939866369710468,4.0,4.011111111111111,2
1280,0.3517817371937639,0.24944320712694878,4.0,4.011111111111111,2
1290,0.34818114328136596,0.2516703786191537,4.0,4.011111111111111,2
1300,0.350890868596882,0.2561247216035635,4.0,4.011111111111111,2
1310,0.3520786933927245,0.26057906458797325,4.0,4.011111111111111,2
1320,0.3497401633259094,0.26280623608017817,4.0,4.011111111111111,2
1330,0.36473645137342237,0.2806236080178174,4.0,4.011111111111111,2
1340,0.3651818856718633,0.2806236080178174,4.0,4.011111111111111,2
1350,0.35530809205642166,0.2717149220489978,4.0,4.011111111111111,2
1360,0.35504825538233115,0.30066815144766146,4.0,4.011111111111111,2
1370,0.35371195248700815,0.2984409799554566,4.0,4.011111111111111,2
1380,0.3680400890868597,0.3207126948775056,4.0,4.011111111111111,2
1390,0.3638084632516704,0.31625835189309576,4.0,4.011111111111111,2
1400,0.3670378619153675,0.32293986636971045,4.0,4.011111111111111,2
1410,0.3667780252412769,0.3207126948775056,4.0,4.011111111111111,2
1420,0.3583890126206385,0.3028953229398664,4.0,4.011111111111111,2
1430,0.36213808463251673,0.30734966592427615,4.0,4.011111111111111,2
1440,0.30716406829992576,0.26948775055679286,4.0,4.011111111111111,2
1450,0.3099109131403118,0.26948775055679286,4.0,4.011111111111111,2
1460,0.31369710467706013,0.26948775055679286,4.0,4.011111111111111,2
1470,0.31737193763919824,0.2717149220489978,4.0,4.011111111111111,2
1480,0.31484780994803263,0.2650334075723831,4.0,4.011111111111111,2
1490,0.31262063845582777,0.25389755011135856,4.0,4.011111111111111,2
1500,0.3281365998515219,0.27616926503340755,4.0,4.011111111111111,2
1510,0.3400890868596882,0.29175946547884185,4.0,4.011111111111111,2
1520,0.33207126948775056,0.27839643652561247,4.0,4.011111111111111,2
1530,0.32761692650334073,0.2717149220489978,4.0,4.011111111111111,2
1540,0.3238678544914625,0.27616926503340755,4.0,4.011111111111111,2
1550,0.32383073496659237,0.27616926503340755,4.0,4.011111111111111,2
1560,0.3258351893095769,0.27839643652561247,4.0,4.011111111111111,2
1570,0.32557535263548626,0.289532293986637,4.0,4.011111111111111,2
1580,0.32847067557535264,0.29175946547884185,4.0,4.011111111111111,2
1590,0.32709725315515964,0.28507795100222716,4.0,4.011111111111111,2
1600,0.31674090571640684,0.26280623608017817,4.0,4.011111111111111,2
1610,0.35642167780252415,0.3184855233853007,4.0,4.011111111111111,2
1620,0.35408314773570904,0.31625835189309576,4.0,4.011111111111111,2
1630,0.35530809205642166,0.311804008908686,4.0,4.011111111111111,2
1640,0.357312546399406,0.3184855233853007,4.0,4.011111111111111,2
1650,0.34291017074981434,0.3184855233853007,4.0,4.011111111111111,2
1660,0.3418337045285821,0.3207126948775056,4.0,4.011111111111111,2
1670,0.3320712694877506,0.30734966592427615,4.0,4.011111111111111,2
1680,0.3371195248700817,0.30957683741648107,4.0,4.011111111111111,2
1690,0.3382702301410542,0.31403118040089084,4.0,4.011111111111111,2
1700,0.3340386043058649,0.30066815144766146,4.0,4.011111111111111,2
1710,0.3342984409799555,0.3028953229398664,4.0,4.011111111111111,2
1720,0.3425018559762435,0.311804008908686,4.0,4.011111111111111,2
1730,0.342724573125464,0.30957683741648107,4.0,4.011111111111111,2
1740,0.33184855233853006,0.27839643652561247,4.0,4.011111111111111,2
1750,0.33337045285820344,0.2806236080178174,4.0,4.011111111111111,2
1760,0.3383815887156644,0.2873051224944321,4.0,4.011111111111111,2
1770,0.34012620638455826,0.2962138084632517,4.0,4.011111111111111,2
1780,0.33466963622865625,0.2962138084632517,4.0,4.011111111111111,2
1790,0.33916109873793615,0.30066815144766146,4.0,4.011111111111111,2
1800,0.3325167037861916,0.289532293986637,4.0,4.011111111111111,2
1810,0.3351893095768374,0.29175946547884185,4.0,4.011111111111111,2
1820,0.3523385300668151,0.3051224944320713,4.0,4.011111111111111,2
1830,0.35007423904974017,0.30066815144766146,4.0,4.011111111111111,2
1840,0.3538604305864885,0.30957683741648107,4.0,4.011111111111111,2
1850,0.3701187824795843,0.30734966592427615,4.0,4.011111111111111,2
1860,0.368634001484781,0.3028953229398664,4.0,4.011111111111111,2
1870,0.38370452858203413,0.32962138084632514,4.0,4.011111111111111,2
1880,0.3920193021529324,0.3429844097995546,4.0,4.011111111111111,2
1890,0.40270972531551597,0.36080178173719374,4.0,4.011111111111111,2
1900,0.3988121752041574,0.35634743875278396,4.0,4.011111111111111,2
1910,0.39498886414253903,0.35412026726057905,4.0,4.011111111111111,2
1920,0.3997030438010393,0.36080178173719374,4.0,4.011111111111111,2
1930,0.40360059391239794,0.3674832962138085,4.0,4.011111111111111,2
1940,0.40181885671863404,0.36971046770601335,4.0,4.011111111111111,2
1950,0.40300668151447666,0.3741648106904232,4.0,4.011111111111111,2
1960,0.4002227171492205,0.38084632516703787,4.0,4.011111111111111,2
1970,0.40634743875278395,0.39643652561247217,4.0,4.011111111111111,2
1980,0.39034892353377876,0.36302895322939865,4.0,4.011111111111111,2
1990,0.365887156644395,0.3429844097995546,4.0,4.011111111111111,2
2000,0.3556421677802524,0.32516703786191536,4.0,4.011111111111111,2
2010,0.3629175946547884,0.32293986636971045,4.0,4.011111111111111,2
2020,0.35905716406829985,0.3184855233853007,4.0,4.011111111111111,2
2030,0.366332590942836,0.33853006681514475,4.0,4.011111111111111,2
2040,0.25070527097253154,0.2182628062360802,4.0,4.011111111111111,2
2050,0.2524127691165553,0.2182628062360802,4.0,4.011111111111111,2
2060,0.2556421677802524,0.22048997772828507,4.0,4.011111111111111,2
2070,0.3241648106904232,0.23385300668151449,4.0,4.011111111111111,2
2080,0.32386785449146255,0.23608017817371937,4.0,4.011111111111111,2
2090,0.32847067557535264,0.2383073496659243,4.0,4.011111111111111,2
2100,0.3405345211581292,0.25389755011135856,4.0,4.011111111111111,2
2110,0.34795842613214556,0.26057906458797325,4.0,4.011111111111111,2
2120,0.3620267260579065,0.311804008908686,4.0,4.011111111111111,2
2130,0.3647735708982925,0.31625835189309576,4.0,4.011111111111111,2
2140,0.363177431328879,0.31625835189309576,4.0,4.011111111111111,2
2150,0.3623979213066073,0.3184855233853007,4.0,4.011111111111111,2
2160,0.2465850037119525,0.22048997772828507,4.0,4.011111111111111,2
2170,0.24951744617668895,0.22048997772828507,4.0,4.011111111111111,2
2180,0.2544172234595397,0.22271714922049,4.0,4.011111111111111,2
2190,0.2642910170749814,0.21380846325167038,4.0,4.011111111111111,2
2200,0.27060133630289535,0.20935412026726058,4.0,4.011111111111111,2
2210,0.28459539717891613,0.2182628062360802,4.0,4.011111111111111,2
2220,0.28667409057164067,0.2182628062360802,4.0,4.011111111111111,2
2230,0.2871195248700817,0.22048997772828507,4.0,4.011111111111111,2
2240,0.29235337787676313,0.23162583518930957,4.0,4.011111111111111,2
2250,0.30051967334818114,0.22494432071269488,4.0,4.011111111111111,2
2260,0.2925760950259837,0.21380846325167038,4.0,4.011111111111111,2
2270,0.3571269487750557,0.2806236080178174,4.0,4.011111111111111,2
2280,0.35801781737193766,0.2828507795100223,4.0,4.011111111111111,2
2290,0.35942835931700073,0.28507795100222716,4.0,4.011111111111111,2
2300,0.35902004454342984,0.289532293986637,4.0,4.011111111111111,2
2310,0.34832962138084633,0.27839643652561247,4.0,4.011111111111111,2
2320,0.35007423904974017,0.2806236080178174,4.0,4.011111111111111,2
2330,0.3521900519673348,0.2828507795100223,4.0,4.011111111111111,2
2340,0.3520786933927245,0.2828507795100223,4.0,4.011111111111111,2
2350,0.3271343726800297,0.2583518930957684,4.0,4.011111111111111,2
2360,0.32765404602821085,0.2583518930957684,4.0,4.011111111111111,2
2370,0.3420564216778025,0.2739420935412027,4.0,4.011111111111111,2
2380,0.3443578322197476,0.27839643652561247,4.0,4.011111111111111,2
2390,0.35831477357089825,0.31625835189309576,4.0,4.011111111111111,2
2400,0.3334818114328137,0.2806236080178174,4.0,4.011111111111111,2
2410,0.32509279881217523,0.25389755011135856,4.0,4.011111111111111,2
2420,0.3574239049740164,0.2984409799554566,4.0,4.011111111111111,2
2430,0.358611729769859,0.2984409799554566,4.0,4.011111111111111,2
2440,0.3599480326651819,0.30066815144766146,4.0,4.011111111111111,2
2450,0.36391982182628063,0.30957683741648107,4.0,4.011111111111111,2
2460,0.16239792130660727,0.10022271714922049,4.0,4.011111111111111,2
2470,0.17683741648106904,0.10467706013363029,4.0,4.011111111111111,2
2480,0.181365998515219,0.10690423162583519,4.0,4.011111111111111,2
2490,0.18247958426132146,0.10467706013363029,4.0,4.011111111111111,2
2500,0.20478841870824052,0.11804008908685969,4.0,4.011111111111111,2
2510,0.21737193763919824,0.1291759465478842,4.0,4.011111111111111,2
2520,0.223645137342242,0.1291759465478842,4.0,4.011111111111111,2
2530,0.22854491462509283,0.1403118040089087,4.0,4.011111111111111,2
2540,0.22847067557535267,0.1358574610244989,4.0,4.011111111111111,2
2550,0.24966592427616927,0.1492204899777283,4.0,4.011111111111111,2
2560,0.2619896065330364,0.16703786191536749,4.0,4.011111111111111,2
2570,0.27197475872308835,0.17817371937639198,4.0,4.011111111111111,2
2580,0.2765775798069785,0.18040089086859687,4.0,4.011111111111111,2
2590,0.28582034149962876,0.19821826280623608,4.0,4.011111111111111,2
2600,0.2917223459539718,0.20935412026726058,4.0,4.011111111111111,2
2610,0.2952115812917595,0.21380846325167038,4.0,4.011111111111111,2
2620,0.2929844097995546,0.21158129175946547,4.0,4.011111111111111,2
2630,0.28893838158871565,0.2071269487750557,4.0,4.011111111111111,2
2640,0.28426132145508537,0.20935412026726058,4.0,4.011111111111111,2
2650,0.28622865627319966,0.21158129175946547,4.0,4.011111111111111,2
2660,0.28218262806236083,0.20044543429844097,4.0,4.011111111111111,2
2670,0.2838158871566444,0.20489977728285078,4.0,4.011111111111111,2
2680,0.31410541945063103,0.23385300668151449,4.0,4.011111111111111,2
2690,0.3221603563474387,0.24276169265033407,4.0,4.011111111111111,2
2700,0.3369710467706013,0.24944320712694878,4.0,4.011111111111111,2
2710,0.3301781737193764,0.2383073496659243,4.0,4.011111111111111,2
2720,0.3256124721603563,0.24053452115812918,4.0,4.011111111111111,2
2730,0.3422048997772828,0.26057906458797325,4.0,4.011111111111111,2
2740,0.3446919079435783,0.26948775055679286,4.0,4.011111111111111,2
2750,0.32598366740905715,0.29175946547884185,4.0,4.011111111111111,2
2760,0.32576095025983665,0.289532293986637,4.0,4.011111111111111,2
2770,0.32932442464736456,0.29398663697104677,4.0,4.011111111111111,2
2780,0.3280994803266518,0.29175946547884185,4.0,4.011111111111111,2
2790,0.3175575352635486,0.27616926503340755,4.0,4.011111111111111,2
2800,0.3156644394951745,0.2739420935412027,4.0,4.011111111111111,2
2810,0.3154788418708241,0.26948775055679286,4.0,4.011111111111111,2
2820,0.3163325909428359,0.2717149220489978,4.0,4.011111111111111,2
2830,0.31503340757238313,0.25389755011135856,4.0,4.011111111111111,2
2840,0.314550853749072,0.2516703786191537,4.0,4.011111111111111,2
2850,0.2712694877505568,0.22939866369710468,4.0,4.011111111111111,2
2860,0.3451744617668894,0.2739420935412027,4.0,4.011111111111111,2
2870,0.3425760950259837,0.267260579064588,4.0,4.011111111111111,2
2880,0.34424647364513733,0.2650334075723831,4.0,4.011111111111111,2
2890,0.3483667409057164,0.26948775055679286,4.0,4.011111111111111,2
2900,0.35077951002227165,0.2806236080178174,4.0,4.011111111111111,2
2910,0.35452858203415,0.28507795100222716,4.0,4.011111111111111,2
2920,0.3647735708982925,0.2984409799554566,4.0,4.011111111111111,2
2930,0.3674090571640683,0.2984409799554566,4.0,4.011111111111111,2
2940,0.3565701559020044,0.2873051224944321,4.0,4.011111111111111,2
2950,0.36005939123979214,0.29398663697104677,4.0,4.011111111111111,2
2960,0.3639569413511507,0.31625835189309576,4.0,4.011111111111111,2
2970,0.3676688938381589,0.3207126948775056,4.0,4.011111111111111,2
2980,0.35601336302895326,0.2984409799554566,4.0,4.011111111111111,2
2990,0.36143281365998514,0.30734966592427615,4.0,4.011111111111111,2
3000,0.3507423904974016,0.29175946547884185,4.0,4.011111111111111,2
3010,0.34907201187824793,0.289532293986637,4.0,4.011111111111111,2
3020,0.3446176688938381,0.28507795100222716,4.0,4.011111111111111,2
3030,0.344097995545657,0.27616926503340755,4.0,4.011111111111111,2
3040,0.32386785449146255,0.24721603563474387,4.0,4.011111111111111,2
3050,0.3233853006681514,0.24721603563474387,4.0,4.011111111111111,2
3060,0.3286933927245731,0.24944320712694878,4.0,4.011111111111111,2
3070,0.3301781737193764,0.24944320712694878,4.0,4.011111111111111,2
3080,0.33656273199703046,0.2739420935412027,4.0,4.011111111111111,2
3090,0.33763919821826277,0.2717149220489978,4.0,4.011111111111111,2
3100,0.3384187082405345,0.27616926503340755,4.0,4.011111111111111,2
3110,0.3378619153674833,0.26948775055679286,4.0,4.011111111111111,2
3120,0.3358203414996288,0.267260579064588,4.0,4.011111111111111,2
3130,0.3376763177431329,0.267260579064588,4.0,4.011111111111111,2
3140,0.3307349665924276,0.2650334075723831,4.0,4.011111111111111,2
3150,0.33370452858203414,0.267260579064588,4.0,4.011111111111111,2
3160,0.3357832219747587,0.26948775055679286,4.0,4.011111111111111,2
3170,0.33593170007423906,0.26948775055679286,4.0,4.011111111111111,2
3180,0.35415738678544917,0.30066815144766146,4.0,4.011111111111111,2
3190,0.3556792873051225,0.2984409799554566,4.0,4.011111111111111,2
3200,0.3560133630289532,0.30066815144766146,4.0,4.011111111111111,2
3210,0.3587602078693392,0.3051224944320713,4.0,4.011111111111111,2
3220,0.3546770601336302,0.29175946547884185,4.0,4.011111111111111,2
3230,0.357720861172977,0.29398663697104677,4.0,4.011111111111111,2
3240,0.3596881959910913,0.2962138084632517,4.0,4.011111111111111,2
3250,0.3612843355605048,0.3028953229398664,4.0,4.011111111111111,2
3260,0.35267260579064585,0.2873051224944321,4.0,4.011111111111111,2
3270,0.35308092056421675,0.2873051224944321,4.0,4.011111111111111,2
3280,0.356829992576095,0.29175946547884185,4.0,4.011111111111111,2
3290,0.36340014847809954,0.2984409799554566,4.0,4.011111111111111,2
3300,0.3544543429844098,0.29175946547884185,4.0,4.011111111111111,2
3310,0.3493318485523385,0.2828507795100223,4.0,4.011111111111111,2
3320,0.35170749814402374,0.289532293986637,4.0,4.011111111111111,2
3330,0.35055679287305125,0.28507795100222716,4.0,4.011111111111111,2
3340,0.35434298440979956,0.29175946547884185,4.0,4.011111111111111,2
3350,0.3610987379361544,0.29175946547884185,4.0,4.011111111111111,2
3360,0.3627691165553081,0.29398663697104677,4.0,4.011111111111111,2
3370,0.3678544914625093,0.2984409799554566,4.0,4.011111111111111,2
3380,0.3685968819599109,0.2984409799554566,4.0,4.011111111111111,2
3390,0.3730141054194507,0.30734966592427615,4.0,4.011111111111111,2
3400,0.3714550853749072,0.311804008908686,4.0,4.011111111111111,2
3410,0.37371937639198216,0.32516703786191536,4.0,4.011111111111111,2
3420,0.3712323682256867,0.3207126948775056,4.0,4.011111111111111,2
3430,0.36822568671121003,0.3207126948775056,4.0,4.011111111111111,2
3440,0.3667409057164069,0.32516703786191536,4.0,4.011111111111111,2
3450,0.34083147735708985,0.2962138084632517,4.0,4.011111111111111,2
3460,0.3402375649591685,0.2873051224944321,4.0,4.011111111111111,2
3470,0.3488864142538975,0.2962138084632517,4.0,4.011111111111111,2
3480,0.34962880475129915,0.2962138084632517,4.0,4.011111111111111,2
3490,0.3609873793615441,0.31403118040089084,4.0,4.011111111111111,2
3500,0.3616184112843356,0.31625835189309576,4.0,4.011111111111111,2
3510,0.35070527097253157,0.2962138084632517,4.0,4.011111111111111,2
3520,0.34383815887156643,0.3207126948775056,4.0,4.011111111111111,2
3530,0.342724573125464,0.3207126948775056,4.0,4.011111111111111,2
3540,0.3422420193021529,0.3207126948775056,4.0,4.011111111111111,2
3550,0.3514476614699332,0.33184855233853006,4.0,4.011111111111111,2
3560,0.33659985152190053,0.29398663697104677,4.0,4.011111111111111,2
3570,0.3450631031922792,0.2984409799554566,4.0,4.011111111111111,2
3580,0.350927988121752,0.30066815144766146,4.0,4.011111111111111,2
3590,0.3514476614699332,0.30957683741648107,4.0,4.011111111111111,2
3600,0.34536005939123976,0.311804008908686,4.0,4.011111111111111,2
3610,0.19201930215293245,0.14699331848552338,4.0,4.011111111111111,2
3620,0.21863400148478096,0.1492204899777283,4.0,4.011111111111111,2
3630,0.23247958426132143,0.16926503340757237,4.0,4.011111111111111,2
3640,0.23812175204157388,0.17371937639198218,4.0,4.011111111111111,2
3650,0.24595397178916112,0.17371937639198218,4.0,4.011111111111111,2
3660,0.24491462509279882,0.1714922048997773,4.0,4.011111111111111,2
3670,0.2530438010393467,0.17817371937639198,4.0,4.011111111111111,2
3680,0.29962880475129916,0.20935412026726058,4.0,4.011111111111111,2
3690,0.29910913140311807,0.20935412026726058,4.0,4.011111111111111,2
3700,0.30178173719376394,0.21158129175946547,4.0,4.011111111111111,2
3710,0.3139198218262806,0.2383073496659243,4.0,4.011111111111111,2
3720,0.31109873793615445,0.22939866369710468,4.0,4.011111111111111,2
3730,0.32984409799554565,0.22939866369710468,4.0,4.011111111111111,2
3740,0.3289161098737936,0.22717149220489977,4.0,4.011111111111111,2
3750,0.3321455085374907,0.22939866369710468,4.0,4.011111111111111,2
3760,0.3308463251670379,0.22939866369710468,4.0,4.011111111111111,2
3770,0.35360059391239795,0.27616926503340755,4.0,4.011111111111111,2
3780,0.3556421677802524,0.26948775055679286,4.0,4.011111111111111,2
3790,0.35430586488492943,0.26948775055679286,4.0,4.011111111111111,2
3800,0.35148478099480324,0.2873051224944321,4.0,4.011111111111111,2
3810,0.34803266518188564,0.26948775055679286,4.0,4.011111111111111,2
3820,0.3595025983667409,0.2984409799554566,4.0,4.011111111111111,2
3830,0.3650705270972532,0.30957683741648107,4.0,4.011111111111111,2
3840,0.32397921306607275,0.27839643652561247,4.0,4.011111111111111,2
3850,0.3228656273199703,0.2739420935412027,4.0,4.011111111111111,2
3860,0.31985894580549373,0.2739420935412027,4.0,4.011111111111111,2
3870,0.3207126948775056,0.27616926503340755,4.0,4.011111111111111,2
3880,0.3280994803266518,0.2806236080178174,4.0,4.011111111111111,2
3890,0.33374164810690427,0.2828507795100223,4.0,4.011111111111111,2
3900,0.33452115812917593,0.2806236080178174,4.0,4.011111111111111,2
3910,0.3315144766146994,0.2739420935412027,4.0,4.011111111111111,2
3920,0.35504825538233115,0.3184855233853007,4.0,4.011111111111111,2
3930,0.3507795100222717,0.31625835189309576,4.0,4.011111111111111,2
3940,0.3572011878247958,0.3207126948775056,4.0,4.011111111111111,2
3950,0.3547141796585004,0.31625835189309576,4.0,4.011111111111111,2
3960,0.35274684484038604,0.3028953229398664,4.0,4.011111111111111,2
3970,0.35412026726057905,0.2962138084632517,4.0,4.011111111111111,2
3980,0.35352635486265777,0.29398663697104677,4.0,4.011111111111111,2
3990,0.36206384558277654,0.29398663697104677,4.0,4.011111111111111,2
4000,0.36570155902004453,0.2962138084632517,4.0,4.011111111111111,2
4010,0.37048997772828507,0.3051224944320713,4.0,4.011111111111111,2
4020,0.37212323682256865,0.3051224944320713,4.0,4.011111111111111,2
4030,0.37286562731997036,0.3051224944320713,4.0,4.011111111111111,2
4040,0.3747216035634744,0.32293986636971045,4.0,4.011111111111111,2
4050,0.3798812175204157,0.32293986636971045,4.0,4.011111111111111,2
4060,0.38103192279138826,0.32962138084632514,4.0,4.011111111111111,2
4070,0.38333333333333336,0.34075723830734966,4.0,4.011111111111111,2
4080,0.3756495916852264,0.3363028953229399,4.0,4.011111111111111,2
4090,0.3705270972531552,0.3273942093541203,4.0,4.011111111111111,2
4100,0.37063845582776545,0.3273942093541203,4.0,4.011111111111111,2
4110,0.18663697104677057,0.1358574610244989,4.0,4.011111111111111,2
4120,0.205456570155902,0.14699331848552338,4.0,4.011111111111111,2
4130,0.2239420935412027,0.16703786191536749,4.0,4.011111111111111,2
4140,0.2285820341499629,0.16926503340757237,4.0,4.011111111111111,2
4150,0.23207126948775056,0.17371937639198218,4.0,4.011111111111111,2
4160,0.23414996288047515,0.1759465478841871,4.0,4.011111111111111,2
4170,0.24020044543429842,0.18485523385300667,4.0,4.011111111111111,2
4180,0.24187082405345212,0.18485523385300667,4.0,4.011111111111111,2
4190,0.2561989606533036,0.20044543429844097,4.0,4.011111111111111,2
4200,0.2574610244988864,0.19821826280623608,4.0,4.011111111111111,2
4210,0.26893095768374164,0.21158129175946547,4.0,4.011111111111111,2
4220,0.2793244246473645,0.22048997772828507,4.0,4.011111111111111,2
4230,0.2834075723830735,0.22494432071269488,4.0,4.011111111111111,2
4240,0.272271714922049,0.20935412026726058,4.0,4.011111111111111,2
4250,0.22357089829250185,0.21603563474387527,4.0,4.011111111111111,2
4260,0.2224573125463994,0.21158129175946547,4.0,4.011111111111111,2
4270,0.27052709725315516,0.20489977728285078,4.0,4.011111111111111,2
4280,0.270007423904974,0.20044543429844097,4.0,4.011111111111111,2
4290,0.32230883444691916,0.22271714922049,4.0,4.011111111111111,2
4300,0.3460282108389013,0.28507795100222716,4.0,4.011111111111111,2
4310,0.3410541945063103,0.27839643652561247,4.0,4.011111111111111,2
4320,0.3220489977728286,0.31403118040089084,4.0,4.011111111111111,2
4330,0.31414253897550115,0.289532293986637,4.0,4.011111111111111,2
4340,0.31622123236822564,0.2962138084632517,4.0,4.011111111111111,2
4350,0.31191536748329624,0.289532293986637,4.0,4.011111111111111,2
4360,0.2626206384558277,0.23608017817371937,4.0,4.011111111111111,2
4370,0.26206384558277657,0.22939866369710468,4.0,4.011111111111111,2
4380,0.26362286562732,0.23162583518930957,4.0,4.011111111111111,2
4390,0.27954714179658496,0.23162583518930957,4.0,4.011111111111111,2
4400,0.27564959168522646,0.22717149220489977,4.0,4.011111111111111,2
4410,0.2874164810690423,0.24053452115812918,4.0,4.011111111111111,2
4420,0.2875278396436525,0.24276169265033407,4.0,4.011111111111111,2
4430,0.2993318485523385,0.2561247216035635,4.0,4.011111111111111,2
4440,0.2912769116555308,0.24053452115812918,4.0,4.011111111111111,2
4450,0.29881217520415737,0.22271714922049,4.0,4.011111111111111,2
4460,0.304083147735709,0.22048997772828507,4.0,4.011111111111111,2
4470,0.3046399406087602,0.22048997772828507,4.0,4.011111111111111,2
4480,0.32397921306607275,0.2383073496659243,4.0,4.011111111111111,2
4490,0.3241648106904232,0.23608017817371937,4.0,4.011111111111111,2
0,0.3429844097995546,0.2739420935412027,4.0,4.055555555555555,3
10,0.34083147735708985,0.2739420935412027,4.0,4.055555555555555,3
20,0.3424647364513734,0.2739420935412027,4.0,4.055555555555555,3
30,0.33500371195248696,0.2650334075723831,4.0,4.055555555555555,3
40,0.3409799554565701,0.2806236080178174,4.0,4.055555555555555,3
50,0.35256124721603566,0.29398663697104677,4.0,4.055555555555555,3
60,0.35356347438752783,0.2962138084632517,4.0,4.055555555555555,3
70,0.35660727542687454,0.30066815144766146,4.0,4.055555555555555,3
80,0.34454342984409797,0.2873051224944321,4.0,4.055555555555555,3
90,0.34899777282850775,0.2984409799554566,4.0,4.055555555555555,3
100,0.32557535263548626,0.2583518930957684,4.0,4.055555555555555,3
110,0.32657757980697844,0.26057906458797325,4.0,4.055555555555555,3
120,0.3301039346696362,0.26948775055679286,4.0,4.055555555555555,3
130,0.3285820341499629,0.26280623608017817,4.0,4.055555555555555,3
140,0.3280252412769116,0.26280623608017817,4.0,4.055555555555555,3
150,0.31997030438010393,0.26057906458797325,4.0,4.055555555555555,3
160,0.3205270972531552,0.26948775055679286,4.0,4.055555555555555,3
170,0.31881959910913144,0.2561247216035635,4.0,4.055555555555555,3
180,0.3167409057164068,0.2516703786191537,4.0,4.055555555555555,3
190,0.34992576095025985,0.3051224944320713,4.0,4.055555555555555,3
200,0.34933184855233856,0.3028953229398664,4.0,4.055555555555555,3
210,0.34832962138084633,0.27839643652561247,4.0,4.055555555555555,3
220,0.3494060876020787,0.2828507795100223,4.0,4.055555555555555,3
230,0.36314031180400885,0.3028953229398664,4.0,4.055555555555555,3
240,0.34795842613214556,0.2739420935412027,4.0,4.055555555555555,3
250,0.35846325167037857,0.2962138084632517,4.0,4.055555555555555,3
260,0.3639940608760208,0.3028953229398664,4.0,4.055555555555555,3
270,0.349591685226429,0.28507795100222716,4.0,4.055555555555555,3
280,0.3491462509279882,0.30066815144766146,4.0,4.055555555555555,3
290,0.3429472902746845,0.2806236080178174,4.0,4.055555555555555,3
300,0.34495174461766887,0.28507795100222716,4.0,4.055555555555555,3
310,0.34892353377876767,0.29175946547884185,4.0,4.055555555555555,3
320,0.34769858945805493,0.289532293986637,4.0,4.055555555555555,3
330,0.32427616926503344,0.24944320712694878,4.0,4.055555555555555,3
340,0.32568671121009646,0.24276169265033407,4.0,4.055555555555555,3
350,0.3288418708240535,0.24053452115812918,4.0,4.055555555555555,3
360,0.33930957683741647,0.28507795100222716,4.0,4.055555555555555,3
370,0.33860430586488494,0.289532293986637,4.0,4.055555555555555,3
380,0.3481069042316259,0.2984409799554566,4.0,4.055555555555555,3
390,0.29123979213066076,0.30066815144766146,4.0,4.055555555555555,3
400,0.2994803266518188,0.2984409799554566,4.0,4.055555555555555,3
410,0.30356347438752784,0.2984409799554566,4.0,4.055555555555555,3
420,0.30426874536005943,0.2984409799554566,4.0,4.055555555555555,3
430,0.30742390497401634,0.30066815144766146,4.0,4.055555555555555,3
440,0.3018930957683742,0.26948775055679286,4.0,4.055555555555555,3
450,0.29584261321455085,0.24276169265033407,4.0,4.055555555555555,3
460,0.32913882702301417,0.2828507795100223,4.0,4.055555555555555,3
470,0.31109873793615445,0.2561247216035635,4.0,4.055555555555555,3
480,0.22761692650334073,0.2071269487750557,4.0,4.055555555555555,3
490,0.26559020044543424,0.19821826280623608,4.0,4.055555555555555,3
500,0.27594654788418704,0.21158129175946547,4.0,4.055555555555555,3
510,0.2760950259836674,0.2071269487750557,4.0,4.055555555555555,3
520,0.2741276911655531,0.1915367483296214,4.0,4.055555555555555,3
530,0.2749072011878248,0.19376391982182628,4.0,4.055555555555555,3
540,0.2858574610244989,0.20044543429844097,4.0,4.055555555555555,3
550,0.29383815887156645,0.20044543429844097,4.0,4.055555555555555,3
560,0.29617668893838156,0.20044543429844097,4.0,4.055555555555555,3
570,0.2921306607275427,0.19821826280623608,4.0,4.055555555555555,3
580,0.29502598366740906,0.20044543429844097,4.0,4.055555555555555,3
590,0.307275426874536,0.22271714922049,4.0,4.055555555555555,3
600,0.3079064587973274,0.22717149220489977,4.0,4.055555555555555,3
610,0.3116555308092056,0.23385300668151449,4.0,4.055555555555555,3
620,0.31874536005939125,0.24944320712694878,4.0,4.055555555555555,3
630,0.32783964365256124,0.26057906458797325,4.0,4.055555555555555,3
640,0.33348181143281364,0.26280623608017817,4.0,4.055555555555555,3
650,0.3330734966592428,0.26057906458797325,4.0,4.055555555555555,3
660,0.335931700074239,0.26280623608017817,4.0,4.055555555555555,3
670,0.33544914625092803,0.26057906458797325,4.0,4.055555555555555,3
680,0.33489235337787676,0.2583518930957684,4.0,4.055555555555555,3
690,0.33181143281365993,0.2516703786191537,4.0,4.055555555555555,3
700,0.32936154417223457,0.2516703786191537,4.0,4.055555555555555,3
710,0.3321826280623608,0.267260579064588,4.0,4.055555555555555,3
720,0.32609502598366746,0.26280623608017817,4.0,4.055555555555555,3
730,0.3264291017074981,0.26280623608017817,4.0,4.055555555555555,3
740,0.32397921306607275,0.26280623608017817,4.0,4.055555555555555,3
750,0.32509279881217523,0.2650334075723831,4.0,4.055555555555555,3
760,0.34639940608760206,0.289532293986637,4.0,4.055555555555555,3
770,0.3504083147735709,0.29398663697104677,4.0,4.055555555555555,3
780,0.35059391239792137,0.30066815144766146,4.0,4.055555555555555,3
790,0.3146250927988121,0.3028953229398664,4.0,4.055555555555555,3
800,0.3117668893838159,0.2962138084632517,4.0,4.055555555555555,3
810,0.3127691165553081,0.2962138084632517,4.0,4.055555555555555,3
820,0.3149591685226429,0.2984409799554566,4.0,4.055555555555555,3
830,0.31540460282108385,0.29398663697104677,4.0,4.055555555555555,3
840,0.3185597624350408,0.2962138084632517,4.0,4.055555555555555,3
850,0.3204899777282851,0.2984409799554566,4.0,4.055555555555555,3
860,0.3341499628804751,0.30957683741648107,4.0,4.055555555555555,3
870,0.33552338530066816,0.31403118040089084,4.0,4.055555555555555,3
880,0.3345953971789161,0.29398663697104677,4.0,4.055555555555555,3
890,0.33659985152190053,0.2984409799554566,4.0,4.055555555555555,3
900,0.3382702301410542,0.2962138084632517,4.0,4.055555555555555,3
910,0.3358203414996288,0.30066815144766146,4.0,4.055555555555555,3
920,0.341351150705271,0.30734966592427615,4.0,4.055555555555555,3
930,0.25879732739420935,0.24498886414253898,4.0,4.055555555555555,3
940,0.26065330363771344,0.24498886414253898,4.0,4.055555555555555,3
950,0.26514476614699334,0.2383073496659243,4.0,4.055555555555555,3
960,0.2659613956941351,0.24053452115812918,4.0,4.055555555555555,3
970,0.2785820341499629,0.24721603563474387,4.0,4.055555555555555,3
980,0.2715664439495174,0.23385300668151449,4.0,4.055555555555555,3
990,0.28002969561989605,0.23162583518930957,4.0,4.055555555555555,3
1000,0.2935040831477357,0.24721603563474387,4.0,4.055555555555555,3
1010,0.3004083147735709,0.24721603563474387,4.0,4.055555555555555,3
1020,0.19268745360059392,0.14699331848552338,4.0,4.055555555555555,3
1030,0.21377134372680026,0.1447661469933185,4.0,4.055555555555555,3
1040,0.21429101707498144,0.14253897550111358,4.0,4.055555555555555,3
1050,0.22598366740905718,0.1492204899777283,4.0,4.055555555555555,3
1060,0.29339272457312543,0.20935412026726058,4.0,4.055555555555555,3
1070,0.31896807720861176,0.23162583518930957,4.0,4.055555555555555,3
1080,0.3207126948775056,0.23385300668151449,4.0,4.055555555555555,3
1090,0.3327023014105419,0.26280623608017817,4.0,4.055555555555555,3
1100,0.3342984409799554,0.2717149220489978,4.0,4.055555555555555,3
1110,0.3357461024498886,0.27839643652561247,4.0,4.055555555555555,3
1120,0.3353377876763177,0.2828507795100223,4.0,4.055555555555555,3
1130,0.33069784706755756,0.27616926503340755,4.0,4.055555555555555,3
1140,0.3289161098737936,0.27839643652561247,4.0,4.055555555555555,3
1150,0.3274313288789904,0.27839643652561247,4.0,4.055555555555555,3
1160,0.3348181143281366,0.2828507795100223,4.0,4.055555555555555,3
1170,0.3313288789903489,0.2739420935412027,4.0,4.055555555555555,3
1180,0.3299554565701559,0.27616926503340755,4.0,4.055555555555555,3
1190,0.324127691165553,0.26280623608017817,4.0,4.055555555555555,3
1200,0.32501855976243504,0.26280623608017817,4.0,4.055555555555555,3
1210,0.32861915367483296,0.2650334075723831,4.0,4.055555555555555,3
1220,0.3368968077208611,0.27616926503340755,4.0,4.055555555555555,3
1230,0.33459539717891607,0.2717149220489978,4.0,4.055555555555555,3
1240,0.32750556792873053,0.2650334075723831,4.0,4.055555555555555,3
1250,0.31495916852264294,0.25389755011135856,4.0,4.055555555555555,3
1260,0.3160356347438753,0.25389755011135856,4.0,4.055555555555555,3
1270,0.30853749072011877,0.24721603563474387,4.0,4.055555555555555,3
1280,0.31510764662212326,0.24498886414253898,4.0,4.055555555555555,3
1290,0.31544172234595397,0.24276169265033407,4.0,4.055555555555555,3
1300,0.3117668893838159,0.23385300668151449,4.0,4.055555555555555,3
1310,0.3119896065330363,0.23608017817371937,4.0,4.055555555555555,3
1320,0.3056050482553823,0.22939866369710468,4.0,4.055555555555555,3
1330,0.30916852264291017,0.22939866369710468,4.0,4.055555555555555,3
1340,0.31213808463251674,0.23608017817371937,4.0,4.055555555555555,3
1350,0.3216778025241277,0.24498886414253898,4.0,4.055555555555555,3
1360,0.3231254639940609,0.24498886414253898,4.0,4.055555555555555,3
1370,0.3245731254639941,0.24053452115812918,4.0,4.055555555555555,3
1380,0.32557535263548626,0.24276169265033407,4.0,4.055555555555555,3
1390,0.32516703786191536,0.23385300668151449,4.0,4.055555555555555,3
1400,0.31495916852264294,0.2516703786191537,4.0,4.055555555555555,3
1410,0.31365998515219,0.25389755011135856,4.0,4.055555555555555,3
1420,0.3149591685226429,0.2561247216035635,4.0,4.055555555555555,3
1430,0.3313288789903489,0.2739420935412027,4.0,4.055555555555555,3
1440,0.33285077951002223,0.2806236080178174,4.0,4.055555555555555,3
1450,0.3367854491462509,0.28507795100222716,4.0,4.055555555555555,3
1460,0.3391982182628063,0.28507795100222716,4.0,4.055555555555555,3
1470,0.3414253897550111,0.289532293986637,4.0,4.055555555555555,3
1480,0.339086859688196,0.2828507795100223,4.0,4.055555555555555,3
1490,0.34083147735708985,0.28507795100222716,4.0,4.055555555555555,3
1500,0.34636228656273194,0.29175946547884185,4.0,4.055555555555555,3
1510,0.3593170007423905,0.3051224944320713,4.0,4.055555555555555,3
1520,0.3473645137342242,0.2873051224944321,4.0,4.055555555555555,3
1530,0.3470675575352635,0.28507795100222716,4.0,4.055555555555555,3
1540,0.3467706013363029,0.28507795100222716,4.0,4.055555555555555,3
1550,0.3517817371937639,0.29398663697104677,4.0,4.055555555555555,3
1560,0.35163325909428356,0.289532293986637,4.0,4.055555555555555,3
1570,0.3495916852264291,0.289532293986637,4.0,4.055555555555555,3
1580,0.3446176688938382,0.289532293986637,4.0,4.055555555555555,3
1590,0.34914625092798807,0.2984409799554566,4.0,4.055555555555555,3
1600,0.34569413511507047,0.2962138084632517,4.0,4.055555555555555,3
1610,0.3557535263548626,0.31403118040089084,4.0,4.055555555555555,3
1620,0.3543058648849295,0.2984409799554566,4.0,4.055555555555555,3
1630,0.3591685226429102,0.30734966592427615,4.0,4.055555555555555,3
1640,0.361841128433556,0.31403118040089084,4.0,4.055555555555555,3
1650,0.3633259094283593,0.31403118040089084,4.0,4.055555555555555,3
1660,0.36035634743875283,0.311804008908686,4.0,4.055555555555555,3
1670,0.35924276169265035,0.30957683741648107,4.0,4.055555555555555,3
1680,0.35961395694135107,0.311804008908686,4.0,4.055555555555555,3
1690,0.3630660727542687,0.31625835189309576,4.0,4.055555555555555,3
1700,0.2775798069784707,0.25389755011135856,4.0,4.055555555555555,3
1710,0.28129175946547885,0.2516703786191537,4.0,4.055555555555555,3
1720,0.2853749072011878,0.2583518930957684,4.0,4.055555555555555,3
1730,0.28619153674832964,0.2561247216035635,4.0,4.055555555555555,3
1740,0.3180772086117298,0.24053452115812918,4.0,4.055555555555555,3
1750,0.31826280623608016,0.24498886414253898,4.0,4.055555555555555,3
1760,0.3218634001484781,0.24498886414253898,4.0,4.055555555555555,3
1770,0.32331106161841133,0.24276169265033407,4.0,4.055555555555555,3
1780,0.3250556792873051,0.24053452115812918,4.0,4.055555555555555,3
1790,0.32160356347438745,0.23608017817371937,4.0,4.055555555555555,3
1800,0.31989606533036374,0.23608017817371937,4.0,4.055555555555555,3
1810,0.3226057906458798,0.24053452115812918,4.0,4.055555555555555,3
1820,0.3238678544914625,0.24053452115812918,4.0,4.055555555555555,3
1830,0.3237564959168523,0.24053452115812918,4.0,4.055555555555555,3
1840,0.3311804008908686,0.2561247216035635,4.0,4.055555555555555,3
1850,0.3262063845582776,0.2516703786191537,4.0,4.055555555555555,3
1860,0.32524127691165555,0.26948775055679286,4.0,4.055555555555555,3
1870,0.3229769858945805,0.26948775055679286,4.0,4.055555555555555,3
1880,0.3187824795842613,0.26057906458797325,4.0,4.055555555555555,3
1890,0.3271343726800297,0.267260579064588,4.0,4.055555555555555,3
1900,0.3327023014105419,0.2739420935412027,4.0,4.055555555555555,3
1910,0.3350408314773571,0.2806236080178174,4.0,4.055555555555555,3
1920,0.3367854491462509,0.2828507795100223,4.0,4.055555555555555,3
1930,0.3392353377876763,0.2962138084632517,4.0,4.055555555555555,3
1940,0.3470675575352636,0.30066815144766146,4.0,4.055555555555555,3
1950,0.34613956941351154,0.2984409799554566,4.0,4.055555555555555,3
1960,0.33693392724573124,0.2873051224944321,4.0,4.055555555555555,3
1970,0.33830734966592424,0.29175946547884185,4.0,4.055555555555555,3
1980,0.34157386785449145,0.29175946547884185,4.0,4.055555555555555,3
1990,0.3429472902746845,0.29398663697104677,4.0,4.055555555555555,3
2000,0.3484038604305865,0.2984409799554566,4.0,4.055555555555555,3
2010,0.3452487008166295,0.29398663697104677,4.0,4.055555555555555,3
2020,0.3351893095768374,0.27839643652561247,4.0,4.055555555555555,3
2030,0.3349294729027468,0.2806236080178174,4.0,4.055555555555555,3
2040,0.33177431328878987,0.2717149220489978,4.0,4.055555555555555,3
2050,0.3300668151447661,0.267260579064588,4.0,4.055555555555555,3
2060,0.3307349665924276,0.267260579064588,4.0,4.055555555555555,3
2070,0.33221974758723094,0.26948775055679286,4.0,4.055555555555555,3
2080,0.33481811432813663,0.2739420935412027,4.0,4.055555555555555,3
2090,0.3380846325167038,0.27839643652561247,4.0,4.055555555555555,3
2100,0.34068299925760953,0.27839643652561247,4.0,4.055555555555555,3
2110,0.3419450631031922,0.2828507795100223,4.0,4.055555555555555,3
2120,0.3457683741648107,0.289532293986637,4.0,4.055555555555555,3
2130,0.34703043801039346,0.2984409799554566,4.0,4.055555555555555,3
2140,0.3509651076466221,0.2984409799554566,4.0,4.055555555555555,3
2150,0.35541945063103186,0.3051224944320713,4.0,4.055555555555555,3
2160,0.3549368968077209,0.2984409799554566,4.0,4.055555555555555,3
2170,0.32936154417223457,0.2739420935412027,4.0,4.055555555555555,3
2180,0.33080920564216776,0.2717149220489978,4.0,4.055555555555555,3
2190,0.3353377876763177,0.27839643652561247,4.0,4.055555555555555,3
2200,0.3309948032665182,0.28507795100222716,4.0,4.055555555555555,3
2210,0.3347067557535264,0.289532293986637,4.0,4.055555555555555,3
2220,0.3380103934669636,0.289532293986637,4.0,4.055555555555555,3
2230,0.3368596881959911,0.2873051224944321,4.0,4.055555555555555,3
2240,0.334521158129176,0.28507795100222716,4.0,4.055555555555555,3
2250,0.36343726800296955,0.32293986636971045,4.0,4.055555555555555,3
2260,0.36288047512991833,0.32516703786191536,4.0,4.055555555555555,3
2270,0.3626577579806979,0.32516703786191536,4.0,4.055555555555555,3
2280,0.3640311804008909,0.32293986636971045,4.0,4.055555555555555,3
2290,0.36967334818114334,0.32962138084632514,4.0,4.055555555555555,3
2300,0.3666295471417965,0.32293986636971045,4.0,4.055555555555555,3
2310,0.3621752041573868,0.3207126948775056,4.0,4.055555555555555,3
2320,0.36406829992576095,0.31625835189309576,4.0,4.055555555555555,3
2330,0.37048997772828507,0.32962138084632514,4.0,4.055555555555555,3
2340,0.36826280623608015,0.3273942093541203,4.0,4.055555555555555,3
2350,0.3613214550853749,0.31625835189309576,4.0,4.055555555555555,3
2360,0.3637342242019302,0.3207126948775056,4.0,4.055555555555555,3
2370,0.36521900519673345,0.32293986636971045,4.0,4.055555555555555,3
2380,0.35979955456570156,0.31403118040089084,4.0,4.055555555555555,3
2390,0.356829992576095,0.30734966592427615,4.0,4.055555555555555,3
2400,0.357720861172977,0.311804008908686,4.0,4.055555555555555,3
2410,0.364996288047513,0.3184855233853007,4.0,4.055555555555555,3
2420,0.34109131403118037,0.289532293986637,4.0,4.055555555555555,3
2430,0.3467334818114328,0.29398663697104677,4.0,4.055555555555555,3
2440,0.34936896807720863,0.30066815144766146,4.0,4.055555555555555,3
2450,0.35159613956941355,0.30066815144766146,4.0,4.055555555555555,3
2460,0.359985152190052,0.2984409799554566,4.0,4.055555555555555,3
2470,0.36833704528582034,0.31403118040089084,4.0,4.055555555555555,3
2480,0.36570155902004453,0.30734966592427615,4.0,4.055555555555555,3
2490,0.3653674832962138,0.30957683741648107,4.0,4.055555555555555,3
2500,0.3651447661469933,0.31625835189309576,4.0,4.055555555555555,3
2510,0.35289532293986636,0.3028953229398664,4.0,4.055555555555555,3
2520,0.34818114328136596,0.29398663697104677,4.0,4.055555555555555,3
2530,0.1750927988121752,0.11804008908685969,4.0,4.055555555555555,3
2540,0.17642910170749815,0.12249443207126949,4.0,4.055555555555555,3
2550,0.1838158871566444,0.12472160356347439,4.0,4.055555555555555,3
2560,0.18589458054936897,0.12249443207126949,4.0,4.055555555555555,3
2570,0.26577579806978474,0.17817371937639198,4.0,4.055555555555555,3
2580,0.26989606533036375,0.18262806236080179,4.0,4.055555555555555,3
2590,0.26811432813659986,0.18040089086859687,4.0,4.055555555555555,3
2600,0.2708611729769859,0.18262806236080179,4.0,4.055555555555555,3
2610,0.28247958426132147,0.19599109131403117,4.0,4.055555555555555,3
2620,0.27873051224944323,0.19821826280623608,4.0,4.055555555555555,3
2630,0.2727542687453601,0.1870824053452116,4.0,4.055555555555555,3
2640,0.2856347438752784,0.18930957683741648,4.0,4.055555555555555,3
2650,0.2802152932442465,0.1870824053452116,4.0,4.055555555555555,3
2660,0.2923162583518931,0.20044543429844097,4.0,4.055555555555555,3
2670,0.3015219005196733,0.22048997772828507,4.0,4.055555555555555,3
2680,0.3370081662954714,0.267260579064588,4.0,4.055555555555555,3
2690,0.3214179658500371,0.26948775055679286,4.0,4.055555555555555,3
2700,0.32234595397178917,0.2717149220489978,4.0,4.055555555555555,3
2710,0.31796585003711947,0.24721603563474387,4.0,4.055555555555555,3
2720,0.31518188567186345,0.24498886414253898,4.0,4.055555555555555,3
2730,0.31488492947290275,0.24721603563474387,4.0,4.055555555555555,3
2740,0.33192279138827024,0.26948775055679286,4.0,4.055555555555555,3
2750,0.32869339272457315,0.2650334075723831,4.0,4.055555555555555,3
2760,0.33203414996288044,0.26948775055679286,4.0,4.055555555555555,3
2770,0.32921306607275425,0.267260579064588,4.0,4.055555555555555,3
2780,0.3309576837416481,0.267260579064588,4.0,4.055555555555555,3
2790,0.32620638455827766,0.26057906458797325,4.0,4.055555555555555,3
2800,0.33092056421677796,0.2717149220489978,4.0,4.055555555555555,3
2810,0.33867854491462507,0.27616926503340755,4.0,4.055555555555555,3
2820,0.3394951744617669,0.2739420935412027,4.0,4.055555555555555,3
2830,0.34439495174461765,0.28507795100222716,4.0,4.055555555555555,3
2840,0.3576095025983667,0.2962138084632517,4.0,4.055555555555555,3
2850,0.35579064587973275,0.2962138084632517,4.0,4.055555555555555,3
2860,0.35660727542687454,0.2984409799554566,4.0,4.055555555555555,3
2870,0.35619896065330364,0.3028953229398664,4.0,4.055555555555555,3
2880,0.28006681514476617,0.2717149220489978,4.0,4.055555555555555,3
2890,0.28066072754268745,0.2739420935412027,4.0,4.055555555555555,3
2900,0.2828507795100223,0.24944320712694878,4.0,4.055555555555555,3
2910,0.2864884929472903,0.24498886414253898,4.0,4.055555555555555,3
2920,0.2961024498886414,0.24944320712694878,4.0,4.055555555555555,3
2930,0.311804008908686,0.26280623608017817,4.0,4.055555555555555,3
2940,0.318634001484781,0.26280623608017817,4.0,4.055555555555555,3
2950,0.3316629547141797,0.26948775055679286,4.0,4.055555555555555,3
2960,0.34309576837416483,0.2806236080178174,4.0,4.055555555555555,3
2970,0.33496659242761695,0.27616926503340755,4.0,4.055555555555555,3
2980,0.3435412026726058,0.2873051224944321,4.0,4.055555555555555,3
2990,0.34216778025241273,0.28507795100222716,4.0,4.055555555555555,3
3000,0.27847067557535266,0.26057906458797325,4.0,4.055555555555555,3
3010,0.27780252412769113,0.26057906458797325,4.0,4.055555555555555,3
3020,0.2752783964365256,0.2583518930957684,4.0,4.055555555555555,3
3030,0.2799554565701559,0.267260579064588,4.0,4.055555555555555,3
3040,0.2809576837416481,0.24498886414253898,4.0,4.055555555555555,3
3050,0.28244246473645135,0.24498886414253898,4.0,4.055555555555555,3
3060,0.28281365998515223,0.24276169265033407,4.0,4.055555555555555,3
3070,0.28882702301410546,0.24498886414253898,4.0,4.055555555555555,3
3080,0.28997772828507795,0.24276169265033407,4.0,4.055555555555555,3
3090,0.2953229398663697,0.2516703786191537,4.0,4.055555555555555,3
3100,0.24643652561247215,0.133630289532294,4.0,4.055555555555555,3
3110,0.25341499628804753,0.1358574610244989,4.0,4.055555555555555,3
3120,0.34521158129175944,0.289532293986637,4.0,4.055555555555555,3
3130,0.3439495174461767,0.2806236080178174,4.0,4.055555555555555,3
3140,0.34283593170007426,0.2828507795100223,4.0,4.055555555555555,3
3150,0.34420935412026726,0.2828507795100223,4.0,4.055555555555555,3
3160,0.3424647364513734,0.27839643652561247,4.0,4.055555555555555,3
3170,0.34376391982182625,0.27839643652561247,4.0,4.055555555555555,3
3180,0.3446919079435783,0.27839643652561247,4.0,4.055555555555555,3
3190,0.3452487008166295,0.2806236080178174,4.0,4.055555555555555,3
3200,0.3559762435040831,0.3028953229398664,4.0,4.055555555555555,3
3210,0.36365998515219006,0.3051224944320713,4.0,4.055555555555555,3
3220,0.3564587973273942,0.3273942093541203,4.0,4.055555555555555,3
3230,0.35801781737193766,0.3273942093541203,4.0,4.055555555555555,3
3240,0.2855605048255382,0.26280623608017817,4.0,4.055555555555555,3
3250,0.31473645137342243,0.2873051224944321,4.0,4.055555555555555,3
3260,0.3249443207126948,0.27616926503340755,4.0,4.055555555555555,3
3270,0.3289903489235338,0.2806236080178174,4.0,4.055555555555555,3
3280,0.33340757238307345,0.2873051224944321,4.0,4.055555555555555,3
3290,0.35152190051967336,0.3051224944320713,4.0,4.055555555555555,3
3300,0.34101707498144024,0.2962138084632517,4.0,4.055555555555555,3
3310,0.3373422420193021,0.2873051224944321,4.0,4.055555555555555,3
3320,0.34495174461766887,0.29398663697104677,4.0,4.055555555555555,3
3330,0.3445063103192279,0.2873051224944321,4.0,4.055555555555555,3
3340,0.34131403118040093,0.2806236080178174,4.0,4.055555555555555,3
3350,0.3390126206384559,0.2806236080178174,4.0,4.055555555555555,3
3360,0.33812175204157385,0.2806236080178174,4.0,4.055555555555555,3
3370,0.346399406087602,0.29398663697104677,4.0,4.055555555555555,3
3380,0.3478099480326652,0.2984409799554566,4.0,4.055555555555555,3
3390,0.19083147735708983,0.14699331848552338,4.0,4.055555555555555,3
3400,0.19450631031922794,0.14253897550111358,4.0,4.055555555555555,3
3410,0.20063103192279141,0.1492204899777283,4.0,4.055555555555555,3
3420,0.2068671121009651,0.1514476614699332,4.0,4.055555555555555,3
3430,0.21046770601336304,0.155902004454343,4.0,4.055555555555555,3
3440,0.21228656273199703,0.1514476614699332,4.0,4.055555555555555,3
3450,0.2924276169265033,0.1915367483296214,4.0,4.055555555555555,3
3460,0.29703043801039347,0.19599109131403117,4.0,4.055555555555555,3
3470,0.3435412026726058,0.24053452115812918,4.0,4.055555555555555,3
3480,0.36046770601336303,0.2717149220489978,4.0,4.055555555555555,3
3490,0.35579064587973275,0.3051224944320713,4.0,4.055555555555555,3
3500,0.35289532293986636,0.30734966592427615,4.0,4.055555555555555,3
3510,0.349554565701559,0.2962138084632517,4.0,4.055555555555555,3
3520,0.3452858203414996,0.29175946547884185,4.0,4.055555555555555,3
3530,0.33749072011878256,0.28507795100222716,4.0,4.055555555555555,3
3540,0.3373793615441722,0.28507795100222716,4.0,4.055555555555555,3
3550,0.34112843355605044,0.29175946547884185,4.0,4.055555555555555,3
3560,0.34227913882702304,0.289532293986637,4.0,4.055555555555555,3
3570,0.3395322939866369,0.2828507795100223,4.0,4.055555555555555,3
3580,0.3347809948032665,0.27839643652561247,4.0,4.055555555555555,3
3590,0.3357461024498886,0.2806236080178174,4.0,4.055555555555555,3
3600,0.33830734966592424,0.2984409799554566,4.0,4.055555555555555,3
3610,0.3401633259094283,0.3051224944320713,4.0,4.055555555555555,3
3620,0.27887899034892355,0.24721603563474387,4.0,4.055555555555555,3
3630,0.27735708982925017,0.24053452115812918,4.0,4.055555555555555,3
3640,0.27828507795100227,0.24053452115812918,4.0,4.055555555555555,3
3650,0.2806236080178174,0.24498886414253898,4.0,4.055555555555555,3
3660,0.2854120267260579,0.24498886414253898,4.0,4.055555555555555,3
3670,0.29357832219747587,0.24721603563474387,4.0,4.055555555555555,3
3680,0.29291017074981435,0.24721603563474387,4.0,4.055555555555555,3
3690,0.2956941351150705,0.2561247216035635,4.0,4.055555555555555,3
3700,0.30025983667409056,0.2583518930957684,4.0,4.055555555555555,3
3710,0.2961395694135115,0.2561247216035635,4.0,4.055555555555555,3
3720,0.29818114328136597,0.26280623608017817,4.0,4.055555555555555,3
3730,0.32542687453600594,0.2806236080178174,4.0,4.055555555555555,3
3740,0.3267631774313289,0.24498886414253898,4.0,4.055555555555555,3
3750,0.3285449146250928,0.24721603563474387,4.0,4.055555555555555,3
3760,0.33221974758723094,0.24721603563474387,4.0,4.055555555555555,3
3770,0.3285820341499629,0.24498886414253898,4.0,4.055555555555555,3
3780,0.3255011135857461,0.24276169265033407,4.0,4.055555555555555,3
3790,0.32557535263548626,0.24721603563474387,4.0,4.055555555555555,3
3800,0.3268745360059391,0.24944320712694878,4.0,4.055555555555555,3
3810,0.32353377876763173,0.24053452115812918,4.0,4.055555555555555,3
3820,0.31815144766146997,0.27839643652561247,4.0,4.055555555555555,3
3830,0.33659985152190053,0.289532293986637,4.0,4.055555555555555,3
3840,0.3357089829250186,0.2873051224944321,4.0,4.055555555555555,3
3850,0.3319227913882702,0.26948775055679286,4.0,4.055555555555555,3
3860,0.33656273199703046,0.27616926503340755,4.0,4.055555555555555,3
3870,0.33849294729027474,0.27839643652561247,4.0,4.055555555555555,3
3880,0.33611729769858945,0.2717149220489978,4.0,4.055555555555555,3
3890,0.33674832962138085,0.2739420935412027,4.0,4.055555555555555,3
3900,0.3261321455085375,0.2561247216035635,4.0,4.055555555555555,3
3910,0.32171492204899776,0.24498886414253898,4.0,4.055555555555555,3
3920,0.3244246473645137,0.24276169265033407,4.0,4.055555555555555,3
3930,0.32839643652561246,0.24944320712694878,4.0,4.055555555555555,3
3940,0.33218262806236076,0.2516703786191537,4.0,4.055555555555555,3
3950,0.33426132145508536,0.25389755011135856,4.0,4.055555555555555,3
3960,0.32958426132145513,0.24721603563474387,4.0,4.055555555555555,3
3970,0.33170007423904974,0.24053452115812918,4.0,4.055555555555555,3
3980,0.33578322197475874,0.2516703786191537,4.0,4.055555555555555,3
3990,0.3309576837416481,0.30957683741648107,4.0,4.055555555555555,3
4000,0.3301410541945063,0.31625835189309576,4.0,4.055555555555555,3
4010,0.32932442464736456,0.30066815144766146,4.0,4.055555555555555,3
4020,0.33192279138827024,0.3028953229398664,4.0,4.055555555555555,3
4030,0.3348181143281366,0.30957683741648107,4.0,4.055555555555555,3
4040,0.3309948032665182,0.30734966592427615,4.0,4.055555555555555,3
4050,0.32921306607275425,0.3051224944320713,4.0,4.055555555555555,3
4060,0.28867854491462513,0.22271714922049,4.0,4.055555555555555,3
4070,0.28912397921306604,0.2182628062360802,4.0,4.055555555555555,3
4080,0.2987379361544172,0.22494432071269488,4.0,4.055555555555555,3
4090,0.29955456570155903,0.22717149220489977,4.0,4.055555555555555,3
4100,0.29710467706013366,0.22494432071269488,4.0,4.055555555555555,3
4110,0.3035263548626578,0.22939866369710468,4.0,4.055555555555555,3
4120,0.3076095025983668,0.22939866369710468,4.0,4.055555555555555,3
4130,0.31169265033407567,0.2383073496659243,4.0,4.055555555555555,3
4140,0.31354862657757987,0.24276169265033407,4.0,4.055555555555555,3
4150,0.32657757980697844,0.2561247216035635,4.0,4.055555555555555,3
4160,0.3263919821826281,0.25389755011135856,4.0,4.055555555555555,3
4170,0.34532293986636975,0.2828507795100223,4.0,4.055555555555555,3
4180,0.3453229398663697,0.27839643652561247,4.0,4.055555555555555,3
4190,0.3452487008166295,0.2873051224944321,4.0,4.055555555555555,3
4200,0.3403118040089087,0.2806236080178174,4.0,4.055555555555555,3
4210,0.3406458797327394,0.2806236080178174,4.0,4.055555555555555,3
4220,0.33812175204157385,0.27616926503340755,4.0,4.055555555555555,3
4230,0.3373422420193021,0.2739420935412027,4.0,4.055555555555555,3
4240,0.3375278396436525,0.2717149220489978,4.0,4.055555555555555,3
4250,0.3551596139569413,0.2873051224944321,4.0,4.055555555555555,3
4260,0.35868596881959913,0.29175946547884185,4.0,4.055555555555555,3
4270,0.3530438010393467,0.2806236080178174,4.0,4.055555555555555,3
4280,0.3561618411284336,0.2873051224944321,4.0,4.055555555555555,3
4290,0.3550853749072012,0.2962138084632517,4.0,4.055555555555555,3
4300,0.35222717149220484,0.2806236080178174,4.0,4.055555555555555,3
4310,0.357720861172977,0.2806236080178174,4.0,4.055555555555555,3
4320,0.35311804008908687,0.27839643652561247,4.0,4.055555555555555,3
4330,0.35942835931700073,0.2873051224944321,4.0,4.055555555555555,3
4340,0.3606161841128434,0.29398663697104677,4.0,4.055555555555555,3
4350,0.3528582034149963,0.289532293986637,4.0,4.055555555555555,3
4360,0.36195248700816623,0.29398663697104677,4.0,4.055555555555555,3
4370,0.3638084632516704,0.31403118040089084,4.0,4.055555555555555,3
4380,0.3614328136599852,0.30957683741648107,4.0,4.055555555555555,3
4390,0.36328878990348923,0.311804008908686,4.0,4.055555555555555,3
4400,0.3560504825538233,0.29398663697104677,4.0,4.055555555555555,3
4410,0.3534149962880475,0.2873051224944321,4.0,4.055555555555555,3
4420,0.3452487008166295,0.26948775055679286,4.0,4.055555555555555,3
4430,0.3498886414253897,0.27616926503340755,4.0,4.055555555555555,3
4440,0.3519673348181143,0.2873051224944321,4.0,4.055555555555555,3
4450,0.35315515961395694,0.29175946547884185,4.0,4.055555555555555,3
4460,0.3538604305864885,0.29175946547884185,4.0,4.055555555555555,3
4470,0.35523385300668153,0.30066815144766146,4.0,4.055555555555555,3
4480,0.3433556050482554,0.28507795100222716,4.0,4.055555555555555,3
4490,0.33203414996288044,0.267260579064588,4.0,4.055555555555555,3
0,0.30103934669636234,0.27616926503340755,4.0,3.957777777777778,4
10,0.3008166295471418,0.2717149220489978,4.0,3.957777777777778,4
20,0.30256124721603567,0.2717149220489978,4.0,3.957777777777778,4
30,0.2933556050482553,0.2561247216035635,4.0,3.957777777777778,4
40,0.29769858945805494,0.26280623608017817,4.0,3.957777777777778,4
50,0.30044543429844095,0.2583518930957684,4.0,3.957777777777778,4
60,0.3038604305864885,0.2583518930957684,4.0,3.957777777777778,4
70,0.30438010393466963,0.2583518930957684,4.0,3.957777777777778,4
80,0.3092798812175204,0.2583518930957684,4.0,3.957777777777778,4
90,0.3080549368968077,0.2561247216035635,4.0,3.957777777777778,4
100,0.31369710467706013,0.2717149220489978,4.0,3.957777777777778,4
110,0.3136971046770601,0.2717149220489978,4.0,3.957777777777778,4
120,0.31365998515219,0.2739420935412027,4.0,3.957777777777778,4
130,0.31354862657757987,0.2717149220489978,4.0,3.957777777777778,4
140,0.3132516703786191,0.2717149220489978,4.0,3.957777777777778,4
150,0.3066815144766147,0.267260579064588,4.0,3.957777777777778,4
160,0.31098737936154414,0.2739420935412027,4.0,3.957777777777778,4
170,0.3101336302895323,0.26948775055679286,4.0,3.957777777777778,4
180,0.3093170007423905,0.2650334075723831,4.0,3.957777777777778,4
190,0.3129918337045285,0.2516703786191537,4.0,3.957777777777778,4
200,0.33656273199703046,0.26948775055679286,4.0,3.957777777777778,4
210,0.33622865627319964,0.27616926503340755,4.0,3.957777777777778,4
220,0.3426503340757239,0.29398663697104677,4.0,3.957777777777778,4
230,0.3438010393466963,0.2962138084632517,4.0,3.957777777777778,4
240,0.3395322939866369,0.289532293986637,4.0,3.957777777777778,4
250,0.34639940608760206,0.32516703786191536,4.0,3.957777777777778,4
260,0.33760207869339276,0.30734966592427615,4.0,3.957777777777778,4
270,0.31098737936154414,0.2717149220489978,4.0,3.957777777777778,4
280,0.311841128433556,0.267260579064588,4.0,3.957777777777778,4
290,0.31662954714179664,0.2717149220489978,4.0,3.957777777777778,4
300,0.3181143281365999,0.2739420935412027,4.0,3.957777777777778,4
310,0.3202672605790646,0.2828507795100223,4.0,3.957777777777778,4
320,0.3217520415738679,0.2828507795100223,4.0,3.957777777777778,4
330,0.31224944320712694,0.27839643652561247,4.0,3.957777777777778,4
340,0.31191536748329624,0.26057906458797325,4.0,3.957777777777778,4
350,0.3196362286562732,0.27839643652561247,4.0,3.957777777777778,4
360,0.31878247958426137,0.27839643652561247,4.0,3.957777777777778,4
370,0.3420193021529324,0.30066815144766146,4.0,3.957777777777778,4
380,0.34420935412026726,0.30734966592427615,4.0,3.957777777777778,4
390,0.3481440237564959,0.30957683741648107,4.0,3.957777777777778,4
400,0.3514105419450631,0.31625835189309576,4.0,3.957777777777778,4
410,0.35170749814402374,0.2984409799554566,4.0,3.957777777777778,4
420,0.35319227913882706,0.2962138084632517,4.0,3.957777777777778,4
430,0.3539717891610987,0.3051224944320713,4.0,3.957777777777778,4
440,0.3534892353377877,0.3051224944320713,4.0,3.957777777777778,4
450,0.35311804008908687,0.3028953229398664,4.0,3.957777777777778,4
460,0.35642167780252415,0.3028953229398664,4.0,3.957777777777778,4
470,0.35215293244246476,0.3051224944320713,4.0,3.957777777777778,4
480,0.3587602078693392,0.3207126948775056,4.0,3.957777777777778,4
490,0.36061618411284335,0.30957683741648107,4.0,3.957777777777778,4
500,0.3537490720118783,0.3051224944320713,4.0,3.957777777777778,4
510,0.35515961395694134,0.3207126948775056,4.0,3.957777777777778,4
520,0.31818856718634003,0.27839643652561247,4.0,3.957777777777778,4
530,0.31469933184855237,0.2717149220489978,4.0,3.957777777777778,4
540,0.3144766146993318,0.26948775055679286,4.0,3.957777777777778,4
550,0.3139940608760208,0.26280623608017817,4.0,3.957777777777778,4
560,0.31585003711952486,0.2650334075723831,4.0,3.957777777777778,4
570,0.25107646622123236,0.23385300668151449,4.0,3.957777777777778,4
580,0.2461395694135115,0.22717149220489977,4.0,3.957777777777778,4
590,0.2484038604305865,0.22717149220489977,4.0,3.957777777777778,4
600,0.24703043801039345,0.22271714922049,4.0,3.957777777777778,4
610,0.28582034149962876,0.22717149220489977,4.0,3.957777777777778,4
620,0.33351893095768376,0.27839643652561247,4.0,3.957777777777778,4
630,0.33385300668151446,0.27839643652561247,4.0,3.957777777777778,4
640,0.33541202672605797,0.2806236080178174,4.0,3.957777777777778,4
650,0.343170007423905,0.2828507795100223,4.0,3.957777777777778,4
660,0.3493318485523385,0.2873051224944321,4.0,3.957777777777778,4
670,0.350445434298441,0.2873051224944321,4.0,3.957777777777778,4
680,0.34558277654046027,0.2806236080178174,4.0,3.957777777777778,4
690,0.34205642167780254,0.27839643652561247,4.0,3.957777777777778,4
700,0.34094283593170005,0.27616926503340755,4.0,3.957777777777778,4
710,0.3353377876763177,0.267260579064588,4.0,3.957777777777778,4
720,0.20274684484038605,0.13140311804008908,4.0,3.957777777777778,4
730,0.2091685226429102,0.1291759465478842,4.0,3.957777777777778,4
740,0.20898292501855978,0.13140311804008908,4.0,3.957777777777778,4
750,0.22587230883444692,0.1514476614699332,4.0,3.957777777777778,4
760,0.22821083890126206,0.1492204899777283,4.0,3.957777777777778,4
770,0.2962509279881218,0.22271714922049,4.0,3.957777777777778,4
780,0.30282108389012613,0.22939866369710468,4.0,3.957777777777778,4
790,0.304083147735709,0.22717149220489977,4.0,3.957777777777778,4
800,0.3055308092056422,0.23385300668151449,4.0,3.957777777777778,4
810,0.31005939123979215,0.24053452115812918,4.0,3.957777777777778,4
820,0.3109502598366741,0.2383073496659243,4.0,3.957777777777778,4
830,0.3103563474387528,0.24053452115812918,4.0,3.957777777777778,4
840,0.3349294729027468,0.2650334075723831,4.0,3.957777777777778,4
850,0.33433556050482555,0.2583518930957684,4.0,3.957777777777778,4
860,0.33552338530066816,0.2650334075723831,4.0,3.957777777777778,4
870,0.33069784706755756,0.26280623608017817,4.0,3.957777777777778,4
880,0.1990348923533779,0.12694877505567928,4.0,3.957777777777778,4
890,0.21900519673348184,0.1358574610244989,4.0,3.957777777777778,4
900,0.22698589458054935,0.14699331848552338,4.0,3.957777777777778,4
910,0.23103192279138826,0.15367483296213807,4.0,3.957777777777778,4
920,0.22910170749814404,0.15367483296213807,4.0,3.957777777777778,4
930,0.24985152190051968,0.1714922048997773,4.0,3.957777777777778,4
940,0.28210838901262064,0.21603563474387527,4.0,3.957777777777778,4
950,0.2855233853006681,0.22048997772828507,4.0,3.957777777777778,4
960,0.33853006681514475,0.27839643652561247,4.0,3.957777777777778,4
970,0.341388270230141,0.2828507795100223,4.0,3.957777777777778,4
980,0.34472902746844836,0.28507795100222716,4.0,3.957777777777778,4
990,0.3441351150705271,0.28507795100222716,4.0,3.957777777777778,4
1000,0.34454342984409797,0.27839643652561247,4.0,3.957777777777778,4
1010,0.3377876763177431,0.27616926503340755,4.0,3.957777777777778,4
1020,0.34498886414253893,0.29175946547884185,4.0,3.957777777777778,4
1030,0.34628804751299186,0.29175946547884185,4.0,3.957777777777778,4
1040,0.3507423904974016,0.2984409799554566,4.0,3.957777777777778,4
1050,0.35827765404602824,0.31403118040089084,4.0,3.957777777777778,4
1060,0.35998515219005195,0.31403118040089084,4.0,3.957777777777778,4
1070,0.36146993318485526,0.3184855233853007,4.0,3.957777777777778,4
1080,0.3581291759465479,0.3184855233853007,4.0,3.957777777777778,4
1090,0.35775798069784703,0.3207126948775056,4.0,3.957777777777778,4
1100,0.3519673348181143,0.30957683741648107,4.0,3.957777777777778,4
1110,0.3466592427616926,0.30066815144766146,4.0,3.957777777777778,4
1120,0.3460282108389013,0.30066815144766146,4.0,3.957777777777778,4
1130,0.35330363771343726,0.31403118040089084,4.0,3.957777777777778,4
1140,0.34858945805493685,0.31403118040089084,4.0,3.957777777777778,4
1150,0.3455456570155902,0.30957683741648107,4.0,3.957777777777778,4
1160,0.3549740163325909,0.3207126948775056,4.0,3.957777777777778,4
1170,0.3514105419450631,0.31403118040089084,4.0,3.957777777777778,4
1180,0.34803266518188564,0.30957683741648107,4.0,3.957777777777778,4
1190,0.3220861172976986,0.29398663697104677,4.0,3.957777777777778,4
1200,0.3149591685226429,0.2828507795100223,4.0,3.957777777777778,4
1210,0.3203786191536748,0.2828507795100223,4.0,3.957777777777778,4
1220,0.32100965107646623,0.2828507795100223,4.0,3.957777777777778,4
1230,0.3246844840386043,0.2873051224944321,4.0,3.957777777777778,4
1240,0.30746102449888646,0.24498886414253898,4.0,3.957777777777778,4
1250,0.311358574610245,0.25389755011135856,4.0,3.957777777777778,4
1260,0.31280623608017816,0.25389755011135856,4.0,3.957777777777778,4
1270,0.3126948775055679,0.25389755011135856,4.0,3.957777777777778,4
1280,0.31455085374907205,0.25389755011135856,4.0,3.957777777777778,4
1290,0.3164810690423163,0.26948775055679286,4.0,3.957777777777778,4
1300,0.26900519673348183,0.24721603563474387,4.0,3.957777777777778,4
1310,0.27100965107646624,0.24944320712694878,4.0,3.957777777777778,4
1320,0.27319970304380103,0.24498886414253898,4.0,3.957777777777778,4
1330,0.2759465478841871,0.2516703786191537,4.0,3.957777777777778,4
1340,0.2802152932442465,0.24721603563474387,4.0,3.957777777777778,4
1350,0.29554565701559016,0.267260579064588,4.0,3.957777777777778,4
1360,0.29539717891610984,0.2650334075723831,4.0,3.957777777777778,4
1370,0.29591685226429104,0.26948775055679286,4.0,3.957777777777778,4
1380,0.2972531551596139,0.267260579064588,4.0,3.957777777777778,4
1390,0.2972531551596139,0.267260579064588,4.0,3.957777777777778,4
1400,0.3008537490720119,0.2717149220489978,4.0,3.957777777777778,4
1410,0.3207869339272457,0.26280623608017817,4.0,3.957777777777778,4
1420,0.3200816629547142,0.2561247216035635,4.0,3.957777777777778,4
1430,0.3210838901262064,0.2583518930957684,4.0,3.957777777777778,4
1440,0.3239420935412026,0.26057906458797325,4.0,3.957777777777778,4
1450,0.3221232368225687,0.2583518930957684,4.0,3.957777777777778,4
1460,0.3147735708982925,0.2516703786191537,4.0,3.957777777777778,4
1470,0.31154417223459546,0.24276169265033407,4.0,3.957777777777778,4
1480,0.3169265033407573,0.2516703786191537,4.0,3.957777777777778,4
1490,0.3217149220489978,0.25389755011135856,4.0,3.957777777777778,4
1500,0.3214179658500372,0.25389755011135856,4.0,3.957777777777778,4
1510,0.3263919821826281,0.2583518930957684,4.0,3.957777777777778,4
1520,0.3241648106904232,0.25389755011135856,4.0,3.957777777777778,4
1530,0.325909428359317,0.25389755011135856,4.0,3.957777777777778,4
1540,0.31941351150705277,0.24498886414253898,4.0,3.957777777777778,4
1550,0.21121009651076464,0.16703786191536749,4.0,3.957777777777778,4
1560,0.23396436525612468,0.17371937639198218,4.0,3.957777777777778,4
1570,0.24261321455085375,0.17371937639198218,4.0,3.957777777777778,4
1580,0.25148478099480326,0.1870824053452116,4.0,3.957777777777778,4
1590,0.2535263548626578,0.1870824053452116,4.0,3.957777777777778,4
1600,0.2603192279138827,0.18930957683741648,4.0,3.957777777777778,4
1610,0.2714922048997773,0.2026726057906459,4.0,3.957777777777778,4
1620,0.2743504083147736,0.2071269487750557,4.0,3.957777777777778,4
1630,0.2875278396436525,0.21603563474387527,4.0,3.957777777777778,4
1640,0.2907572383073497,0.22494432071269488,4.0,3.957777777777778,4
1650,0.3042316258351893,0.23608017817371937,4.0,3.957777777777778,4
1660,0.3034521158129176,0.23608017817371937,4.0,3.957777777777778,4
1670,0.3039717891610988,0.23162583518930957,4.0,3.957777777777778,4
1680,0.32487008166295467,0.26280623608017817,4.0,3.957777777777778,4
1690,0.35178173719376393,0.30957683741648107,4.0,3.957777777777778,4
1700,0.3435783221974759,0.3051224944320713,4.0,3.957777777777778,4
1710,0.3440237564959169,0.30734966592427615,4.0,3.957777777777778,4
1720,0.3348181143281366,0.28507795100222716,4.0,3.957777777777778,4
1730,0.3415738678544914,0.29175946547884185,4.0,3.957777777777778,4
1740,0.35935412026726055,0.31403118040089084,4.0,3.957777777777778,4
1750,0.3735708982925019,0.3207126948775056,4.0,3.957777777777778,4
1760,0.36911655530809206,0.3184855233853007,4.0,3.957777777777778,4
1770,0.3412026726057906,0.3184855233853007,4.0,3.957777777777778,4
1780,0.3252783964365256,0.29398663697104677,4.0,3.957777777777778,4
1790,0.33853006681514475,0.30734966592427615,4.0,3.957777777777778,4
1800,0.337750556792873,0.30734966592427615,4.0,3.957777777777778,4
1810,0.3359688195991091,0.2962138084632517,4.0,3.957777777777778,4
1820,0.3383073496659243,0.30957683741648107,4.0,3.957777777777778,4
1830,0.33659985152190053,0.311804008908686,4.0,3.957777777777778,4
1840,0.3363028953229399,0.30957683741648107,4.0,3.957777777777778,4
1850,0.3378247958426132,0.289532293986637,4.0,3.957777777777778,4
1860,0.3325538233110616,0.289532293986637,4.0,3.957777777777778,4
1870,0.3335931700074239,0.28507795100222716,4.0,3.957777777777778,4
1880,0.33849294729027474,0.28507795100222716,4.0,3.957777777777778,4
1890,0.3420193021529324,0.2873051224944321,4.0,3.957777777777778,4
1900,0.3312175204157387,0.2739420935412027,4.0,3.957777777777778,4
1910,0.3319599109131403,0.3028953229398664,4.0,3.957777777777778,4
1920,0.33544914625092803,0.3051224944320713,4.0,3.957777777777778,4
1930,0.3380475129918337,0.30734966592427615,4.0,3.957777777777778,4
1940,0.3312546399406087,0.2828507795100223,4.0,3.957777777777778,4
1950,0.3332590942835931,0.2828507795100223,4.0,3.957777777777778,4
1960,0.33051224944320706,0.2806236080178174,4.0,3.957777777777778,4
1970,0.33715664439495174,0.289532293986637,4.0,3.957777777777778,4
1980,0.3208611729769859,0.3184855233853007,4.0,3.957777777777778,4
1990,0.3093912397921306,0.26948775055679286,4.0,3.957777777777778,4
2000,0.3101707498144024,0.2650334075723831,4.0,3.957777777777778,4
2010,0.3271343726800297,0.28507795100222716,4.0,3.957777777777778,4
2020,0.32854491462509283,0.2828507795100223,4.0,3.957777777777778,4
2030,0.3313659985152191,0.28507795100222716,4.0,3.957777777777778,4
2040,0.3368596881959911,0.2962138084632517,4.0,3.957777777777778,4
2050,0.33351893095768376,0.29175946547884185,4.0,3.957777777777778,4
2060,0.32917594654788424,0.2806236080178174,4.0,3.957777777777778,4
2070,0.3495916852264291,0.311804008908686,4.0,3.957777777777778,4
2080,0.3469933184855234,0.3051224944320713,4.0,3.957777777777778,4
2090,0.332293986636971,0.2873051224944321,4.0,3.957777777777778,4
2100,0.33611729769858945,0.2873051224944321,4.0,3.957777777777778,4
2110,0.33522642910170747,0.2806236080178174,4.0,3.957777777777778,4
2120,0.34636228656273194,0.3051224944320713,4.0,3.957777777777778,4
2130,0.3471789161098738,0.30734966592427615,4.0,3.957777777777778,4
2140,0.33066072754268744,0.29398663697104677,4.0,3.957777777777778,4
2150,0.32839643652561246,0.29398663697104677,4.0,3.957777777777778,4
2160,0.3430215293244246,0.2873051224944321,4.0,3.957777777777778,4
2170,0.23901262063845582,0.21380846325167038,4.0,3.957777777777778,4
2180,0.30690423162583513,0.24053452115812918,4.0,3.957777777777778,4
2190,0.3180400890868597,0.2383073496659243,4.0,3.957777777777778,4
2200,0.3536748329621381,0.28507795100222716,4.0,3.957777777777778,4
2210,0.35653303637713435,0.2828507795100223,4.0,3.957777777777778,4
2220,0.3596510764662212,0.28507795100222716,4.0,3.957777777777778,4
2230,0.3438752783964365,0.3028953229398664,4.0,3.957777777777778,4
2240,0.33466963622865625,0.289532293986637,4.0,3.957777777777778,4
2250,0.33466963622865625,0.289532293986637,4.0,3.957777777777778,4
2260,0.33400148478099473,0.289532293986637,4.0,3.957777777777778,4
2270,0.3367854491462509,0.2717149220489978,4.0,3.957777777777778,4
2280,0.3370081662954714,0.2739420935412027,4.0,3.957777777777778,4
2290,0.33578322197475874,0.26948775055679286,4.0,3.957777777777778,4
2300,0.3466592427616927,0.2962138084632517,4.0,3.957777777777778,4
2310,0.36577579806978466,0.3363028953229399,4.0,3.957777777777778,4
2320,0.36046770601336303,0.32516703786191536,4.0,3.957777777777778,4
2330,0.35827765404602824,0.3184855233853007,4.0,3.957777777777778,4
2340,0.362694877505568,0.32293986636971045,4.0,3.957777777777778,4
2350,0.35527097253155154,0.31625835189309576,4.0,3.957777777777778,4
2360,0.3533778767631774,0.31403118040089084,4.0,3.957777777777778,4
2370,0.35734966592427614,0.32293986636971045,4.0,3.957777777777778,4
2380,0.35931700074239054,0.3207126948775056,4.0,3.957777777777778,4
2390,0.3612100965107647,0.3207126948775056,4.0,3.957777777777778,4
2400,0.3610244988864143,0.3184855233853007,4.0,3.957777777777778,4
2410,0.3451002227171492,0.30734966592427615,4.0,3.957777777777778,4
2420,0.3570155902004454,0.32962138084632514,4.0,3.957777777777778,4
2430,0.31963622865627317,0.26948775055679286,4.0,3.957777777777778,4
2440,0.32279138827023013,0.2739420935412027,4.0,3.957777777777778,4
2450,0.3333333333333333,0.2828507795100223,4.0,3.957777777777778,4
2460,0.3432071269487751,0.3051224944320713,4.0,3.957777777777778,4
2470,0.3433927245731255,0.3051224944320713,4.0,3.957777777777778,4
2480,0.34123979213066075,0.30066815144766146,4.0,3.957777777777778,4
2490,0.3394580549368968,0.30066815144766146,4.0,3.957777777777778,4
2500,0.3430215293244246,0.30066815144766146,4.0,3.957777777777778,4
2510,0.3458054936896807,0.3051224944320713,4.0,3.957777777777778,4
2520,0.35152190051967336,0.30957683741648107,4.0,3.957777777777778,4
2530,0.35404602821083886,0.311804008908686,4.0,3.957777777777778,4
2540,0.3558648849294729,0.31625835189309576,4.0,3.957777777777778,4
2550,0.35501113585746097,0.3184855233853007,4.0,3.957777777777778,4
2560,0.3524498886414254,0.31403118040089084,4.0,3.957777777777778,4
2570,0.3519673348181143,0.30734966592427615,4.0,3.957777777777778,4
2580,0.3588715664439495,0.3184855233853007,4.0,3.957777777777778,4
2590,0.3612472160356347,0.3184855233853007,4.0,3.957777777777778,4
2600,0.3014847809948033,0.2828507795100223,4.0,3.957777777777778,4
2610,0.3170749814402376,0.29398663697104677,4.0,3.957777777777778,4
2620,0.3219005196733481,0.3028953229398664,4.0,3.957777777777778,4
2630,0.3213437268002969,0.3028953229398664,4.0,3.957777777777778,4
2640,0.32204899777282847,0.2962138084632517,4.0,3.957777777777778,4
2650,0.3261321455085375,0.2984409799554566,4.0,3.957777777777778,4
2660,0.32657757980697844,0.2984409799554566,4.0,3.957777777777778,4
2670,0.31870824053452107,0.27616926503340755,4.0,3.957777777777778,4
2680,0.32115812917594655,0.2828507795100223,4.0,3.957777777777778,4
2690,0.3239049740163326,0.28507795100222716,4.0,3.957777777777778,4
2700,0.3286933927245731,0.2873051224944321,4.0,3.957777777777778,4
2710,0.3308092056421677,0.2873051224944321,4.0,3.957777777777778,4
2720,0.33099480326651814,0.289532293986637,4.0,3.957777777777778,4
2730,0.3229027468448404,0.27616926503340755,4.0,3.957777777777778,4
2740,0.32197475872308834,0.2739420935412027,4.0,3.957777777777778,4
2750,0.322271714922049,0.2739420935412027,4.0,3.957777777777778,4
2760,0.32487008166295467,0.27616926503340755,4.0,3.957777777777778,4
2770,0.3302152932442464,0.2806236080178174,4.0,3.957777777777778,4
2780,0.3327765404602821,0.2828507795100223,4.0,3.957777777777778,4
2790,0.3243132887899035,0.267260579064588,4.0,3.957777777777778,4
2800,0.3216778025241277,0.31625835189309576,4.0,3.957777777777778,4
2810,0.320898292501856,0.3184855233853007,4.0,3.957777777777778,4
2820,0.32290274684484044,0.311804008908686,4.0,3.957777777777778,4
2830,0.32661469933184856,0.3184855233853007,4.0,3.957777777777778,4
2840,0.3261321455085375,0.31403118040089084,4.0,3.957777777777778,4
2850,0.3283593170007424,0.3184855233853007,4.0,3.957777777777778,4
2860,0.3238678544914625,0.3051224944320713,4.0,3.957777777777778,4
2870,0.32512991833704524,0.311804008908686,4.0,3.957777777777778,4
2880,0.3341128433556051,0.3207126948775056,4.0,3.957777777777778,4
2890,0.32501855976243504,0.2962138084632517,4.0,3.957777777777778,4
2900,0.329101707498144,0.30066815144766146,4.0,3.957777777777778,4
2910,0.3296585003711952,0.30066815144766146,4.0,3.957777777777778,4
2920,0.32557535263548626,0.29175946547884185,4.0,3.957777777777778,4
2930,0.3276169265033408,0.29398663697104677,4.0,3.957777777777778,4
2940,0.329992576095026,0.2984409799554566,4.0,3.957777777777778,4
2950,0.33221974758723094,0.2984409799554566,4.0,3.957777777777778,4
2960,0.3257238307349666,0.28507795100222716,4.0,3.957777777777778,4
2970,0.31648106904231627,0.27616926503340755,4.0,3.957777777777778,4
2980,0.3195991091314031,0.27616926503340755,4.0,3.957777777777778,4
2990,0.3197847067557535,0.2650334075723831,4.0,3.957777777777778,4
3000,0.3241648106904232,0.267260579064588,4.0,3.957777777777778,4
3010,0.32316258351893096,0.26280623608017817,4.0,3.957777777777778,4
3020,0.3239420935412026,0.2650334075723831,4.0,3.957777777777778,4
3030,0.3285820341499628,0.267260579064588,4.0,3.957777777777778,4
3040,0.32865627319970303,0.2717149220489978,4.0,3.957777777777778,4
3050,0.33051224944320706,0.27616926503340755,4.0,3.957777777777778,4
3060,0.32995545657015585,0.27616926503340755,4.0,3.957777777777778,4
3070,0.3394951744617669,0.29398663697104677,4.0,3.957777777777778,4
3080,0.34639940608760206,0.311804008908686,4.0,3.957777777777778,4
3090,0.35274684484038604,0.3207126948775056,4.0,3.957777777777778,4
3100,0.3543429844097996,0.32962138084632514,4.0,3.957777777777778,4
3110,0.3546399406087602,0.3273942093541203,4.0,3.957777777777778,4
3120,0.3585374907201188,0.33184855233853006,4.0,3.957777777777778,4
3130,0.35619896065330364,0.3273942093541203,4.0,3.957777777777778,4
3140,0.35827765404602824,0.32962138084632514,4.0,3.957777777777778,4
3150,0.3612100965107647,0.33407572383073497,4.0,3.957777777777778,4
3160,0.36896807720861174,0.34743875278396436,4.0,3.957777777777778,4
3170,0.3487008166295471,0.32516703786191536,4.0,3.957777777777778,4
3180,0.33466963622865625,0.30066815144766146,4.0,3.957777777777778,4
3190,0.3373793615441722,0.2984409799554566,4.0,3.957777777777778,4
3200,0.3407943578322198,0.2984409799554566,4.0,3.957777777777778,4
3210,0.34844097995545653,0.30957683741648107,4.0,3.957777777777778,4
3220,0.3482553823311062,0.30734966592427615,4.0,3.957777777777778,4
3230,0.33853006681514475,0.2739420935412027,4.0,3.957777777777778,4
3240,0.3422420193021529,0.2806236080178174,4.0,3.957777777777778,4
3250,0.2926874536005939,0.29175946547884185,4.0,3.957777777777778,4
3260,0.2962509279881217,0.289532293986637,4.0,3.957777777777778,4
3270,0.2998886414253898,0.27839643652561247,4.0,3.957777777777778,4
3280,0.3005567928730512,0.2650334075723831,4.0,3.957777777777778,4
3290,0.3161469933184855,0.2650334075723831,4.0,3.957777777777778,4
3300,0.3430957683741648,0.2962138084632517,4.0,3.957777777777778,4
3310,0.34198218262806235,0.30957683741648107,4.0,3.957777777777778,4
3320,0.2524127691165553,0.19821826280623608,4.0,3.957777777777778,4
3330,0.2550853749072012,0.2026726057906459,4.0,3.957777777777778,4
3340,0.26610987379361545,0.21380846325167038,4.0,3.957777777777778,4
3350,0.2657757980697847,0.21158129175946547,4.0,3.957777777777778,4
3360,0.26789161098737935,0.21158129175946547,4.0,3.957777777777778,4
3370,0.26937639198218266,0.21603563474387527,4.0,3.957777777777778,4
3380,0.28010393466963623,0.23385300668151449,4.0,3.957777777777778,4
3390,0.2816629547141796,0.23162583518930957,4.0,3.957777777777778,4
3400,0.28452115812917594,0.23608017817371937,4.0,3.957777777777778,4
3410,0.28711952487008163,0.23608017817371937,4.0,3.957777777777778,4
3420,0.29157386785449146,0.24276169265033407,4.0,3.957777777777778,4
3430,0.27494432071269487,0.20044543429844097,4.0,3.957777777777778,4
3440,0.27668893838158876,0.20935412026726058,4.0,3.957777777777778,4
3450,0.275463994060876,0.20935412026726058,4.0,3.957777777777778,4
3460,0.27776540460282106,0.20935412026726058,4.0,3.957777777777778,4
3470,0.28181143281366,0.21380846325167038,4.0,3.957777777777778,4
3480,0.29703043801039347,0.21158129175946547,4.0,3.957777777777778,4
3490,0.3015219005196733,0.21158129175946547,4.0,3.957777777777778,4
3500,0.30861172976985896,0.22048997772828507,4.0,3.957777777777778,4
3510,0.3101707498144024,0.22048997772828507,4.0,3.957777777777778,4
3520,0.31061618411284336,0.22494432071269488,4.0,3.957777777777778,4
3530,0.3222345953971789,0.24498886414253898,4.0,3.957777777777778,4
3540,0.32074981440237565,0.2516703786191537,4.0,3.957777777777778,4
3550,0.30998515219005196,0.24053452115812918,4.0,3.957777777777778,4
3560,0.31306607275426873,0.24053452115812918,4.0,3.957777777777778,4
3570,0.3430586488492947,0.2873051224944321,4.0,3.957777777777778,4
3580,0.34818114328136596,0.2873051224944321,4.0,3.957777777777778,4
3590,0.361358574610245,0.30066815144766146,4.0,3.957777777777778,4
3600,0.3629918337045286,0.30957683741648107,4.0,3.957777777777778,4
3610,0.2664068299925761,0.22939866369710468,4.0,3.957777777777778,4
3620,0.26451373422420194,0.22494432071269488,4.0,3.957777777777778,4
3630,0.2682256867112101,0.22717149220489977,4.0,3.957777777777778,4
3640,0.2705642167780252,0.22048997772828507,4.0,3.957777777777778,4
3650,0.278173719376392,0.21380846325167038,4.0,3.957777777777778,4
3660,0.28047512991833706,0.21380846325167038,4.0,3.957777777777778,4
3670,0.28815887156644393,0.22939866369710468,4.0,3.957777777777778,4
3680,0.28611729769858946,0.22494432071269488,4.0,3.957777777777778,4
3690,0.28556050482553824,0.22271714922049,4.0,3.957777777777778,4
3700,0.2873051224944321,0.22271714922049,4.0,3.957777777777778,4
3710,0.28979213066072756,0.22494432071269488,4.0,3.957777777777778,4
3720,0.2878247958426132,0.22494432071269488,4.0,3.957777777777778,4
3730,0.2869339272457313,0.2182628062360802,4.0,3.957777777777778,4
3740,0.2871937639198219,0.22048997772828507,4.0,3.957777777777778,4
3750,0.34380103934669637,0.29398663697104677,4.0,3.957777777777778,4
3760,0.340460282108389,0.2873051224944321,4.0,3.957777777777778,4
3770,0.34079435783221973,0.29398663697104677,4.0,3.957777777777778,4
3780,0.33730512249443206,0.289532293986637,4.0,3.957777777777778,4
3790,0.34250185597624344,0.3028953229398664,4.0,3.957777777777778,4
3800,0.33129175946547884,0.2806236080178174,4.0,3.957777777777778,4
3810,0.3376020786933927,0.29398663697104677,4.0,3.957777777777778,4
3820,0.3378619153674833,0.2962138084632517,4.0,3.957777777777778,4
3830,0.32724573125463996,0.27616926503340755,4.0,3.957777777777778,4
3840,0.34101707498144024,0.29398663697104677,4.0,3.957777777777778,4
3850,0.3309948032665182,0.27839643652561247,4.0,3.957777777777778,4
3860,0.3310690423162584,0.289532293986637,4.0,3.957777777777778,4
3870,0.33440979955456573,0.2962138084632517,4.0,3.957777777777778,4
3880,0.33351893095768376,0.29398663697104677,4.0,3.957777777777778,4
3890,0.33641425389755014,0.2873051224944321,4.0,3.957777777777778,4
3900,0.34261321455085375,0.3051224944320713,4.0,3.957777777777778,4
3910,0.23158871566443948,0.19376391982182628,4.0,3.957777777777778,4
3920,0.24729027468448403,0.2026726057906459,4.0,3.957777777777778,4
3930,0.2504083147735709,0.2071269487750557,4.0,3.957777777777778,4
3940,0.2504825538233111,0.20489977728285078,4.0,3.957777777777778,4
3950,0.27739420935412024,0.22271714922049,4.0,3.957777777777778,4
3960,0.28452115812917594,0.24053452115812918,4.0,3.957777777777778,4
3970,0.2805864884929473,0.22939866369710468,4.0,3.957777777777778,4
3980,0.28426132145508537,0.23608017817371937,4.0,3.957777777777778,4
3990,0.28674832962138086,0.2383073496659243,4.0,3.957777777777778,4
4000,0.3076837416481069,0.24498886414253898,4.0,3.957777777777778,4
4010,0.3067557535263549,0.24276169265033407,4.0,3.957777777777778,4
4020,0.30920564216778024,0.2383073496659243,4.0,3.957777777777778,4
4030,0.33507795100222715,0.2828507795100223,4.0,3.957777777777778,4
4040,0.33385300668151446,0.29398663697104677,4.0,3.957777777777778,4
4050,0.3338158871566444,0.2984409799554566,4.0,3.957777777777778,4
4060,0.304083147735709,0.26057906458797325,4.0,3.957777777777778,4
4070,0.3155530809205642,0.25389755011135856,4.0,3.957777777777778,4
4080,0.3155902004454343,0.25389755011135856,4.0,3.957777777777778,4
4090,0.31744617668893843,0.2561247216035635,4.0,3.957777777777778,4
4100,0.351373422420193,0.30957683741648107,4.0,3.957777777777778,4
4110,0.35356347438752783,0.31403118040089084,4.0,3.957777777777778,4
4120,0.3517817371937639,0.311804008908686,4.0,3.957777777777778,4
4130,0.36050482553823315,0.32516703786191536,4.0,3.957777777777778,4
4140,0.3593912397921306,0.32962138084632514,4.0,3.957777777777778,4
4150,0.35404602821083886,0.32293986636971045,4.0,3.957777777777778,4
4160,0.31362286562731995,0.2650334075723831,4.0,3.957777777777778,4
4170,0.3169265033407573,0.267260579064588,4.0,3.957777777777778,4
4180,0.3196733481811433,0.26948775055679286,4.0,3.957777777777778,4
4190,0.3180400890868597,0.26948775055679286,4.0,3.957777777777778,4
4200,0.3307349665924276,0.27839643652561247,4.0,3.957777777777778,4
4210,0.3307349665924276,0.27839643652561247,4.0,3.957777777777778,4
4220,0.33296213808463254,0.27839643652561247,4.0,3.957777777777778,4
4230,0.3363028953229399,0.2806236080178174,4.0,3.957777777777778,4
4240,0.332293986636971,0.26280623608017817,4.0,3.957777777777778,4
4250,0.338158871566444,0.2984409799554566,4.0,3.957777777777778,4
4260,0.3387899034892354,0.2984409799554566,4.0,3.957777777777778,4
4270,0.3344469190794358,0.29175946547884185,4.0,3.957777777777778,4
4280,0.3292501855976243,0.2806236080178174,4.0,3.957777777777778,4
4290,0.33092056421677807,0.2828507795100223,4.0,3.957777777777778,4
4300,0.3357089829250186,0.289532293986637,4.0,3.957777777777778,4
4310,0.3402375649591685,0.29398663697104677,4.0,3.957777777777778,4
4320,0.3425760950259837,0.2984409799554566,4.0,3.957777777777778,4
4330,0.34012620638455826,0.29175946547884185,4.0,3.957777777777778,4
4340,0.3432813659985152,0.3051224944320713,4.0,3.957777777777778,4
4350,0.34424647364513733,0.3051224944320713,4.0,3.957777777777778,4
4360,0.34729027468448403,0.311804008908686,4.0,3.957777777777778,4
4370,0.21440237564959172,0.14699331848552338,4.0,3.957777777777778,4
4380,0.23028953229398663,0.15367483296213807,4.0,3.957777777777778,4
4390,0.23251670378619152,0.155902004454343,4.0,3.957777777777778,4
4400,0.26325167037861913,0.18485523385300667,4.0,3.957777777777778,4
4410,0.28370452858203415,0.21380846325167038,4.0,3.957777777777778,4
4420,0.28359317000742384,0.21380846325167038,4.0,3.957777777777778,4
4430,0.2939123979213065,0.21603563474387527,4.0,3.957777777777778,4
4440,0.2976614699331848,0.23162583518930957,4.0,3.957777777777778,4
4450,0.2979955456570155,0.22939866369710468,4.0,3.957777777777778,4
4460,0.314550853749072,0.2583518930957684,4.0,3.957777777777778,4
4470,0.32475872308834447,0.27616926503340755,4.0,3.957777777777778,4
4480,0.3372308834446919,0.2828507795100223,4.0,3.957777777777778,4
4490,0.33518930957683735,0.2806236080178174,4.0,3.957777777777778,4
0,0.38741117827977517,0.2828507795100223,5.0,4.957777777777777,0
10,0.3852582458373104,0.2828507795100223,5.0,4.957777777777777,0
20,0.38670590730724363,0.28507795100222716,5.0,4.957777777777777,0
30,0.3302736239261852,0.2516703786191537,5.0,4.957777777777777,0
40,0.3340279987273305,0.25389755011135856,5.0,4.957777777777777,0
50,0.3328030544066179,0.24944320712694878,5.0,4.957777777777777,0
60,0.3405345211581292,0.24721603563474387,5.0,4.957777777777777,0
70,0.341833704528582,0.2516703786191537,5.0,4.957777777777777,0
80,0.33914519037013474,0.2516703786191537,5.0,4.957777777777777,0
90,0.3357885247640259,0.24498886414253898,5.0,4.957777777777777,0
100,0.34157917064375865,0.24944320712694878,5.0,4.957777777777777,0
110,0.358097359210945,0.24498886414253898,5.0,4.957777777777777,0
120,0.37181567504507373,0.2650334075723831,5.0,4.957777777777777,0
130,0.3765298547035741,0.2717149220489978,5.0,4.957777777777777,0
140,0.3753049103828614,0.2739420935412027,5.0,4.957777777777777,0
150,0.3754533884823417,0.2806236080178174,5.0,4.957777777777777,0
160,0.3765298547035741,0.289532293986637,5.0,4.957777777777777,0
170,0.37623289850461344,0.2873051224944321,5.0,4.957777777777777,0
180,0.3812122176264715,0.3028953229398664,5.0,4.957777777777777,0
190,0.38718846113055466,0.311804008908686,5.0,4.957777777777777,0
200,0.3859263972849719,0.31403118040089084,5.0,4.957777777777777,0
210,0.2297009226853325,0.18040089086859687,5.0,4.957777777777777,0
220,0.23912928200233324,0.16926503340757237,5.0,4.957777777777777,0
230,0.24258139781525084,0.16703786191536749,5.0,4.957777777777777,0
240,0.2620373316364408,0.17817371937639198,5.0,4.957777777777777,0
250,0.26975819280941776,0.1870824053452116,5.0,4.957777777777777,0
260,0.2677537384664333,0.18040089086859687,5.0,4.957777777777777,0
270,0.27653515749284124,0.19599109131403117,5.0,4.957777777777777,0
280,0.34042316258351896,0.24276169265033407,5.0,4.957777777777777,0
290,0.3455827765404603,0.2516703786191537,5.0,4.957777777777777,0
300,0.33827023014105423,0.24276169265033407,5.0,4.957777777777777,0
310,0.3370293774525401,0.22939866369710468,5.0,4.957777777777777,0
320,0.33940502704422526,0.23162583518930957,5.0,4.957777777777777,0
330,0.33905504295259303,0.22271714922049,5.0,4.957777777777777,0
340,0.3419503658924594,0.23385300668151449,5.0,4.957777777777777,0
350,0.34458585215823523,0.23608017817371937,5.0,4.957777777777777,0
360,0.35143705589139884,0.24944320712694878,5.0,4.957777777777777,0
370,0.3491356453494538,0.24276169265033407,5.0,4.957777777777777,0
380,0.3715770495280518,0.2873051224944321,5.0,4.957777777777777,0
390,0.36389330787994495,0.2739420935412027,5.0,4.957777777777777,0
400,0.3560610881323576,0.2650334075723831,5.0,4.957777777777777,0
410,0.36322515643228337,0.26948775055679286,5.0,4.957777777777777,0
420,0.36459857885247643,0.2739420935412027,5.0,4.957777777777777,0
430,0.378725209460176,0.28507795100222716,5.0,4.957777777777777,0
440,0.3759412450949199,0.29175946547884185,5.0,4.957777777777777,0
450,0.36493795736557433,0.2806236080178174,5.0,4.957777777777777,0
460,0.36438116449252306,0.27839643652561247,5.0,4.957777777777777,0
470,0.3660886626365469,0.27839643652561247,5.0,4.957777777777777,0
480,0.36733481811432817,0.27616926503340755,5.0,4.957777777777777,0
490,0.37277547990242865,0.2873051224944321,5.0,4.957777777777777,0
500,0.3404337681620532,0.24276169265033407,5.0,4.957777777777777,0
510,0.34243822250503764,0.24053452115812918,5.0,4.957777777777777,0
520,0.32734118146144875,0.24721603563474387,5.0,4.957777777777777,0
530,0.3268957471630078,0.2383073496659243,5.0,4.957777777777777,0
540,0.326116237140736,0.23608017817371937,5.0,4.957777777777777,0
550,0.32626471524021633,0.23162583518930957,5.0,4.957777777777777,0
560,0.3307190582246261,0.24053452115812918,5.0,4.957777777777777,0
570,0.3344681302365044,0.24276169265033407,5.0,4.957777777777777,0
580,0.20830416799236395,0.1492204899777283,5.0,4.957777777777777,0
590,0.227420723300456,0.1447661469933185,5.0,4.957777777777777,0
600,0.22927669954396013,0.1403118040089087,5.0,4.957777777777777,0
610,0.2321932336408951,0.1447661469933185,5.0,4.957777777777777,0
620,0.2360907837522537,0.1447661469933185,5.0,4.957777777777777,0
630,0.2465956092904868,0.1492204899777283,5.0,4.957777777777777,0
640,0.24655848976561673,0.15367483296213807,5.0,4.957777777777777,0
650,0.3131350090147418,0.18262806236080179,5.0,4.957777777777777,0
660,0.32230353165765196,0.18930957683741648,5.0,4.957777777777777,0
670,0.3493106373952699,0.20044543429844097,5.0,4.957777777777777,0
680,0.18947926609396543,0.1091314031180401,5.0,4.957777777777777,0
690,0.19326545763071376,0.10690423162583519,5.0,4.957777777777777,0
700,0.20031816735602928,0.10690423162583519,5.0,4.957777777777777,0
710,0.20944957047406937,0.10467706013363029,5.0,4.957777777777777,0
720,0.2160197263760738,0.10690423162583519,5.0,4.957777777777777,0
730,0.2202513522112631,0.1091314031180401,5.0,4.957777777777777,0
740,0.2200657545869127,0.10690423162583519,5.0,4.957777777777777,0
750,0.29490401951426454,0.1358574610244989,5.0,4.957777777777777,0
760,0.2950896171386149,0.1447661469933185,5.0,4.957777777777777,0
770,0.2981705377028317,0.1403118040089087,5.0,4.957777777777777,0
780,0.30986318803690743,0.1514476614699332,5.0,4.957777777777777,0
790,0.3149697741011772,0.1603563474387528,5.0,4.957777777777777,0
800,0.3157121645985788,0.16258351893095768,5.0,4.957777777777777,0
810,0.3196839537596776,0.16258351893095768,5.0,4.957777777777777,0
820,0.32007636016544705,0.16258351893095768,5.0,4.957777777777777,0
830,0.32267472690635274,0.16481069042316257,5.0,4.957777777777777,0
840,0.3571958850355287,0.20044543429844097,5.0,4.957777777777777,0
850,0.36163431965213705,0.2071269487750557,5.0,4.957777777777777,0
860,0.35743981334181785,0.2026726057906459,5.0,4.957777777777777,0
870,0.3848552338530067,0.23385300668151449,5.0,4.957777777777777,0
880,0.39025877611623716,0.2516703786191537,5.0,4.957777777777777,0
890,0.3964577367695407,0.26280623608017817,5.0,4.957777777777777,0
900,0.3909852582458373,0.267260579064588,5.0,4.957777777777777,0
910,0.3910807084526461,0.2650334075723831,5.0,4.957777777777777,0
920,0.3907466327288154,0.27839643652561247,5.0,4.957777777777777,0
930,0.39163750132569725,0.27839643652561247,5.0,4.957777777777777,0
940,0.39572064906140625,0.289532293986637,5.0,4.957777777777777,0
950,0.39572064906140625,0.289532293986637,5.0,4.957777777777777,0
960,0.3965743981334182,0.28507795100222716,5.0,4.957777777777777,0
970,0.396945593382119,0.28507795100222716,5.0,4.957777777777777,0
980,0.35485735496871357,0.2806236080178174,5.0,4.957777777777777,0
990,0.3519620320288472,0.2717149220489978,5.0,4.957777777777777,0
1000,0.35263018347650865,0.2717149220489978,5.0,4.957777777777777,0
1010,0.36254109661682044,0.27839643652561247,5.0,4.957777777777777,0
1020,0.3606480008484462,0.2806236080178174,5.0,4.957777777777777,0
1030,0.366401527203309,0.28507795100222716,5.0,4.957777777777777,0
1040,0.36725527627532084,0.2806236080178174,5.0,4.957777777777777,0
1050,0.3734171174037544,0.29175946547884185,5.0,4.957777777777777,0
1060,0.3793032134902959,0.289532293986637,5.0,4.957777777777777,0
1070,0.3849082617456782,0.2962138084632517,5.0,4.957777777777777,0
1080,0.38505673984515854,0.30066815144766146,5.0,4.957777777777777,0
1090,0.39198218262806234,0.32962138084632514,5.0,4.957777777777777,0
1100,0.37155583837098316,0.29175946547884185,5.0,4.957777777777777,0
1110,0.37177855552020367,0.2962138084632517,5.0,4.957777777777777,0
1120,0.3720755117191643,0.2873051224944321,5.0,4.957777777777777,0
1130,0.37214975076890444,0.289532293986637,5.0,4.957777777777777,0
1140,0.34530703149856823,0.2650334075723831,5.0,4.957777777777777,0
1150,0.34690317106798174,0.267260579064588,5.0,4.957777777777777,0
1160,0.3512090359529112,0.2739420935412027,5.0,4.957777777777777,0
1170,0.35091207975395056,0.26948775055679286,5.0,4.957777777777777,0
1180,0.3535104464948563,0.2739420935412027,5.0,4.957777777777777,0
1190,0.3600646940290593,0.2806236080178174,5.0,4.957777777777777,0
1200,0.3675098101601442,0.2873051224944321,5.0,4.957777777777777,0
1210,0.3647629653197582,0.2873051224944321,5.0,4.957777777777777,0
1220,0.2895535051437056,0.24053452115812918,5.0,4.957777777777777,0
1230,0.2860271502810478,0.2383073496659243,5.0,4.957777777777777,0
1240,0.2827447237246792,0.22939866369710468,5.0,4.957777777777777,0
1250,0.29297380422102026,0.2383073496659243,5.0,4.957777777777777,0
1260,0.31853324848870507,0.20935412026726058,5.0,4.957777777777777,0
1270,0.3170484674939018,0.20935412026726058,5.0,4.957777777777777,0
1280,0.31853324848870507,0.21158129175946547,5.0,4.957777777777777,0
1290,0.31786509704104365,0.21158129175946547,5.0,4.957777777777777,0
1300,0.327590412557005,0.22048997772828507,5.0,4.957777777777777,0
1310,0.3382437161947185,0.22717149220489977,5.0,4.957777777777777,0
1320,0.3643228338105844,0.24944320712694878,5.0,4.957777777777777,0
1330,0.3668098419768798,0.25389755011135856,5.0,4.957777777777777,0
1340,0.366401527203309,0.25389755011135856,5.0,4.957777777777777,0
1350,0.36131615229610775,0.25389755011135856,5.0,4.957777777777777,0
1360,0.37152932442464737,0.26280623608017817,5.0,4.957777777777777,0
1370,0.37544808569307453,0.26280623608017817,5.0,4.957777777777777,0
1380,0.38404390709513203,0.2717149220489978,5.0,4.957777777777777,0
1390,0.3847332696998621,0.27616926503340755,5.0,4.957777777777777,0
1400,0.3850673454236929,0.27616926503340755,5.0,4.957777777777777,0
1410,0.38662636546823637,0.27839643652561247,5.0,4.957777777777777,0
1420,0.3990083784070422,0.311804008908686,5.0,4.957777777777777,0
1430,0.36542051118888536,0.29398663697104677,5.0,4.957777777777777,0
1440,0.3705430056209566,0.2984409799554566,5.0,4.957777777777777,0
1450,0.3765192491250398,0.3028953229398664,5.0,4.957777777777777,0
1460,0.3691695832007636,0.29398663697104677,5.0,4.957777777777777,0
1470,0.28185915791706434,0.16258351893095768,5.0,4.957777777777777,0
1480,0.29477675257185276,0.1714922048997773,5.0,4.957777777777777,0
1490,0.31092374589033833,0.18262806236080179,5.0,4.957777777777777,0
1500,0.3107381482659879,0.18262806236080179,5.0,4.957777777777777,0
1510,0.3111093435146887,0.18040089086859687,5.0,4.957777777777777,0
1520,0.345333545444904,0.19821826280623608,5.0,4.957777777777777,0
1530,0.35808675363241066,0.22494432071269488,5.0,4.957777777777777,0
1540,0.3597942517764344,0.22717149220489977,5.0,4.957777777777777,0
1550,0.3626736663484993,0.23608017817371937,5.0,4.957777777777777,0
1560,0.3645667621168735,0.2383073496659243,5.0,4.957777777777777,0
1570,0.35588609608654154,0.2717149220489978,5.0,4.957777777777777,0
1580,0.3554406617881005,0.2717149220489978,5.0,4.957777777777777,0
1590,0.35172870930109235,0.267260579064588,5.0,4.957777777777777,0
1600,0.34878035846855443,0.2583518930957684,5.0,4.957777777777777,0
1610,0.34989394421465686,0.2583518930957684,5.0,4.957777777777777,0
1620,0.3463304698271291,0.2516703786191537,5.0,4.957777777777777,0
1630,0.34930533460600277,0.2561247216035635,5.0,4.957777777777777,0
1640,0.35134690847385724,0.2516703786191537,5.0,4.957777777777777,0
1650,0.3540195142645031,0.2561247216035635,5.0,4.957777777777777,0
1660,0.37599957577685866,0.2828507795100223,5.0,4.957777777777777,0
1670,0.36161841128433553,0.267260579064588,5.0,4.957777777777777,0
1680,0.21748859900307563,0.1514476614699332,5.0,4.957777777777777,0
1690,0.22719800615123553,0.1514476614699332,5.0,4.957777777777777,0
1700,0.22686393042740483,0.14699331848552338,5.0,4.957777777777777,0
1710,0.2288683847703892,0.1514476614699332,5.0,4.957777777777777,0
1720,0.2371831583412875,0.15812917594654788,5.0,4.957777777777777,0
1730,0.23425071587655105,0.1492204899777283,5.0,4.957777777777777,0
1740,0.23807402693816945,0.1514476614699332,5.0,4.957777777777777,0
1750,0.24570474069360485,0.1514476614699332,5.0,4.957777777777777,0
1760,0.26344787358150384,0.16481069042316257,5.0,4.957777777777777,0
1770,0.263967546929685,0.1603563474387528,5.0,4.957777777777777,0
1780,0.33782479584261316,0.20935412026726058,5.0,4.957777777777777,0
1790,0.3448244776752572,0.23162583518930957,5.0,4.957777777777777,0
1800,0.34504719482447765,0.24053452115812918,5.0,4.957777777777777,0
1810,0.3281790221656591,0.2071269487750557,5.0,4.957777777777777,0
1820,0.3583200763601655,0.2561247216035635,5.0,4.957777777777777,0
1830,0.36140099692438227,0.2561247216035635,5.0,4.957777777777777,0
1840,0.3584155265669743,0.26280623608017817,5.0,4.957777777777777,0
1850,0.3558171598260685,0.2583518930957684,5.0,4.957777777777777,0
1860,0.3620903595291123,0.25389755011135856,5.0,4.957777777777777,0
1870,0.36476296531975816,0.2561247216035635,5.0,4.957777777777777,0
1880,0.3649008378407042,0.31625835189309576,5.0,4.957777777777777,0
1890,0.35983667409057163,0.3028953229398664,5.0,4.957777777777777,0
1900,0.36039346696362284,0.3051224944320713,5.0,4.957777777777777,0
1910,0.344474493583625,0.27839643652561247,5.0,4.957777777777777,0
1920,0.3486689998939442,0.27616926503340755,5.0,4.957777777777777,0
1930,0.354014211475236,0.2739420935412027,5.0,4.957777777777777,0
1940,0.32160356347438745,0.21158129175946547,5.0,4.957777777777777,0
1950,0.335210520733906,0.21380846325167038,5.0,4.957777777777777,0
1960,0.34612366104571,0.22271714922049,5.0,4.957777777777777,0
1970,0.3510234383285608,0.23162583518930957,5.0,4.957777777777777,0
1980,0.34976137448297806,0.23162583518930957,5.0,4.957777777777777,0
1990,0.345847916003818,0.24498886414253898,5.0,4.957777777777777,0
2000,0.3403542263230459,0.23608017817371937,5.0,4.957777777777777,0
2010,0.33946335772616393,0.23385300668151449,5.0,4.957777777777777,0
2020,0.15109767737830102,0.0556792873051225,5.0,4.957777777777777,0
2030,0.21828401739314882,0.0779510022271715,5.0,4.957777777777777,0
2040,0.24215187188461132,0.0957683741648107,5.0,4.957777777777777,0
2050,0.2663378937321031,0.12249443207126949,5.0,4.957777777777777,0
2060,0.3635009014741754,0.21380846325167038,5.0,4.957777777777777,0
2070,0.3563050164386467,0.2984409799554566,5.0,4.957777777777777,0
2080,0.3512779722133842,0.289532293986637,5.0,4.957777777777777,0
2090,0.357996606214869,0.289532293986637,5.0,4.957777777777777,0
2100,0.35840492098843985,0.289532293986637,5.0,4.957777777777777,0
2110,0.3583678014635699,0.29398663697104677,5.0,4.957777777777777,0
2120,0.36419556686817267,0.2962138084632517,5.0,4.957777777777777,0
2130,0.3668310531339484,0.2984409799554566,5.0,4.957777777777777,0
2140,0.365478841870824,0.30066815144766146,5.0,4.957777777777777,0
2150,0.3757980697847068,0.2984409799554566,5.0,4.957777777777777,0
2160,0.21529324424647367,0.19376391982182628,5.0,4.957777777777777,0
2170,0.23789903489235337,0.16926503340757237,5.0,4.957777777777777,0
2180,0.24357832219747586,0.16926503340757237,5.0,4.957777777777777,0
2190,0.26594548732633366,0.1870824053452116,5.0,4.957777777777777,0
2200,0.2686552126418496,0.1870824053452116,5.0,4.957777777777777,0
2210,0.2762275957153463,0.18930957683741648,5.0,4.957777777777777,0
2220,0.28855127797221336,0.20935412026726058,5.0,4.957777777777777,0
2230,0.29178067663591045,0.21158129175946547,5.0,4.957777777777777,0
2240,0.29070421041467814,0.20935412026726058,5.0,4.957777777777777,0
2250,0.2884399193976031,0.2071269487750557,5.0,4.957777777777777,0
2260,0.2890921624774631,0.19821826280623608,5.0,4.957777777777777,0
2270,0.3045710043482872,0.20935412026726058,5.0,4.957777777777777,0
2280,0.3350673454236929,0.23385300668151449,5.0,4.957777777777777,0
2290,0.3691271608866264,0.25389755011135856,5.0,4.957777777777777,0
2300,0.3705005833068194,0.25389755011135856,5.0,4.957777777777777,0
2310,0.36445010075299605,0.24498886414253898,5.0,4.957777777777777,0
2320,0.3708929897125888,0.2583518930957684,5.0,4.957777777777777,0
2330,0.3648265987909641,0.2583518930957684,5.0,4.957777777777777,0
2340,0.37138614911443424,0.26280623608017817,5.0,4.957777777777777,0
2350,0.3585268851415845,0.28507795100222716,5.0,4.957777777777777,0
2360,0.3667674196627426,0.29398663697104677,5.0,4.957777777777777,0
2370,0.3159613956941351,0.23385300668151449,5.0,4.957777777777777,0
2380,0.3237936154417223,0.24276169265033407,5.0,4.957777777777777,0
2390,0.3194347226641213,0.23608017817371937,5.0,4.957777777777777,0
2400,0.3219429419874854,0.23162583518930957,5.0,4.957777777777777,0
2410,0.3228338105843674,0.22939866369710468,5.0,4.957777777777777,0
2420,0.3478576731360696,0.267260579064588,5.0,4.957777777777777,0
2430,0.3483031074345105,0.26280623608017817,5.0,4.957777777777777,0
2440,0.3535740799660621,0.2717149220489978,5.0,4.957777777777777,0
2450,0.3554671757344363,0.26948775055679286,5.0,4.957777777777777,0
2460,0.3520892989712589,0.2583518930957684,5.0,4.957777777777777,0
2470,0.3598313713013045,0.24944320712694878,5.0,4.957777777777777,0
2480,0.36517658288259625,0.2583518930957684,5.0,4.957777777777777,0
2490,0.3678491886732421,0.267260579064588,5.0,4.957777777777777,0
2500,0.3583837098313713,0.25389755011135856,5.0,4.957777777777777,0
2510,0.35845794888111143,0.24944320712694878,5.0,4.957777777777777,0
2520,0.36268957471630076,0.25389755011135856,5.0,4.957777777777777,0
2530,0.36989076254109665,0.2583518930957684,5.0,4.957777777777777,0
2540,0.3728974440555733,0.267260579064588,5.0,4.957777777777777,0
2550,0.34847809948032665,0.2806236080178174,5.0,4.957777777777777,0
2560,0.35247109979849395,0.2717149220489978,5.0,4.957777777777777,0
2570,0.35510658606426976,0.27839643652561247,5.0,4.957777777777777,0
2580,0.35547778131297064,0.2650334075723831,5.0,4.957777777777777,0
2590,0.35763071375543537,0.267260579064588,5.0,4.957777777777777,0
2600,0.35718527945699435,0.267260579064588,5.0,4.957777777777777,0
2610,0.37128009332909107,0.2739420935412027,5.0,4.957777777777777,0
2620,0.3668999893944215,0.26948775055679286,5.0,4.957777777777777,0
2630,0.3769222611093435,0.27616926503340755,5.0,4.957777777777777,0
2640,0.37502916534096936,0.27616926503340755,5.0,4.957777777777777,0
2650,0.36352211263124407,0.2650334075723831,5.0,4.957777777777777,0
2660,0.1598048573549687,0.08463251670378619,5.0,4.957777777777777,0
2670,0.17883126524551912,0.10022271714922049,5.0,4.957777777777777,0
2680,0.18929897125888215,0.10022271714922049,5.0,4.957777777777777,0
2690,0.2353696044119207,0.111358574610245,5.0,4.957777777777777,0
2700,0.23945275214762962,0.11804008908685969,5.0,4.957777777777777,0
2710,0.24654258139781526,0.12249443207126949,5.0,4.957777777777777,0
2720,0.2574557217096193,0.1291759465478842,5.0,4.957777777777777,0
2730,0.26939230034998407,0.1403118040089087,5.0,4.957777777777777,0
2740,0.27083996181991726,0.14253897550111358,5.0,4.957777777777777,0
2750,0.2736981652349136,0.14699331848552338,5.0,4.957777777777777,0
2760,0.27395800190900416,0.1447661469933185,5.0,4.957777777777777,0
2770,0.2702089298971259,0.1403118040089087,5.0,4.957777777777777,0
2780,0.2807508749602291,0.1447661469933185,5.0,4.957777777777777,0
2790,0.28047512991833706,0.1447661469933185,5.0,4.957777777777777,0
2800,0.3386626365468236,0.2071269487750557,5.0,4.957777777777777,0
2810,0.3467759041255701,0.21158129175946547,5.0,4.957777777777777,0
2820,0.2888853536960441,0.26280623608017817,5.0,4.957777777777777,0
2830,0.2870664969774101,0.2583518930957684,5.0,4.957777777777777,0
2840,0.2937480114540248,0.2583518930957684,5.0,4.957777777777777,0
2850,0.3073920882384134,0.24053452115812918,5.0,4.957777777777777,0
2860,0.30809735921094494,0.2383073496659243,5.0,4.957777777777777,0
2870,0.3144288895959274,0.23608017817371937,5.0,4.957777777777777,0
2880,0.3186233959062467,0.24053452115812918,5.0,4.957777777777777,0
2890,0.32248382649273516,0.24721603563474387,5.0,4.957777777777777,0
2900,0.330989500477251,0.24276169265033407,5.0,4.957777777777777,0
2910,0.35964577367695405,0.24721603563474387,5.0,4.957777777777777,0
2920,0.3629494113903914,0.25389755011135856,5.0,4.957777777777777,0
2930,0.38644607063315306,0.267260579064588,5.0,4.957777777777777,0
2940,0.3855552020362711,0.26948775055679286,5.0,4.957777777777777,0
2950,0.3886202142326864,0.27616926503340755,5.0,4.957777777777777,0
2960,0.38429844097995547,0.267260579064588,5.0,4.957777777777777,0
2970,0.3657227701771132,0.2739420935412027,5.0,4.957777777777777,0
2980,0.3652614275108707,0.2739420935412027,5.0,4.957777777777777,0
2990,0.3606055785343091,0.2717149220489978,5.0,4.957777777777777,0
3000,0.3561247216035634,0.2717149220489978,5.0,4.957777777777777,0
3010,0.3495015378088875,0.2650334075723831,5.0,4.957777777777777,0
3020,0.33969137766465163,0.2561247216035635,5.0,4.957777777777777,0
3030,0.33906034574186017,0.24721603563474387,5.0,4.957777777777777,0
3040,0.3326068512037331,0.24053452115812918,5.0,4.957777777777777,0
3050,0.3303425601866582,0.23608017817371937,5.0,4.957777777777777,0
3060,0.2947661469933185,0.19821826280623608,5.0,4.957777777777777,0
3070,0.29513734224201926,0.20044543429844097,5.0,4.957777777777777,0
3080,0.29907201187824795,0.2071269487750557,5.0,4.957777777777777,0
3090,0.3015961395694135,0.2071269487750557,5.0,4.957777777777777,0
3100,0.3051596139569413,0.2071269487750557,5.0,4.957777777777777,0
3110,0.3191907943578322,0.22494432071269488,5.0,4.957777777777777,0
3120,0.31778025241276914,0.22048997772828507,5.0,4.957777777777777,0
3130,0.3185968819599109,0.22271714922049,5.0,4.957777777777777,0
3140,0.33177431328878987,0.22494432071269488,5.0,4.957777777777777,0
3150,0.33235231731890974,0.22048997772828507,5.0,4.957777777777777,0
3160,0.3334128751723407,0.21380846325167038,5.0,4.957777777777777,0
3170,0.33478629759253364,0.21603563474387527,5.0,4.957777777777777,0
3180,0.3358998833386362,0.2182628062360802,5.0,4.957777777777777,0
3190,0.34206172446706967,0.22048997772828507,5.0,4.957777777777777,0
3200,0.3409110191960972,0.21380846325167038,5.0,4.957777777777777,0
3210,0.3401315091738254,0.2182628062360802,5.0,4.957777777777777,0
3220,0.3331477357089829,0.25389755011135856,5.0,4.957777777777777,0
3230,0.3339484568883232,0.24276169265033407,5.0,4.957777777777777,0
3240,0.33010923745890336,0.23608017817371937,5.0,4.957777777777777,0
3250,0.34739102768055996,0.24721603563474387,5.0,4.957777777777777,0
3260,0.34249125039770917,0.24276169265033407,5.0,4.957777777777777,0
3270,0.3364990985258246,0.23608017817371937,5.0,4.957777777777777,0
3280,0.348764450100753,0.24498886414253898,5.0,4.957777777777777,0
3290,0.3438646728179022,0.23162583518930957,5.0,4.957777777777777,0
3300,0.3479849400784813,0.23385300668151449,5.0,4.957777777777777,0
3310,0.3007582988652031,0.25389755011135856,5.0,4.957777777777777,0
3320,0.3041361756283805,0.24944320712694878,5.0,4.957777777777777,0
3330,0.303430904655849,0.24276169265033407,5.0,4.957777777777777,0
3340,0.3015961395694135,0.2383073496659243,5.0,4.957777777777777,0
3350,0.31010181355392935,0.21158129175946547,5.0,4.957777777777777,0
3360,0.31570686180931173,0.21380846325167038,5.0,4.957777777777777,0
3370,0.31515006893626046,0.20935412026726058,5.0,4.957777777777777,0
3380,0.31184643122282324,0.20489977728285078,5.0,4.957777777777777,0
3390,0.33129175946547884,0.22717149220489977,5.0,4.957777777777777,0
3400,0.3584844628274473,0.2650334075723831,5.0,4.957777777777777,0
3410,0.3495227489659561,0.2650334075723831,5.0,4.957777777777777,0
3420,0.35013787252094597,0.2650334075723831,5.0,4.957777777777777,0
3430,0.34982500795418386,0.2516703786191537,5.0,4.957777777777777,0
3440,0.35257185279456993,0.2516703786191537,5.0,4.957777777777777,0
3450,0.3295100222717149,0.23385300668151449,5.0,4.957777777777777,0
3460,0.33047512991833705,0.2516703786191537,5.0,4.957777777777777,0
3470,0.3316629547141797,0.25389755011135856,5.0,4.957777777777777,0
3480,0.33069784706755756,0.24721603563474387,5.0,4.957777777777777,0
3490,0.3305493689680772,0.24276169265033407,5.0,4.957777777777777,0
3500,0.32655636864990983,0.2182628062360802,5.0,4.957777777777777,0
3510,0.32848658394315405,0.21603563474387527,5.0,4.957777777777777,0
3520,0.3300456039876975,0.21603563474387527,5.0,4.957777777777777,0
3530,0.33617032559126103,0.2182628062360802,5.0,4.957777777777777,0
3540,0.3391770071057376,0.22048997772828507,5.0,4.957777777777777,0
3550,0.34429950153780886,0.22717149220489977,5.0,4.957777777777777,0
3560,0.341833704528582,0.22271714922049,5.0,4.957777777777777,0
3570,0.3427033619683954,0.2806236080178174,5.0,4.957777777777777,0
3580,0.34741754162689575,0.2828507795100223,5.0,4.957777777777777,0
3590,0.3445964577367695,0.2806236080178174,5.0,4.957777777777777,0
3600,0.3462668363559232,0.28507795100222716,5.0,4.957777777777777,0
3610,0.3472690635274154,0.2873051224944321,5.0,4.957777777777777,0
3620,0.34849400784812806,0.28507795100222716,5.0,4.957777777777777,0
3630,0.35138933078799445,0.289532293986637,5.0,4.957777777777777,0
3640,0.35582776540460287,0.2806236080178174,5.0,4.957777777777777,0
3650,0.35501113585746097,0.27616926503340755,5.0,4.957777777777777,0
3660,0.3624774631456146,0.289532293986637,5.0,4.957777777777777,0
3670,0.3638137660409375,0.29175946547884185,5.0,4.957777777777777,0
3680,0.3641107222398982,0.289532293986637,5.0,4.957777777777777,0
3690,0.36481599321242975,0.29398663697104677,5.0,4.957777777777777,0
3700,0.13186976349559867,0.05790645879732739,5.0,4.957777777777777,0
3710,0.21032453070314985,0.08240534521158129,5.0,4.957777777777777,0
3720,0.22051649167462084,0.0935412026726058,5.0,4.957777777777777,0
3730,0.22042634425707924,0.08908685968819599,5.0,4.957777777777777,0
3740,0.22098313713013046,0.08908685968819599,5.0,4.957777777777777,0
3750,0.2396595609290487,0.09799554565701558,5.0,4.957777777777777,0
3760,0.2554194506310319,0.10690423162583519,5.0,4.957777777777777,0
3770,0.2630501643864673,0.11581291759465479,5.0,4.957777777777777,0
3780,0.2646091844310107,0.111358574610245,5.0,4.957777777777777,0
3790,0.2688779297910701,0.11804008908685969,5.0,4.957777777777777,0
3800,0.2685809735921095,0.12026726057906459,5.0,4.957777777777777,0
3810,0.27103086223353484,0.12026726057906459,5.0,4.957777777777777,0
3820,0.32748965956092907,0.16703786191536749,5.0,4.957777777777777,0
3830,0.32693286668787785,0.16703786191536749,5.0,4.957777777777777,0
3840,0.32762222929260787,0.1714922048997773,5.0,4.957777777777777,0
3850,0.3155955032347015,0.1492204899777283,5.0,4.957777777777777,0
3860,0.3163378937321031,0.15367483296213807,5.0,4.957777777777777,0
3870,0.316746208505674,0.1492204899777283,5.0,4.957777777777777,0
3880,0.3191960971470994,0.1492204899777283,5.0,4.957777777777777,0
3890,0.36496447131191007,0.2071269487750557,5.0,4.957777777777777,0
3900,0.36552126418496134,0.21158129175946547,5.0,4.957777777777777,0
3910,0.37111040407254214,0.21603563474387527,5.0,4.957777777777777,0
3920,0.3769010499522749,0.2182628062360802,5.0,4.957777777777777,0
3930,0.3766040937533143,0.2182628062360802,5.0,4.957777777777777,0
3940,0.37704952805175523,0.22717149220489977,5.0,4.957777777777777,0
3950,0.37697528900201505,0.23608017817371937,5.0,4.957777777777777,0
3960,0.3685173401209036,0.2739420935412027,5.0,4.957777777777777,0
3970,0.3581981122070209,0.2650334075723831,5.0,4.957777777777777,0
3980,0.3560822992894263,0.26280623608017817,5.0,4.957777777777777,0
3990,0.3560822992894263,0.26280623608017817,5.0,4.957777777777777,0
4000,0.35077420723300456,0.2583518930957684,5.0,4.957777777777777,0
4010,0.35637925548838695,0.25389755011135856,5.0,4.957777777777777,0
4020,0.3509067769646834,0.24944320712694878,5.0,4.957777777777777,0
4030,0.3351150705270972,0.21603563474387527,5.0,4.957777777777777,0
4040,0.3432283381058437,0.22494432071269488,5.0,4.957777777777777,0
4050,0.3470887686923322,0.23162583518930957,5.0,4.957777777777777,0
4060,0.3541043588927776,0.23385300668151449,5.0,4.957777777777777,0
4070,0.36194188142963196,0.24053452115812918,5.0,4.957777777777777,0
4080,0.3511825220065754,0.2828507795100223,5.0,4.957777777777777,0
4090,0.35047725103404387,0.2828507795100223,5.0,4.957777777777777,0
4100,0.3558967016650758,0.2962138084632517,5.0,4.957777777777777,0
4110,0.35214762965319757,0.289532293986637,5.0,4.957777777777777,0
4120,0.3527044225262488,0.28507795100222716,5.0,4.957777777777777,0
4130,0.3517021953547566,0.28507795100222716,5.0,4.957777777777777,0
4140,0.34676529854703575,0.2717149220489978,5.0,4.957777777777777,0
4150,0.34810160144235863,0.26948775055679286,5.0,4.957777777777777,0
4160,0.34576307137554346,0.267260579064588,5.0,4.957777777777777,0
4170,0.35036589245943367,0.26948775055679286,5.0,4.957777777777777,0
4180,0.3504401315091738,0.267260579064588,5.0,4.957777777777777,0
4190,0.35203627107858726,0.26280623608017817,5.0,4.957777777777777,0
4200,0.3090995863824371,0.27839643652561247,5.0,4.957777777777777,0
4210,0.3211263124403436,0.24276169265033407,5.0,4.957777777777777,0
4220,0.3218687029377453,0.2383073496659243,5.0,4.957777777777777,0
4230,0.36086541520839965,0.2561247216035635,5.0,4.957777777777777,0
4240,0.36687877823735277,0.26280623608017817,5.0,4.957777777777777,0
4250,0.3709831371301304,0.2650334075723831,5.0,4.957777777777777,0
4260,0.36510234383285606,0.2828507795100223,5.0,4.957777777777777,0
4270,0.36968925654894474,0.27839643652561247,5.0,4.957777777777777,0
4280,0.18521052073390604,0.1358574610244989,5.0,4.957777777777777,0
4290,0.2031816735602927,0.1358574610244989,5.0,4.957777777777777,0
4300,0.21097677378300986,0.1358574610244989,5.0,4.957777777777777,0
4310,0.22456251988545975,0.1447661469933185,5.0,4.957777777777777,0
4320,0.23335984727966913,0.155902004454343,5.0,4.957777777777777,0
4330,0.30743451055255067,0.16926503340757237,5.0,4.957777777777777,0
4340,0.3336408951108283,0.2071269487750557,5.0,4.957777777777777,0
4350,0.1545710043482872,0.0801781737193764,5.0,4.957777777777777,0
4360,0.1545710043482872,0.0801781737193764,5.0,4.957777777777777,0
4370,0.17021953547566018,0.0801781737193764,5.0,4.957777777777777,0
4380,0.18491886732421253,0.0935412026726058,5.0,4.957777777777777,0
4390,0.28367801463569836,0.12249443207126949,5.0,4.957777777777777,0
4400,0.29069360483614376,0.1358574610244989,5.0,4.957777777777777,0
4410,0.29466539399724256,0.1403118040089087,5.0,4.957777777777777,0
4420,0.29815462933503023,0.14253897550111358,5.0,4.957777777777777,0
4430,0.3067663591048892,0.14253897550111358,5.0,4.957777777777777,0
4440,0.32825856400466646,0.16481069042316257,5.0,4.957777777777777,0
4450,0.32714497825856403,0.16258351893095768,5.0,4.957777777777777,0
4460,0.3322303531657652,0.1714922048997773,5.0,4.957777777777777,0
4470,0.3439442146569095,0.18930957683741648,5.0,4.957777777777777,0
4480,0.3395641107222399,0.18262806236080179,5.0,4.957777777777777,0
4490,0.34194506310319234,0.19376391982182628,5.0,4.957777777777777,0
0,0.3860801781737194,0.30066815144766146,5.0,4.948888888888889,1
10,0.38919821826280626,0.30957683741648107,5.0,4.948888888888889,1
20,0.38325909428359317,0.311804008908686,5.0,4.948888888888889,1
30,0.36154417223459534,0.267260579064588,5.0,4.948888888888889,1
40,0.3564959168522643,0.2583518930957684,5.0,4.948888888888889,1
50,0.35942835931700073,0.26948775055679286,5.0,4.948888888888889,1
60,0.3562360801781737,0.2650334075723831,5.0,4.948888888888889,1
70,0.35675575352635486,0.2583518930957684,5.0,4.948888888888889,1
80,0.3524498886414254,0.25389755011135856,5.0,4.948888888888889,1
90,0.3569042316258352,0.25389755011135856,5.0,4.948888888888889,1
100,0.3556792873051225,0.24944320712694878,5.0,4.948888888888889,1
110,0.3538975501113586,0.24721603563474387,5.0,4.948888888888889,1
120,0.3559762435040831,0.24276169265033407,5.0,4.948888888888889,1
130,0.3565701559020044,0.2583518930957684,5.0,4.948888888888889,1
140,0.35590200445434295,0.25389755011135856,5.0,4.948888888888889,1
150,0.3564587973273942,0.24944320712694878,5.0,4.948888888888889,1
160,0.3592798812175204,0.25389755011135856,5.0,4.948888888888889,1
170,0.36221232368225686,0.26057906458797325,5.0,4.948888888888889,1
180,0.27446176688938384,0.2026726057906459,5.0,4.948888888888889,1
190,0.2747216035634744,0.19821826280623608,5.0,4.948888888888889,1
200,0.2778767631774313,0.20044543429844097,5.0,4.948888888888889,1
210,0.27880475129918336,0.19821826280623608,5.0,4.948888888888889,1
220,0.28170007423904975,0.19821826280623608,5.0,4.948888888888889,1
230,0.28559762435040836,0.19821826280623608,5.0,4.948888888888889,1
240,0.2987008166295472,0.2026726057906459,5.0,4.948888888888889,1
250,0.2988492947290275,0.2071269487750557,5.0,4.948888888888889,1
260,0.3260207869339272,0.22271714922049,5.0,4.948888888888889,1
270,0.3267631774313289,0.22048997772828507,5.0,4.948888888888889,1
280,0.323608017817372,0.21603563474387527,5.0,4.948888888888889,1
290,0.34495174461766887,0.24053452115812918,5.0,4.948888888888889,1
300,0.34543429844097995,0.23608017817371937,5.0,4.948888888888889,1
310,0.35011135857461023,0.24498886414253898,5.0,4.948888888888889,1
320,0.35200445434298444,0.24721603563474387,5.0,4.948888888888889,1
330,0.33982925018559756,0.24944320712694878,5.0,4.948888888888889,1
340,0.33956941351150705,0.24276169265033407,5.0,4.948888888888889,1
350,0.3264291017074981,0.22939866369710468,5.0,4.948888888888889,1
360,0.3244988864142539,0.22271714922049,5.0,4.948888888888889,1
370,0.16503340757238305,0.0801781737193764,5.0,4.948888888888889,1
380,0.1882331106161841,0.08240534521158129,5.0,4.948888888888889,1
390,0.2010393466963623,0.09131403118040089,5.0,4.948888888888889,1
400,0.2080920564216778,0.0957683741648107,5.0,4.948888888888889,1
410,0.2117668893838159,0.10244988864142539,5.0,4.948888888888889,1
420,0.21180400890868595,0.0957683741648107,5.0,4.948888888888889,1
430,0.22423904974016334,0.10244988864142539,5.0,4.948888888888889,1
440,0.22754268745360057,0.10244988864142539,5.0,4.948888888888889,1
450,0.229992576095026,0.10467706013363029,5.0,4.948888888888889,1
460,0.22910170749814404,0.16258351893095768,5.0,4.948888888888889,1
470,0.23229398663697107,0.16481069042316257,5.0,4.948888888888889,1
480,0.2624350408314774,0.18040089086859687,5.0,4.948888888888889,1
490,0.26529324424647366,0.18040089086859687,5.0,4.948888888888889,1
500,0.2675946547884187,0.18040089086859687,5.0,4.948888888888889,1
510,0.34420935412026726,0.22271714922049,5.0,4.948888888888889,1
520,0.3466963622865627,0.22494432071269488,5.0,4.948888888888889,1
530,0.3419450631031923,0.22494432071269488,5.0,4.948888888888889,1
540,0.34962880475129915,0.23608017817371937,5.0,4.948888888888889,1
550,0.35352635486265777,0.24276169265033407,5.0,4.948888888888889,1
560,0.2003711952487008,0.12472160356347439,5.0,4.948888888888889,1
570,0.2028582034149963,0.12472160356347439,5.0,4.948888888888889,1
580,0.21035634743875278,0.12694877505567928,5.0,4.948888888888889,1
590,0.25115070527097255,0.14253897550111358,5.0,4.948888888888889,1
600,0.25404602821083894,0.13808463251670378,5.0,4.948888888888889,1
610,0.2560133630289532,0.1358574610244989,5.0,4.948888888888889,1
620,0.2599109131403118,0.14253897550111358,5.0,4.948888888888889,1
630,0.26811432813659986,0.14699331848552338,5.0,4.948888888888889,1
640,0.2727542687453601,0.1403118040089087,5.0,4.948888888888889,1
650,0.2782850779510022,0.1403118040089087,5.0,4.948888888888889,1
660,0.3208611729769859,0.1603563474387528,5.0,4.948888888888889,1
670,0.32564959168522645,0.16926503340757237,5.0,4.948888888888889,1
680,0.3353377876763177,0.2026726057906459,5.0,4.948888888888889,1
690,0.24287305122494432,0.16703786191536749,5.0,4.948888888888889,1
700,0.2494060876020787,0.1714922048997773,5.0,4.948888888888889,1
710,0.2493318485523385,0.16481069042316257,5.0,4.948888888888889,1
720,0.24988864142538972,0.16481069042316257,5.0,4.948888888888889,1
730,0.25070527097253154,0.16258351893095768,5.0,4.948888888888889,1
740,0.27479584261321455,0.16703786191536749,5.0,4.948888888888889,1
750,0.2838530066815145,0.17817371937639198,5.0,4.948888888888889,1
760,0.2942093541202673,0.19376391982182628,5.0,4.948888888888889,1
770,0.2938752783964365,0.1870824053452116,5.0,4.948888888888889,1
780,0.2955827765404603,0.18485523385300667,5.0,4.948888888888889,1
790,0.2995916852264291,0.19376391982182628,5.0,4.948888888888889,1
800,0.34606533036377135,0.22939866369710468,5.0,4.948888888888889,1
810,0.34914625092798807,0.23162583518930957,5.0,4.948888888888889,1
820,0.3355605048255383,0.2650334075723831,5.0,4.948888888888889,1
830,0.3274313288789903,0.267260579064588,5.0,4.948888888888889,1
840,0.32709725315515964,0.26948775055679286,5.0,4.948888888888889,1
850,0.32568671121009657,0.24944320712694878,5.0,4.948888888888889,1
860,0.3418708240534521,0.26280623608017817,5.0,4.948888888888889,1
870,0.3405345211581292,0.2583518930957684,5.0,4.948888888888889,1
880,0.35434298440979956,0.2650334075723831,5.0,4.948888888888889,1
890,0.3538975501113586,0.267260579064588,5.0,4.948888888888889,1
900,0.35356347438752783,0.27616926503340755,5.0,4.948888888888889,1
910,0.3425760950259837,0.24276169265033407,5.0,4.948888888888889,1
920,0.3441722345953972,0.2383073496659243,5.0,4.948888888888889,1
930,0.34443207126948777,0.23608017817371937,5.0,4.948888888888889,1
940,0.34164810690423164,0.23162583518930957,5.0,4.948888888888889,1
950,0.3478099480326652,0.2383073496659243,5.0,4.948888888888889,1
960,0.3496288047512992,0.24053452115812918,5.0,4.948888888888889,1
970,0.35215293244246476,0.2516703786191537,5.0,4.948888888888889,1
980,0.3512991833704529,0.24276169265033407,5.0,4.948888888888889,1
990,0.3494060876020787,0.24721603563474387,5.0,4.948888888888889,1
1000,0.3497401633259094,0.24498886414253898,5.0,4.948888888888889,1
1010,0.35697847067557537,0.2561247216035635,5.0,4.948888888888889,1
1020,0.3587230883444692,0.2650334075723831,5.0,4.948888888888889,1
1030,0.35902004454342984,0.267260579064588,5.0,4.948888888888889,1
1040,0.3576095025983667,0.2739420935412027,5.0,4.948888888888889,1
1050,0.35426874536005937,0.2717149220489978,5.0,4.948888888888889,1
1060,0.30976243504083145,0.24721603563474387,5.0,4.948888888888889,1
1070,0.3104305864884929,0.24498886414253898,5.0,4.948888888888889,1
1080,0.31213808463251674,0.24721603563474387,5.0,4.948888888888889,1
1090,0.3134743875278396,0.24721603563474387,5.0,4.948888888888889,1
1100,0.3113956941351151,0.24276169265033407,5.0,4.948888888888889,1
1110,0.3160727542687454,0.2561247216035635,5.0,4.948888888888889,1
1120,0.3210838901262064,0.25389755011135856,5.0,4.948888888888889,1
1130,0.3306607275426874,0.24721603563474387,5.0,4.948888888888889,1
1140,0.3342984409799554,0.25389755011135856,5.0,4.948888888888889,1
1150,0.33474387527839644,0.2583518930957684,5.0,4.948888888888889,1
1160,0.34651076466221226,0.2650334075723831,5.0,4.948888888888889,1
1170,0.3460282108389013,0.2717149220489978,5.0,4.948888888888889,1
1180,0.3486636971046771,0.27616926503340755,5.0,4.948888888888889,1
1190,0.3602078693392724,0.29398663697104677,5.0,4.948888888888889,1
1200,0.36688938381588715,0.2984409799554566,5.0,4.948888888888889,1
1210,0.36855976243504085,0.3028953229398664,5.0,4.948888888888889,1
1220,0.36247216035634744,0.2984409799554566,5.0,4.948888888888889,1
1230,0.3671492204899777,0.2984409799554566,5.0,4.948888888888889,1
1240,0.3635486265775798,0.2828507795100223,5.0,4.948888888888889,1
1250,0.36551596139569414,0.2984409799554566,5.0,4.948888888888889,1
1260,0.3691907943578322,0.2984409799554566,5.0,4.948888888888889,1
1270,0.3667780252412769,0.2984409799554566,5.0,4.948888888888889,1
1280,0.3644394951744617,0.29175946547884185,5.0,4.948888888888889,1
1290,0.36707498144023754,0.2962138084632517,5.0,4.948888888888889,1
1300,0.3718634001484782,0.30957683741648107,5.0,4.948888888888889,1
1310,0.3758723088344469,0.31403118040089084,5.0,4.948888888888889,1
1320,0.37045285820341506,0.2984409799554566,5.0,4.948888888888889,1
1330,0.27457312546399404,0.22048997772828507,5.0,4.948888888888889,1
1340,0.2785449146250928,0.22271714922049,5.0,4.948888888888889,1
1350,0.2806607275426875,0.22271714922049,5.0,4.948888888888889,1
1360,0.27602078693392723,0.21380846325167038,5.0,4.948888888888889,1
1370,0.30720118782479583,0.21158129175946547,5.0,4.948888888888889,1
1380,0.30850037119524865,0.21603563474387527,5.0,4.948888888888889,1
1390,0.30734966592427615,0.21380846325167038,5.0,4.948888888888889,1
1400,0.3456198960653304,0.2383073496659243,5.0,4.948888888888889,1
1410,0.34688195991091314,0.24276169265033407,5.0,4.948888888888889,1
1420,0.3498886414253898,0.24276169265033407,5.0,4.948888888888889,1
1430,0.36043058648849297,0.28507795100222716,5.0,4.948888888888889,1
1440,0.3633259094283593,0.29175946547884185,5.0,4.948888888888889,1
1450,0.3720489977728285,0.30734966592427615,5.0,4.948888888888889,1
1460,0.23934669636228656,0.20044543429844097,5.0,4.948888888888889,1
1470,0.2465478841870824,0.2071269487750557,5.0,4.948888888888889,1
1480,0.2981069042316259,0.16926503340757237,5.0,4.948888888888889,1
1490,0.3051967334818114,0.1714922048997773,5.0,4.948888888888889,1
1500,0.32564959168522645,0.22939866369710468,5.0,4.948888888888889,1
1510,0.3216406829992576,0.22494432071269488,5.0,4.948888888888889,1
1520,0.3328136599851522,0.23608017817371937,5.0,4.948888888888889,1
1530,0.33377876763177433,0.22939866369710468,5.0,4.948888888888889,1
1540,0.34420935412026726,0.23608017817371937,5.0,4.948888888888889,1
1550,0.3435412026726058,0.22939866369710468,5.0,4.948888888888889,1
1560,0.3523385300668151,0.24276169265033407,5.0,4.948888888888889,1
1570,0.36848552338530066,0.27616926503340755,5.0,4.948888888888889,1
1580,0.35293244246473643,0.2828507795100223,5.0,4.948888888888889,1
1590,0.3544172234595397,0.2828507795100223,5.0,4.948888888888889,1
1600,0.3487008166295471,0.2717149220489978,5.0,4.948888888888889,1
1610,0.35159613956941355,0.26948775055679286,5.0,4.948888888888889,1
1620,0.35011135857461023,0.2739420935412027,5.0,4.948888888888889,1
1630,0.34651076466221226,0.267260579064588,5.0,4.948888888888889,1
1640,0.35267260579064585,0.27839643652561247,5.0,4.948888888888889,1
1650,0.35734966592427614,0.28507795100222716,5.0,4.948888888888889,1
1660,0.3629918337045286,0.30066815144766146,5.0,4.948888888888889,1
1670,0.34855233853006684,0.27839643652561247,5.0,4.948888888888889,1
1680,0.35007423904974017,0.2828507795100223,5.0,4.948888888888889,1
1690,0.3383444691907944,0.26948775055679286,5.0,4.948888888888889,1
1700,0.34123979213066075,0.2739420935412027,5.0,4.948888888888889,1
1710,0.3402746844840385,0.2717149220489978,5.0,4.948888888888889,1
1720,0.32501855976243504,0.27839643652561247,5.0,4.948888888888889,1
1730,0.3197847067557535,0.26948775055679286,5.0,4.948888888888889,1
1740,0.3194506310319228,0.2561247216035635,5.0,4.948888888888889,1
1750,0.320007423904974,0.2516703786191537,5.0,4.948888888888889,1
1760,0.3197475872308834,0.24053452115812918,5.0,4.948888888888889,1
1770,0.3208611729769859,0.24276169265033407,5.0,4.948888888888889,1
1780,0.3207498144023756,0.24276169265033407,5.0,4.948888888888889,1
1790,0.32631774313288786,0.24498886414253898,5.0,4.948888888888889,1
1800,0.17787676317743134,0.10244988864142539,5.0,4.948888888888889,1
1810,0.17809948032665182,0.09799554565701558,5.0,4.948888888888889,1
1820,0.24639940608760205,0.10467706013363029,5.0,4.948888888888889,1
1830,0.2985523385300668,0.15812917594654788,5.0,4.948888888888889,1
1840,0.30953971789161094,0.16926503340757237,5.0,4.948888888888889,1
1850,0.32401633259094287,0.18040089086859687,5.0,4.948888888888889,1
1860,0.3538233110616184,0.22717149220489977,5.0,4.948888888888889,1
1870,0.3538233110616184,0.22271714922049,5.0,4.948888888888889,1
1880,0.35846325167037857,0.22271714922049,5.0,4.948888888888889,1
1890,0.3548997772828508,0.22271714922049,5.0,4.948888888888889,1
1900,0.3744617668893838,0.25389755011135856,5.0,4.948888888888889,1
1910,0.37965850037119525,0.26280623608017817,5.0,4.948888888888889,1
1920,0.3904231625835189,0.27616926503340755,5.0,4.948888888888889,1
1930,0.38849294729027467,0.27616926503340755,5.0,4.948888888888889,1
1940,0.38815887156644396,0.27616926503340755,5.0,4.948888888888889,1
1950,0.3892724573125464,0.26948775055679286,5.0,4.948888888888889,1
1960,0.3720118782479585,0.2873051224944321,5.0,4.948888888888889,1
1970,0.36440237564959166,0.2806236080178174,5.0,4.948888888888889,1
1980,0.3664439495174462,0.289532293986637,5.0,4.948888888888889,1
1990,0.36833704528582034,0.29398663697104677,5.0,4.948888888888889,1
2000,0.22435040831477357,0.133630289532294,5.0,4.948888888888889,1
2010,0.2605419450631032,0.1714922048997773,5.0,4.948888888888889,1
2020,0.3264662212323682,0.19376391982182628,5.0,4.948888888888889,1
2030,0.3487008166295471,0.22939866369710468,5.0,4.948888888888889,1
2040,0.3521900519673348,0.23385300668151449,5.0,4.948888888888889,1
2050,0.3445805493689681,0.22271714922049,5.0,4.948888888888889,1
2060,0.3670007423904974,0.2516703786191537,5.0,4.948888888888889,1
2070,0.3688567186340015,0.2516703786191537,5.0,4.948888888888889,1
2080,0.3653674832962138,0.24721603563474387,5.0,4.948888888888889,1
2090,0.36213808463251673,0.24053452115812918,5.0,4.948888888888889,1
2100,0.36388270230141057,0.24053452115812918,5.0,4.948888888888889,1
2110,0.365441722345954,0.24721603563474387,5.0,4.948888888888889,1
2120,0.3593541202672605,0.24053452115812918,5.0,4.948888888888889,1
2130,0.36417965850037115,0.24498886414253898,5.0,4.948888888888889,1
2140,0.36507052709725313,0.24944320712694878,5.0,4.948888888888889,1
2150,0.37086117297698584,0.2739420935412027,5.0,4.948888888888889,1
2160,0.3705270972531552,0.2739420935412027,5.0,4.948888888888889,1
2170,0.369524870081663,0.26948775055679286,5.0,4.948888888888889,1
2180,0.3779138827023014,0.28507795100222716,5.0,4.948888888888889,1
2190,0.36874536005939124,0.267260579064588,5.0,4.948888888888889,1
2200,0.3681143281365999,0.267260579064588,5.0,4.948888888888889,1
2210,0.3680772086117297,0.2717149220489978,5.0,4.948888888888889,1
2220,0.36711210096510766,0.267260579064588,5.0,4.948888888888889,1
2230,0.22843355605048254,0.1492204899777283,5.0,4.948888888888889,1
2240,0.23392724573125465,0.155902004454343,5.0,4.948888888888889,1
2250,0.2775055679287305,0.16926503340757237,5.0,4.948888888888889,1
2260,0.28121752041573866,0.1759465478841871,5.0,4.948888888888889,1
2270,0.29020044543429846,0.18262806236080179,5.0,4.948888888888889,1
2280,0.2973273942093541,0.1870824053452116,5.0,4.948888888888889,1
2290,0.30742390497401634,0.19376391982182628,5.0,4.948888888888889,1
2300,0.3139198218262806,0.2071269487750557,5.0,4.948888888888889,1
2310,0.32895322939866367,0.22048997772828507,5.0,4.948888888888889,1
2320,0.3293986636971047,0.22048997772828507,5.0,4.948888888888889,1
2330,0.3308092056421677,0.21380846325167038,5.0,4.948888888888889,1
2340,0.3499628804751299,0.21603563474387527,5.0,4.948888888888889,1
2350,0.3481440237564959,0.21603563474387527,5.0,4.948888888888889,1
2360,0.35809205642167774,0.22494432071269488,5.0,4.948888888888889,1
2370,0.3678916109873793,0.2383073496659243,5.0,4.948888888888889,1
2380,0.36585003711952485,0.24276169265033407,5.0,4.948888888888889,1
2390,0.3669636228656273,0.25389755011135856,5.0,4.948888888888889,1
2400,0.3639569413511507,0.24944320712694878,5.0,4.948888888888889,1
2410,0.36262063845582776,0.2561247216035635,5.0,4.948888888888889,1
2420,0.364996288047513,0.2561247216035635,5.0,4.948888888888889,1
2430,0.3666295471417966,0.26057906458797325,5.0,4.948888888888889,1
2440,0.3704157386785449,0.26280623608017817,5.0,4.948888888888889,1
2450,0.3703043801039346,0.26280623608017817,5.0,4.948888888888889,1
2460,0.3750556792873051,0.2873051224944321,5.0,4.948888888888889,1
2470,0.3711581291759465,0.2806236080178174,5.0,4.948888888888889,1
2480,0.3722345953971789,0.2828507795100223,5.0,4.948888888888889,1
2490,0.3746844840386043,0.2873051224944321,5.0,4.948888888888889,1
2500,0.37078693392724577,0.28507795100222716,5.0,4.948888888888889,1
2510,0.36510764662212325,0.2717149220489978,5.0,4.948888888888889,1
2520,0.3325167037861916,0.2516703786191537,5.0,4.948888888888889,1
2530,0.31933927245731253,0.22939866369710468,5.0,4.948888888888889,1
2540,0.3191536748329621,0.2383073496659243,5.0,4.948888888888889,1
2550,0.18051224944320712,0.09799554565701558,5.0,4.948888888888889,1
2560,0.25189309576837415,0.111358574610245,5.0,4.948888888888889,1
2570,0.26024498886414255,0.11358574610244988,5.0,4.948888888888889,1
2580,0.2681514476614699,0.12249443207126949,5.0,4.948888888888889,1
2590,0.2714179658500371,0.12694877505567928,5.0,4.948888888888889,1
2600,0.2840014847809948,0.13808463251670378,5.0,4.948888888888889,1
2610,0.2852635486265776,0.13808463251670378,5.0,4.948888888888889,1
2620,0.2948403860430586,0.14699331848552338,5.0,4.948888888888889,1
2630,0.2989977728285078,0.1514476614699332,5.0,4.948888888888889,1
2640,0.3041202672605791,0.15367483296213807,5.0,4.948888888888889,1
2650,0.3046028210838901,0.16481069042316257,5.0,4.948888888888889,1
2660,0.3088344469190794,0.1759465478841871,5.0,4.948888888888889,1
2670,0.30734966592427615,0.18040089086859687,5.0,4.948888888888889,1
2680,0.3131031922791388,0.1870824053452116,5.0,4.948888888888889,1
2690,0.31477357089829244,0.1915367483296214,5.0,4.948888888888889,1
2700,0.3170378619153675,0.19376391982182628,5.0,4.948888888888889,1
2710,0.3565701559020044,0.23162583518930957,5.0,4.948888888888889,1
2720,0.35378619153674834,0.24498886414253898,5.0,4.948888888888889,1
2730,0.351373422420193,0.24053452115812918,5.0,4.948888888888889,1
2740,0.3519302152932442,0.24721603563474387,5.0,4.948888888888889,1
2750,0.33834446919079436,0.22048997772828507,5.0,4.948888888888889,1
2760,0.338158871566444,0.22271714922049,5.0,4.948888888888889,1
2770,0.3383073496659243,0.2182628062360802,5.0,4.948888888888889,1
2780,0.36607275426874536,0.2561247216035635,5.0,4.948888888888889,1
2790,0.3634743875278396,0.25389755011135856,5.0,4.948888888888889,1
2800,0.3658129175946548,0.2583518930957684,5.0,4.948888888888889,1
2810,0.37019302152932443,0.2717149220489978,5.0,4.948888888888889,1
2820,0.3664810690423163,0.26280623608017817,5.0,4.948888888888889,1
2830,0.36473645137342237,0.2561247216035635,5.0,4.948888888888889,1
2840,0.3653303637713438,0.2583518930957684,5.0,4.948888888888889,1
2850,0.3629175946547884,0.2717149220489978,5.0,4.948888888888889,1
2860,0.3629547141796586,0.2739420935412027,5.0,4.948888888888889,1
2870,0.36076466221232373,0.2717149220489978,5.0,4.948888888888889,1
2880,0.3575723830734967,0.26057906458797325,5.0,4.948888888888889,1
2890,0.25155902004454345,0.17817371937639198,5.0,4.948888888888889,1
2900,0.26948775055679286,0.18930957683741648,5.0,4.948888888888889,1
2910,0.2982925018559763,0.20935412026726058,5.0,4.948888888888889,1
2920,0.3034521158129176,0.21380846325167038,5.0,4.948888888888889,1
2930,0.30456570155902,0.20935412026726058,5.0,4.948888888888889,1
2940,0.30178173719376394,0.20935412026726058,5.0,4.948888888888889,1
2950,0.30230141054194504,0.2071269487750557,5.0,4.948888888888889,1
2960,0.33489235337787676,0.22271714922049,5.0,4.948888888888889,1
2970,0.33752783964365257,0.23608017817371937,5.0,4.948888888888889,1
2980,0.3371195248700816,0.24053452115812918,5.0,4.948888888888889,1
2990,0.3354120267260579,0.23162583518930957,5.0,4.948888888888889,1
3000,0.34784706755753525,0.24053452115812918,5.0,4.948888888888889,1
3010,0.34888641425389755,0.24053452115812918,5.0,4.948888888888889,1
3020,0.35356347438752783,0.24721603563474387,5.0,4.948888888888889,1
3030,0.3537490720118783,0.2516703786191537,5.0,4.948888888888889,1
3040,0.34951744617668895,0.2516703786191537,5.0,4.948888888888889,1
3050,0.34907201187824793,0.2561247216035635,5.0,4.948888888888889,1
3060,0.34910913140311806,0.24721603563474387,5.0,4.948888888888889,1
3070,0.3593170007423905,0.2717149220489978,5.0,4.948888888888889,1
3080,0.3565701559020045,0.267260579064588,5.0,4.948888888888889,1
3090,0.3778396436525613,0.2962138084632517,5.0,4.948888888888889,1
3100,0.37557535263548625,0.289532293986637,5.0,4.948888888888889,1
3110,0.378173719376392,0.29175946547884185,5.0,4.948888888888889,1
3120,0.37691165553080924,0.2873051224944321,5.0,4.948888888888889,1
3130,0.37160356347438755,0.2828507795100223,5.0,4.948888888888889,1
3140,0.3720861172976986,0.27616926503340755,5.0,4.948888888888889,1
3150,0.37308834446919076,0.27839643652561247,5.0,4.948888888888889,1
3160,0.33040089086859686,0.2516703786191537,5.0,4.948888888888889,1
3170,0.33444691907943574,0.26057906458797325,5.0,4.948888888888889,1
3180,0.3348181143281366,0.2583518930957684,5.0,4.948888888888889,1
3190,0.3321083890126206,0.25389755011135856,5.0,4.948888888888889,1
3200,0.3155902004454343,0.23608017817371937,5.0,4.948888888888889,1
3210,0.3374536005939124,0.267260579064588,5.0,4.948888888888889,1
3220,0.3384187082405345,0.26948775055679286,5.0,4.948888888888889,1
3230,0.3430215293244246,0.26057906458797325,5.0,4.948888888888889,1
3240,0.33485523385300675,0.24721603563474387,5.0,4.948888888888889,1
3250,0.3456570155902004,0.24498886414253898,5.0,4.948888888888889,1
3260,0.34513734224201925,0.24498886414253898,5.0,4.948888888888889,1
3270,0.34175946547884184,0.2383073496659243,5.0,4.948888888888889,1
3280,0.34806978470675576,0.24498886414253898,5.0,4.948888888888889,1
3290,0.34565701559020046,0.24498886414253898,5.0,4.948888888888889,1
3300,0.3560133630289532,0.24721603563474387,5.0,4.948888888888889,1
3310,0.3537490720118783,0.24944320712694878,5.0,4.948888888888889,1
3320,0.35311804008908687,0.24721603563474387,5.0,4.948888888888889,1
3330,0.35174461766889387,0.24721603563474387,5.0,4.948888888888889,1
3340,0.3524870081662954,0.24721603563474387,5.0,4.948888888888889,1
3350,0.3549740163325909,0.24498886414253898,5.0,4.948888888888889,1
3360,0.35560504825538236,0.24944320712694878,5.0,4.948888888888889,1
3370,0.3532293986636972,0.24721603563474387,5.0,4.948888888888889,1
3380,0.16952487008166298,0.08240534521158129,5.0,4.948888888888889,1
3390,0.18210838901262064,0.08685968819599109,5.0,4.948888888888889,1
3400,0.18574610244988865,0.08908685968819599,5.0,4.948888888888889,1
3410,0.1956941351150705,0.09799554565701558,5.0,4.948888888888889,1
3420,0.2133630289532294,0.08685968819599109,5.0,4.948888888888889,1
3430,0.19112843355605047,0.12249443207126949,5.0,4.948888888888889,1
3440,0.22312546399406089,0.1291759465478842,5.0,4.948888888888889,1
3450,0.22717149220489977,0.13140311804008908,5.0,4.948888888888889,1
3460,0.2372308834446919,0.133630289532294,5.0,4.948888888888889,1
3470,0.24899777282850782,0.133630289532294,5.0,4.948888888888889,1
3480,0.27984409799554566,0.1447661469933185,5.0,4.948888888888889,1
3490,0.2882702301410542,0.15812917594654788,5.0,4.948888888888889,1
3500,0.20386043058648848,0.133630289532294,5.0,4.948888888888889,1
3510,0.30957683741648107,0.16703786191536749,5.0,4.948888888888889,1
3520,0.30887156644394953,0.1603563474387528,5.0,4.948888888888889,1
3530,0.3139940608760208,0.16481069042316257,5.0,4.948888888888889,1
3540,0.32342242019302153,0.17817371937639198,5.0,4.948888888888889,1
3550,0.3243504083147736,0.17817371937639198,5.0,4.948888888888889,1
3560,0.3245360059391239,0.18040089086859687,5.0,4.948888888888889,1
3570,0.3319599109131403,0.1870824053452116,5.0,4.948888888888889,1
3580,0.36247216035634744,0.22048997772828507,5.0,4.948888888888889,1
3590,0.36377134372680026,0.23162583518930957,5.0,4.948888888888889,1
3600,0.37813659985152187,0.24944320712694878,5.0,4.948888888888889,1
3610,0.37509279881217517,0.24944320712694878,5.0,4.948888888888889,1
3620,0.37438752783964363,0.24944320712694878,5.0,4.948888888888889,1
3630,0.38144023756495915,0.26280623608017817,5.0,4.948888888888889,1
3640,0.38518930957683745,0.2650334075723831,5.0,4.948888888888889,1
3650,0.3912769116555308,0.2806236080178174,5.0,4.948888888888889,1
3660,0.3899034892353378,0.28507795100222716,5.0,4.948888888888889,1
3670,0.3610987379361544,0.27839643652561247,5.0,4.948888888888889,1
3680,0.36046770601336303,0.2717149220489978,5.0,4.948888888888889,1
3690,0.3639198218262806,0.28507795100222716,5.0,4.948888888888889,1
3700,0.20642167780252413,0.13140311804008908,5.0,4.948888888888889,1
3710,0.2261321455085375,0.13808463251670378,5.0,4.948888888888889,1
3720,0.22780252412769117,0.1403118040089087,5.0,4.948888888888889,1
3730,0.26566443949517443,0.1403118040089087,5.0,4.948888888888889,1
3740,0.2688195991091314,0.1447661469933185,5.0,4.948888888888889,1
3750,0.2740163325909428,0.1492204899777283,5.0,4.948888888888889,1
3760,0.303192279138827,0.1714922048997773,5.0,4.948888888888889,1
3770,0.30987379361544176,0.18262806236080179,5.0,4.948888888888889,1
3780,0.31403118040089084,0.18485523385300667,5.0,4.948888888888889,1
3790,0.32253155159613955,0.18930957683741648,5.0,4.948888888888889,1
3800,0.35794357832219753,0.24053452115812918,5.0,4.948888888888889,1
3810,0.3589458054936897,0.24053452115812918,5.0,4.948888888888889,1
3820,0.3474758723088344,0.23385300668151449,5.0,4.948888888888889,1
3830,0.3216778025241277,0.24276169265033407,5.0,4.948888888888889,1
3840,0.3386043058648849,0.26948775055679286,5.0,4.948888888888889,1
3850,0.3417223459539718,0.2739420935412027,5.0,4.948888888888889,1
3860,0.3482925018559762,0.2806236080178174,5.0,4.948888888888889,1
3870,0.34309576837416483,0.2739420935412027,5.0,4.948888888888889,1
3880,0.3407201187824796,0.26948775055679286,5.0,4.948888888888889,1
3890,0.337750556792873,0.24721603563474387,5.0,4.948888888888889,1
3900,0.3532665181885672,0.267260579064588,5.0,4.948888888888889,1
3910,0.3509651076466222,0.2650334075723831,5.0,4.948888888888889,1
3920,0.24944320712694876,0.18930957683741648,5.0,4.948888888888889,1
3930,0.24862657757980697,0.1870824053452116,5.0,4.948888888888889,1
3940,0.25029695619896064,0.18930957683741648,5.0,4.948888888888889,1
3950,0.25961395694135114,0.19599109131403117,5.0,4.948888888888889,1
3960,0.3366369710467706,0.22494432071269488,5.0,4.948888888888889,1
3970,0.34439495174461765,0.22717149220489977,5.0,4.948888888888889,1
3980,0.34729027468448403,0.23162583518930957,5.0,4.948888888888889,1
3990,0.34873793615441717,0.23162583518930957,5.0,4.948888888888889,1
4000,0.35048255382331106,0.23608017817371937,5.0,4.948888888888889,1
4010,0.36288047512991833,0.2561247216035635,5.0,4.948888888888889,1
4020,0.3629175946547884,0.26057906458797325,5.0,4.948888888888889,1
4030,0.35434298440979956,0.24276169265033407,5.0,4.948888888888889,1
4040,0.358648849294729,0.24498886414253898,5.0,4.948888888888889,1
4050,0.35415738678544917,0.23608017817371937,5.0,4.948888888888889,1
4060,0.36403118040089083,0.24721603563474387,5.0,4.948888888888889,1
4070,0.35066815144766145,0.2984409799554566,5.0,4.948888888888889,1
4080,0.34784706755753525,0.289532293986637,5.0,4.948888888888889,1
4090,0.3475501113585746,0.2873051224944321,5.0,4.948888888888889,1
4100,0.34892353377876767,0.29175946547884185,5.0,4.948888888888889,1
4110,0.3481440237564959,0.28507795100222716,5.0,4.948888888888889,1
4120,0.35215293244246476,0.2873051224944321,5.0,4.948888888888889,1
4130,0.36328878990348923,0.2873051224944321,5.0,4.948888888888889,1
4140,0.3634743875278396,0.28507795100222716,5.0,4.948888888888889,1
4150,0.3578322197475872,0.27839643652561247,5.0,4.948888888888889,1
4160,0.3592056421677802,0.28507795100222716,5.0,4.948888888888889,1
4170,0.3590571640682999,0.28507795100222716,5.0,4.948888888888889,1
4180,0.350927988121752,0.267260579064588,5.0,4.948888888888889,1
4190,0.32397921306607275,0.267260579064588,5.0,4.948888888888889,1
4200,0.3265404602821084,0.2650334075723831,5.0,4.948888888888889,1
4210,0.3284335560504826,0.2717149220489978,5.0,4.948888888888889,1
4220,0.3357461024498886,0.28507795100222716,5.0,4.948888888888889,1
4230,0.16726057906458797,0.08463251670378619,5.0,4.948888888888889,1
4240,0.16889383815887155,0.08463251670378619,5.0,4.948888888888889,1
4250,0.1956198960653304,0.08685968819599109,5.0,4.948888888888889,1
4260,0.20397178916109876,0.0935412026726058,5.0,4.948888888888889,1
4270,0.21039346696362288,0.10244988864142539,5.0,4.948888888888889,1
4280,0.2164439495174462,0.1091314031180401,5.0,4.948888888888889,1
4290,0.2222345953971789,0.1091314031180401,5.0,4.948888888888889,1
4300,0.22349665924276169,0.10467706013363029,5.0,4.948888888888889,1
4310,0.23344469190794356,0.111358574610245,5.0,4.948888888888889,1
4320,0.2484409799554566,0.12694877505567928,5.0,4.948888888888889,1
4330,0.2509651076466221,0.133630289532294,5.0,4.948888888888889,1
4340,0.25352635486265773,0.1358574610244989,5.0,4.948888888888889,1
4350,0.25534521158129175,0.14699331848552338,5.0,4.948888888888889,1
4360,0.25478841870824054,0.1447661469933185,5.0,4.948888888888889,1
4370,0.272271714922049,0.15367483296213807,5.0,4.948888888888889,1
4380,0.27457312546399404,0.1603563474387528,5.0,4.948888888888889,1
4390,0.2764662212323682,0.1603563474387528,5.0,4.948888888888889,1
4400,0.2848552338530067,0.17371937639198218,5.0,4.948888888888889,1
4410,0.3180772086117298,0.2026726057906459,5.0,4.948888888888889,1
4420,0.31421677802524123,0.19821826280623608,5.0,4.948888888888889,1
4430,0.3328136599851522,0.2182628062360802,5.0,4.948888888888889,1
4440,0.3361915367483296,0.22494432071269488,5.0,4.948888888888889,1
4450,0.3430586488492947,0.23385300668151449,5.0,4.948888888888889,1
4460,0.3392353377876763,0.23162583518930957,5.0,4.948888888888889,1
4470,0.34521158129175944,0.24053452115812918,5.0,4.948888888888889,1
4480,0.3478841870824053,0.2383073496659243,5.0,4.948888888888889,1
4490,0.36028210838901265,0.24944320712694878,5.0,4.948888888888889,1
0,0.20571905822462616,0.13808463251670378,5.0,4.848888888888889,2
10,0.20757503446813025,0.1358574610244989,5.0,4.848888888888889,2
20,0.20757503446813025,0.1358574610244989,5.0,4.848888888888889,2
30,0.21626365468236292,0.13808463251670378,5.0,4.848888888888889,2
40,0.2229451691589776,0.14699331848552338,5.0,4.848888888888889,2
50,0.22936684696150178,0.1492204899777283,5.0,4.848888888888889,2
60,0.23577261639622443,0.1492204899777283,5.0,4.848888888888889,2
70,0.2525877611623714,0.15812917594654788,5.0,4.848888888888889,2
80,0.25392406405769435,0.15812917594654788,5.0,4.848888888888889,2
90,0.2529218368862022,0.15812917594654788,5.0,4.848888888888889,2
100,0.2556898928836568,0.16258351893095768,5.0,4.848888888888889,2
110,0.25416799236398346,0.1603563474387528,5.0,4.848888888888889,2
120,0.27380952380952384,0.1759465478841871,5.0,4.848888888888889,2
130,0.28916109873793616,0.18040089086859687,5.0,4.848888888888889,2
140,0.33414200869657446,0.2182628062360802,5.0,4.848888888888889,2
150,0.3319519567292396,0.2071269487750557,5.0,4.848888888888889,2
160,0.33644341923851945,0.21603563474387527,5.0,4.848888888888889,2
170,0.33753844522218684,0.2182628062360802,5.0,4.848888888888889,2
180,0.3379838795206278,0.21603563474387527,5.0,4.848888888888889,2
190,0.348939442146569,0.24498886414253898,5.0,4.848888888888889,2
200,0.35348923533778764,0.25389755011135856,5.0,4.848888888888889,2
210,0.36299183370452853,0.26280623608017817,5.0,4.848888888888889,2
220,0.36247216035634744,0.267260579064588,5.0,4.848888888888889,2
230,0.36473645137342237,0.2717149220489978,5.0,4.848888888888889,2
240,0.36904496765298545,0.27839643652561247,5.0,4.848888888888889,2
250,0.3667064375861704,0.2739420935412027,5.0,4.848888888888889,2
260,0.36759730618305225,0.2717149220489978,5.0,4.848888888888889,2
270,0.36669052921836887,0.26948775055679286,5.0,4.848888888888889,2
280,0.31545763071375543,0.2383073496659243,5.0,4.848888888888889,2
290,0.32970092268533246,0.24498886414253898,5.0,4.848888888888889,2
300,0.3298122812599427,0.24498886414253898,5.0,4.848888888888889,2
310,0.3607407996606215,0.30066815144766146,5.0,4.848888888888889,2
320,0.34970304380103934,0.2806236080178174,5.0,4.848888888888889,2
330,0.355902004454343,0.28507795100222716,5.0,4.848888888888889,2
340,0.3536960441192067,0.2650334075723831,5.0,4.848888888888889,2
350,0.3559444267684802,0.267260579064588,5.0,4.848888888888889,2
360,0.35509067769646835,0.26280623608017817,5.0,4.848888888888889,2
370,0.3596378194930534,0.26057906458797325,5.0,4.848888888888889,2
380,0.36156803478629757,0.26280623608017817,5.0,4.848888888888889,2
390,0.3604385406723937,0.267260579064588,5.0,4.848888888888889,2
400,0.24534680241807189,0.20935412026726058,5.0,4.848888888888889,2
410,0.2597703892247322,0.20489977728285078,5.0,4.848888888888889,2
420,0.2662291865521264,0.2071269487750557,5.0,4.848888888888889,2
430,0.26296266836355925,0.2026726057906459,5.0,4.848888888888889,2
440,0.2672128539611836,0.20044543429844097,5.0,4.848888888888889,2
450,0.26838211899459113,0.20044543429844097,5.0,4.848888888888889,2
460,0.3293668469615017,0.24498886414253898,5.0,4.848888888888889,2
470,0.325376498037968,0.23608017817371937,5.0,4.848888888888889,2
480,0.3352635486265776,0.2717149220489978,5.0,4.848888888888889,2
490,0.3327023014105419,0.267260579064588,5.0,4.848888888888889,2
500,0.3318856718634001,0.26280623608017817,5.0,4.848888888888889,2
510,0.33675363241064804,0.2583518930957684,5.0,4.848888888888889,2
520,0.33508325379149434,0.2561247216035635,5.0,4.848888888888889,2
530,0.34493053346060026,0.2650334075723831,5.0,4.848888888888889,2
540,0.34983031074345106,0.2739420935412027,5.0,4.848888888888889,2
550,0.3497560716937109,0.2739420935412027,5.0,4.848888888888889,2
560,0.3567743132887899,0.28507795100222716,5.0,4.848888888888889,2
570,0.35592056421677803,0.2828507795100223,5.0,4.848888888888889,2
580,0.3574795842613214,0.28507795100222716,5.0,4.848888888888889,2
590,0.3492761692650334,0.2739420935412027,5.0,4.848888888888889,2
600,0.3583704528582034,0.29398663697104677,5.0,4.848888888888889,2
610,0.3523199703043801,0.2828507795100223,5.0,4.848888888888889,2
620,0.3519328666878778,0.29175946547884185,5.0,4.848888888888889,2
630,0.2621778555520204,0.20044543429844097,5.0,4.848888888888889,2
640,0.2696229716831053,0.20935412026726058,5.0,4.848888888888889,2
650,0.2760817690104995,0.20044543429844097,5.0,4.848888888888889,2
660,0.31630607699650015,0.20935412026726058,5.0,4.848888888888889,2
670,0.3229504719482447,0.2182628062360802,5.0,4.848888888888889,2
680,0.33008007211793405,0.22717149220489977,5.0,4.848888888888889,2
690,0.330525506416375,0.22939866369710468,5.0,4.848888888888889,2
700,0.33141637501325694,0.22939866369710468,5.0,4.848888888888889,2
710,0.3320845264609184,0.22939866369710468,5.0,4.848888888888889,2
720,0.324604942199597,0.22494432071269488,5.0,4.848888888888889,2
730,0.36245890338317954,0.2583518930957684,5.0,4.848888888888889,2
740,0.35893254852052175,0.2516703786191537,5.0,4.848888888888889,2
750,0.24998144023756497,0.20489977728285078,5.0,4.848888888888889,2
760,0.25551224944320716,0.21380846325167038,5.0,4.848888888888889,2
770,0.25651447661469934,0.21158129175946547,5.0,4.848888888888889,2
780,0.26284600699968186,0.20489977728285078,5.0,4.848888888888889,2
790,0.2613612260048786,0.2026726057906459,5.0,4.848888888888889,2
800,0.2569440025453389,0.19599109131403117,5.0,4.848888888888889,2
810,0.25998780358468554,0.19821826280623608,5.0,4.848888888888889,2
820,0.2638482341711741,0.20044543429844097,5.0,4.848888888888889,2
830,0.28006946653939974,0.19376391982182628,5.0,4.848888888888889,2
840,0.2968289320182416,0.20489977728285078,5.0,4.848888888888889,2
850,0.30169158977622235,0.20489977728285078,5.0,4.848888888888889,2
860,0.3022855021741436,0.20489977728285078,5.0,4.848888888888889,2
870,0.3040672393679076,0.2717149220489978,5.0,4.848888888888889,2
880,0.3103775585958214,0.20044543429844097,5.0,4.848888888888889,2
890,0.30891133736345316,0.19599109131403117,5.0,4.848888888888889,2
900,0.31021052073390604,0.19599109131403117,5.0,4.848888888888889,2
910,0.31095291123130764,0.19821826280623608,5.0,4.848888888888889,2
920,0.3179525930639517,0.2026726057906459,5.0,4.848888888888889,2
930,0.31958585215823526,0.20489977728285078,5.0,4.848888888888889,2
940,0.32199862127479056,0.21158129175946547,5.0,4.848888888888889,2
950,0.332293986636971,0.22271714922049,5.0,4.848888888888889,2
960,0.3330734966592428,0.22494432071269488,5.0,4.848888888888889,2
970,0.33658394315409906,0.22939866369710468,5.0,4.848888888888889,2
980,0.3233163644076784,0.21158129175946547,5.0,4.848888888888889,2
990,0.3226296531975819,0.2026726057906459,5.0,4.848888888888889,2
1000,0.20616184112843355,0.1358574610244989,5.0,4.848888888888889,2
1010,0.2118782479584261,0.14253897550111358,5.0,4.848888888888889,2
1020,0.21429101707498144,0.1447661469933185,5.0,4.848888888888889,2
1030,0.22715558383709833,0.14699331848552338,5.0,4.848888888888889,2
1040,0.25575617774949627,0.15812917594654788,5.0,4.848888888888889,2
1050,0.25787199066709093,0.1603563474387528,5.0,4.848888888888889,2
1060,0.25813182734118145,0.155902004454343,5.0,4.848888888888889,2
1070,0.3058887474811751,0.1714922048997773,5.0,4.848888888888889,2
1080,0.30698642485947614,0.16926503340757237,5.0,4.848888888888889,2
1090,0.31298387952062784,0.1714922048997773,5.0,4.848888888888889,2
1100,0.32343302577155586,0.18930957683741648,5.0,4.848888888888889,2
1110,0.3263654682362923,0.19376391982182628,5.0,4.848888888888889,2
1120,0.3240640576943472,0.1915367483296214,5.0,4.848888888888889,2
1130,0.33601919609714703,0.20044543429844097,5.0,4.848888888888889,2
1140,0.3529828189627744,0.23162583518930957,5.0,4.848888888888889,2
1150,0.35708982925018556,0.24276169265033407,5.0,4.848888888888889,2
1160,0.35956092904867953,0.24276169265033407,5.0,4.848888888888889,2
1170,0.3687506628486584,0.25389755011135856,5.0,4.848888888888889,2
1180,0.3716831053133949,0.2561247216035635,5.0,4.848888888888889,2
1190,0.3722080814508431,0.2561247216035635,5.0,4.848888888888889,2
1200,0.36610191960971467,0.2583518930957684,5.0,4.848888888888889,2
1210,0.36844044967652984,0.2561247216035635,5.0,4.848888888888889,2
1220,0.37120585427935093,0.2583518930957684,5.0,4.848888888888889,2
1230,0.36907413299395486,0.26057906458797325,5.0,4.848888888888889,2
1240,0.3707471630077421,0.26948775055679286,5.0,4.848888888888889,2
1250,0.3775029165340969,0.2806236080178174,5.0,4.848888888888889,2
1260,0.37980432707604195,0.29175946547884185,5.0,4.848888888888889,2
1270,0.374931063739527,0.29398663697104677,5.0,4.848888888888889,2
1280,0.3733163644076784,0.29398663697104677,5.0,4.848888888888889,2
1290,0.3710520733906034,0.289532293986637,5.0,4.848888888888889,2
1300,0.35256655000530274,0.2650334075723831,5.0,4.848888888888889,2
1310,0.36084950684059813,0.3207126948775056,5.0,4.848888888888889,2
1320,0.3593832856082299,0.311804008908686,5.0,4.848888888888889,2
1330,0.3628221444479796,0.30957683741648107,5.0,4.848888888888889,2
1340,0.3638614911443419,0.3051224944320713,5.0,4.848888888888889,2
1350,0.3621539930003181,0.30066815144766146,5.0,4.848888888888889,2
1360,0.3664969774101177,0.3051224944320713,5.0,4.848888888888889,2
1370,0.37438487644501006,0.3207126948775056,5.0,4.848888888888889,2
1380,0.37796691059497295,0.32293986636971045,5.0,4.848888888888889,2
1390,0.37956305016438646,0.32516703786191536,5.0,4.848888888888889,2
1400,0.38323788312652457,0.32962138084632514,5.0,4.848888888888889,2
1410,0.35638190688302046,0.289532293986637,5.0,4.848888888888889,2
1420,0.3606877717679499,0.30066815144766146,5.0,4.848888888888889,2
1430,0.33955085374907196,0.2739420935412027,5.0,4.848888888888889,2
1440,0.3334632516703786,0.2650334075723831,5.0,4.848888888888889,2
1450,0.3237936154417223,0.24944320712694878,5.0,4.848888888888889,2
1460,0.32899034892353374,0.25389755011135856,5.0,4.848888888888889,2
1470,0.3249443207126948,0.24498886414253898,5.0,4.848888888888889,2
1480,0.32564959168522645,0.24498886414253898,5.0,4.848888888888889,2
1490,0.3264662212323682,0.24276169265033407,5.0,4.848888888888889,2
1500,0.3399406087602079,0.2516703786191537,5.0,4.848888888888889,2
1510,0.35818485523385296,0.26948775055679286,5.0,4.848888888888889,2
1520,0.3561830522855022,0.26948775055679286,5.0,4.848888888888889,2
1530,0.35015643228338106,0.2650334075723831,5.0,4.848888888888889,2
1540,0.34787358150387104,0.2561247216035635,5.0,4.848888888888889,2
1550,0.17334818114328135,0.0957683741648107,5.0,4.848888888888889,2
1560,0.17668893838158875,0.0957683741648107,5.0,4.848888888888889,2
1570,0.19870346802418073,0.1091314031180401,5.0,4.848888888888889,2
1580,0.20651712800933292,0.11581291759465479,5.0,4.848888888888889,2
1590,0.20918973379997877,0.11581291759465479,5.0,4.848888888888889,2
1600,0.2216459857885248,0.133630289532294,5.0,4.848888888888889,2
1610,0.22730936472584579,0.1403118040089087,5.0,4.848888888888889,2
1620,0.25318697634955983,0.15367483296213807,5.0,4.848888888888889,2
1630,0.32661469933184856,0.21158129175946547,5.0,4.848888888888889,2
1640,0.34174885990030757,0.23385300668151449,5.0,4.848888888888889,2
1650,0.3402640789055043,0.23162583518930957,5.0,4.848888888888889,2
1660,0.3427192703361968,0.22494432071269488,5.0,4.848888888888889,2
1670,0.3463569837734648,0.22494432071269488,5.0,4.848888888888889,2
1680,0.3414041785979425,0.22048997772828507,5.0,4.848888888888889,2
1690,0.3405689892883657,0.22939866369710468,5.0,4.848888888888889,2
1700,0.3360457100434829,0.22048997772828507,5.0,4.848888888888889,2
1710,0.3398690211051013,0.22494432071269488,5.0,4.848888888888889,2
1720,0.33886679393360913,0.22494432071269488,5.0,4.848888888888889,2
1730,0.34072277017711317,0.22717149220489977,5.0,4.848888888888889,2
1740,0.34126100328772935,0.22717149220489977,5.0,4.848888888888889,2
1750,0.35613267578746416,0.26280623608017817,5.0,4.848888888888889,2
1760,0.363315303849825,0.27616926503340755,5.0,4.848888888888889,2
1770,0.36352211263124407,0.2739420935412027,5.0,4.848888888888889,2
1780,0.37172817902216565,0.28507795100222716,5.0,4.848888888888889,2
1790,0.3772987591473115,0.2984409799554566,5.0,4.848888888888889,2
1800,0.37045020680878143,0.29175946547884185,5.0,4.848888888888889,2
1810,0.3710255594442677,0.29175946547884185,5.0,4.848888888888889,2
1820,0.37588821720224835,0.2984409799554566,5.0,4.848888888888889,2
1830,0.3825882914412981,0.30734966592427615,5.0,4.848888888888889,2
1840,0.3500821932336409,0.2561247216035635,5.0,4.848888888888889,2
1850,0.34464418284017395,0.25389755011135856,5.0,4.848888888888889,2
1860,0.34551649167462084,0.2583518930957684,5.0,4.848888888888889,2
1870,0.3406909534415102,0.24944320712694878,5.0,4.848888888888889,2
1880,0.30101018135539287,0.21158129175946547,5.0,4.848888888888889,2
1890,0.30272033089405026,0.21158129175946547,5.0,4.848888888888889,2
1900,0.3379308516279563,0.2717149220489978,5.0,4.848888888888889,2
1910,0.3387474811750981,0.2717149220489978,5.0,4.848888888888889,2
1920,0.34855233853006684,0.2828507795100223,5.0,4.848888888888889,2
1930,0.3459725315515962,0.2717149220489978,5.0,4.848888888888889,2
1940,0.34013416056845897,0.2650334075723831,5.0,4.848888888888889,2
1950,0.348507264821296,0.26057906458797325,5.0,4.848888888888889,2
1960,0.34538922473220923,0.267260579064588,5.0,4.848888888888889,2
1970,0.34657704952805174,0.267260579064588,5.0,4.848888888888889,2
1980,0.34858415526566977,0.2561247216035635,5.0,4.848888888888889,2
1990,0.2824106480008485,0.24053452115812918,5.0,4.848888888888889,2
2000,0.28658659454873264,0.24053452115812918,5.0,4.848888888888889,2
2010,0.2891107222398982,0.24053452115812918,5.0,4.848888888888889,2
2020,0.3006761056315622,0.2516703786191537,5.0,4.848888888888889,2
2030,0.29705695195672926,0.24053452115812918,5.0,4.848888888888889,2
2040,0.29770919503658927,0.23385300668151449,5.0,4.848888888888889,2
2050,0.29752359741223877,0.23385300668151449,5.0,4.848888888888889,2
2060,0.31107222398981865,0.24498886414253898,5.0,4.848888888888889,2
2070,0.3153409693498781,0.24944320712694878,5.0,4.848888888888889,2
2080,0.3153409693498781,0.2561247216035635,5.0,4.848888888888889,2
2090,0.31701134796903174,0.2583518930957684,5.0,4.848888888888889,2
2100,0.3156750450737088,0.25389755011135856,5.0,4.848888888888889,2
2110,0.3099586382437162,0.24721603563474387,5.0,4.848888888888889,2
2120,0.31329144129812275,0.23162583518930957,5.0,4.848888888888889,2
2130,0.3295153250609821,0.24276169265033407,5.0,4.848888888888889,2
2140,0.329478205536112,0.24053452115812918,5.0,4.848888888888889,2
2150,0.33200233322727757,0.24498886414253898,5.0,4.848888888888889,2
2160,0.34236398345529745,0.2516703786191537,5.0,4.848888888888889,2
2170,0.3491382967440874,0.26280623608017817,5.0,4.848888888888889,2
2180,0.3488599003075618,0.2583518930957684,5.0,4.848888888888889,2
2190,0.34995492629122915,0.26057906458797325,5.0,4.848888888888889,2
2200,0.3547804645243398,0.26948775055679286,5.0,4.848888888888889,2
2210,0.3459831371301304,0.26280623608017817,5.0,4.848888888888889,2
2220,0.3133020468766571,0.2516703786191537,5.0,4.848888888888889,2
2230,0.31202407466327287,0.2383073496659243,5.0,4.848888888888889,2
2240,0.31128168416587126,0.24498886414253898,5.0,4.848888888888889,2
2250,0.2965160674514795,0.21380846325167038,5.0,4.848888888888889,2
2260,0.3004878566125782,0.21380846325167038,5.0,4.848888888888889,2
2270,0.3107142857142857,0.22494432071269488,5.0,4.848888888888889,2
2280,0.3197343302577155,0.23162583518930957,5.0,4.848888888888889,2
2290,0.3310796478947926,0.23608017817371937,5.0,4.848888888888889,2
2300,0.3306342135963517,0.2383073496659243,5.0,4.848888888888889,2
2310,0.3448748541732951,0.24944320712694878,5.0,4.848888888888889,2
2320,0.34691642804114964,0.2516703786191537,5.0,4.848888888888889,2
2330,0.3569572595185067,0.26057906458797325,5.0,4.848888888888889,2
2340,0.3555838370983137,0.2583518930957684,5.0,4.848888888888889,2
2350,0.3520203627107859,0.24721603563474387,5.0,4.848888888888889,2
2360,0.3734489341393573,0.2806236080178174,5.0,4.848888888888889,2
2370,0.3739129282002333,0.27616926503340755,5.0,4.848888888888889,2
2380,0.3761772192173083,0.2806236080178174,5.0,4.848888888888889,2
2390,0.37936949835613537,0.2828507795100223,5.0,4.848888888888889,2
2400,0.3741727648743239,0.27839643652561247,5.0,4.848888888888889,2
2410,0.3721683105313395,0.2717149220489978,5.0,4.848888888888889,2
2420,0.3672923958001909,0.27839643652561247,5.0,4.848888888888889,2
2430,0.3679764556156538,0.2962138084632517,5.0,4.848888888888889,2
2440,0.370333545444904,0.2984409799554566,5.0,4.848888888888889,2
2450,0.34527256336833173,0.2828507795100223,5.0,4.848888888888889,2
2460,0.35716937108919294,0.2962138084632517,5.0,4.848888888888889,2
2470,0.35806023968607487,0.2873051224944321,5.0,4.848888888888889,2
2480,0.35445964577367695,0.2828507795100223,5.0,4.848888888888889,2
2490,0.2613797857673136,0.21380846325167038,5.0,4.848888888888889,2
2500,0.3141664015272033,0.2650334075723831,5.0,4.848888888888889,2
2510,0.31973433025771547,0.26948775055679286,5.0,4.848888888888889,2
2520,0.31761056315622016,0.24721603563474387,5.0,4.848888888888889,2
2530,0.3206729239580019,0.2516703786191537,5.0,4.848888888888889,2
2540,0.3082829568352954,0.2182628062360802,5.0,4.848888888888889,2
2550,0.3075776858627638,0.21380846325167038,5.0,4.848888888888889,2
2560,0.32576625304910384,0.23385300668151449,5.0,4.848888888888889,2
2570,0.33625782161416906,0.24053452115812918,5.0,4.848888888888889,2
2580,0.3393758617032559,0.24053452115812918,5.0,4.848888888888889,2
2590,0.3502730936472585,0.2583518930957684,5.0,4.848888888888889,2
2600,0.3462721391451904,0.24721603563474387,5.0,4.848888888888889,2
2610,0.35206278502492305,0.2516703786191537,5.0,4.848888888888889,2
2620,0.35293509385937005,0.2561247216035635,5.0,4.848888888888889,2
2630,0.18245307031498567,0.0957683741648107,5.0,4.848888888888889,2
2640,0.19711528263866795,0.09799554565701558,5.0,4.848888888888889,2
2650,0.20127266942411706,0.10244988864142539,5.0,4.848888888888889,2
2660,0.20810266200021213,0.10467706013363029,5.0,4.848888888888889,2
2670,0.22131721285396116,0.11358574610244988,5.0,4.848888888888889,2
2680,0.22452805175522325,0.12026726057906459,5.0,4.848888888888889,2
2690,0.23096828932018243,0.12472160356347439,5.0,4.848888888888889,2
2700,0.23137660409375332,0.12026726057906459,5.0,4.848888888888889,2
2710,0.23221444479796374,0.11804008908685969,5.0,4.848888888888889,2
2720,0.24182840173931489,0.1291759465478842,5.0,4.848888888888889,2
2730,0.24490932230353166,0.1291759465478842,5.0,4.848888888888889,2
2740,0.25688036907413303,0.14253897550111358,5.0,4.848888888888889,2
2750,0.25716141690529215,0.1447661469933185,5.0,4.848888888888889,2
2760,0.2602264291017075,0.13808463251670378,5.0,4.848888888888889,2
2770,0.27087973273942095,0.1492204899777283,5.0,4.848888888888889,2
2780,0.2771158129175947,0.15812917594654788,5.0,4.848888888888889,2
2790,0.3113028953229398,0.20489977728285078,5.0,4.848888888888889,2
2800,0.32270124085268853,0.22271714922049,5.0,4.848888888888889,2
2810,0.322033089405027,0.22271714922049,5.0,4.848888888888889,2
2820,0.3157227701771131,0.21380846325167038,5.0,4.848888888888889,2
2830,0.31579700922685333,0.21603563474387527,5.0,4.848888888888889,2
2840,0.31659507901156003,0.22271714922049,5.0,4.848888888888889,2
2850,0.3199729557747375,0.23385300668151449,5.0,4.848888888888889,2
2860,0.3234462827447237,0.23385300668151449,5.0,4.848888888888889,2
2870,0.36254639940608757,0.28507795100222716,5.0,4.848888888888889,2
2880,0.3568485523385301,0.2739420935412027,5.0,4.848888888888889,2
2890,0.352728285077951,0.2650334075723831,5.0,4.848888888888889,2
2900,0.3517817371937639,0.26948775055679286,5.0,4.848888888888889,2
2910,0.3497799342454131,0.26948775055679286,5.0,4.848888888888889,2
2920,0.32966645455509597,0.24053452115812918,5.0,4.848888888888889,2
2930,0.3302974864778874,0.23385300668151449,5.0,4.848888888888889,2
2940,0.3503526354862658,0.2717149220489978,5.0,4.848888888888889,2
2950,0.3467891610987379,0.26948775055679286,5.0,4.848888888888889,2
2960,0.3488492947290274,0.26057906458797325,5.0,4.848888888888889,2
2970,0.36884611305546716,0.2828507795100223,5.0,4.848888888888889,2
2980,0.3293058648849295,0.26057906458797325,5.0,4.848888888888889,2
2990,0.3351893095768374,0.2650334075723831,5.0,4.848888888888889,2
3000,0.34345900943896496,0.26280623608017817,5.0,4.848888888888889,2
3010,0.3483773464842507,0.26948775055679286,5.0,4.848888888888889,2
3020,0.3509385937002863,0.26948775055679286,5.0,4.848888888888889,2
3030,0.35268586276381375,0.2583518930957684,5.0,4.848888888888889,2
3040,0.35020150599215194,0.2583518930957684,5.0,4.848888888888889,2
3050,0.3477887368755965,0.2561247216035635,5.0,4.848888888888889,2
3060,0.35610351044649485,0.2583518930957684,5.0,4.848888888888889,2
3070,0.289293668469615,0.22494432071269488,5.0,4.848888888888889,2
3080,0.28986902110510127,0.22494432071269488,5.0,4.848888888888889,2
3090,0.2954926291229186,0.22717149220489977,5.0,4.848888888888889,2
3100,0.2962350196203203,0.22939866369710468,5.0,4.848888888888889,2
3110,0.29118676423798917,0.21603563474387527,5.0,4.848888888888889,2
3120,0.3165818220383922,0.21158129175946547,5.0,4.848888888888889,2
3130,0.32187665712164604,0.21158129175946547,5.0,4.848888888888889,2
3140,0.3265192491250397,0.21380846325167038,5.0,4.848888888888889,2
3150,0.327007105737618,0.22494432071269488,5.0,4.848888888888889,2
3160,0.3279748647788737,0.22048997772828507,5.0,4.848888888888889,2
3170,0.3300906776964683,0.2182628062360802,5.0,4.848888888888889,2
3180,0.3359370028635062,0.22271714922049,5.0,4.848888888888889,2
3190,0.33723618623395907,0.22271714922049,5.0,4.848888888888889,2
3200,0.3390020150599215,0.22494432071269488,5.0,4.848888888888889,2
3210,0.34621645985788524,0.3028953229398664,5.0,4.848888888888889,2
3220,0.3526036695301729,0.30734966592427615,5.0,4.848888888888889,2
3230,0.35520203627107855,0.30957683741648107,5.0,4.848888888888889,2
3240,0.3336382437161947,0.27616926503340755,5.0,4.848888888888889,2
3250,0.32892406405769437,0.2717149220489978,5.0,4.848888888888889,2
3260,0.3238386891504932,0.26948775055679286,5.0,4.848888888888889,2
3270,0.32720065754586913,0.26948775055679286,5.0,4.848888888888889,2
3280,0.3323973910276806,0.267260579064588,5.0,4.848888888888889,2
3290,0.3372414890232262,0.2739420935412027,5.0,4.848888888888889,2
3300,0.3324742814720543,0.26057906458797325,5.0,4.848888888888889,2
3310,0.33327500265139465,0.26057906458797325,5.0,4.848888888888889,2
3320,0.32958160992682145,0.25389755011135856,5.0,4.848888888888889,2
3330,0.3382331106161841,0.2516703786191537,5.0,4.848888888888889,2
3340,0.3646807720861173,0.26948775055679286,5.0,4.848888888888889,2
3350,0.3718660515431117,0.2873051224944321,5.0,4.848888888888889,2
3360,0.36108282956835297,0.267260579064588,5.0,4.848888888888889,2
3370,0.37545603987697523,0.29398663697104677,5.0,4.848888888888889,2
3380,0.375996924382225,0.2984409799554566,5.0,4.848888888888889,2
3390,0.3770733906034574,0.2962138084632517,5.0,4.848888888888889,2
3400,0.35937002863506207,0.2739420935412027,5.0,4.848888888888889,2
3410,0.3295126736663485,0.26057906458797325,5.0,4.848888888888889,2
3420,0.32982818962774424,0.2583518930957684,5.0,4.848888888888889,2
3430,0.33254056633789375,0.24498886414253898,5.0,4.848888888888889,2
3440,0.3362153993000318,0.24721603563474387,5.0,4.848888888888889,2
3450,0.34087389967122705,0.2583518930957684,5.0,4.848888888888889,2
3460,0.3471311910064694,0.26948775055679286,5.0,4.848888888888889,2
3470,0.3405053558171598,0.2583518930957684,5.0,4.848888888888889,2
3480,0.34592480644819174,0.2650334075723831,5.0,4.848888888888889,2
3490,0.3490083784070421,0.26057906458797325,5.0,4.848888888888889,2
3500,0.3561353271820978,0.27616926503340755,5.0,4.848888888888889,2
3510,0.23720967228762324,0.1870824053452116,5.0,4.848888888888889,2
3520,0.2399936366528794,0.1870824053452116,5.0,4.848888888888889,2
3530,0.24907466327288152,0.1915367483296214,5.0,4.848888888888889,2
3540,0.25382861385088556,0.19376391982182628,5.0,4.848888888888889,2
3550,0.270383921942942,0.18485523385300667,5.0,4.848888888888889,2
3560,0.27287093010923746,0.18930957683741648,5.0,4.848888888888889,2
3570,0.27506098207657226,0.18930957683741648,5.0,4.848888888888889,2
3580,0.2795577473751193,0.18930957683741648,5.0,4.848888888888889,2
3590,0.2798175840492099,0.1870824053452116,5.0,4.848888888888889,2
3600,0.2815648531127373,0.1915367483296214,5.0,4.848888888888889,2
3610,0.3268771874005727,0.2561247216035635,5.0,4.848888888888889,2
3620,0.32654311167674194,0.2516703786191537,5.0,4.848888888888889,2
3630,0.3341897337999788,0.2650334075723831,5.0,4.848888888888889,2
3640,0.3289558807932972,0.2516703786191537,5.0,4.848888888888889,2
3650,0.3304645243398027,0.24721603563474387,5.0,4.848888888888889,2
3660,0.331503871036165,0.24721603563474387,5.0,4.848888888888889,2
3670,0.3429366846961502,0.2516703786191537,5.0,4.848888888888889,2
3680,0.34460706331530383,0.2583518930957684,5.0,4.848888888888889,2
3690,0.3457577685862764,0.2583518930957684,5.0,4.848888888888889,2
3700,0.35206808781419024,0.2717149220489978,5.0,4.848888888888889,2
3710,0.34887846006999684,0.2561247216035635,5.0,4.848888888888889,2
3720,0.354409269275639,0.267260579064588,5.0,4.848888888888889,2
3730,0.3576757874642062,0.2717149220489978,5.0,4.848888888888889,2
3740,0.357638667939336,0.2717149220489978,5.0,4.848888888888889,2
3750,0.35624668575670804,0.2739420935412027,5.0,4.848888888888889,2
3760,0.3669185491568565,0.2828507795100223,5.0,4.848888888888889,2
3770,0.3735629441086011,0.2984409799554566,5.0,4.848888888888889,2
3780,0.38500106055785344,0.31403118040089084,5.0,4.848888888888889,2
3790,0.38123342878354016,0.3051224944320713,5.0,4.848888888888889,2
3800,0.3776699543960123,0.3028953229398664,5.0,4.848888888888889,2
3810,0.3759253367271185,0.2962138084632517,5.0,4.848888888888889,2
3820,0.3780411496447132,0.2984409799554566,5.0,4.848888888888889,2
3830,0.379321773252731,0.2984409799554566,5.0,4.848888888888889,2
3840,0.3744803266518188,0.2828507795100223,5.0,4.848888888888889,2
3850,0.3793429844097995,0.2873051224944321,5.0,4.848888888888889,2
3860,0.36824689786827874,0.2650334075723831,5.0,4.848888888888889,2
3870,0.37177855552020367,0.26948775055679286,5.0,4.848888888888889,2
3880,0.37066496977410124,0.267260579064588,5.0,4.848888888888889,2
3890,0.3762143387421784,0.26948775055679286,5.0,4.848888888888889,2
3900,0.37367430268321133,0.26948775055679286,5.0,4.848888888888889,2
3910,0.3834022695938063,0.2828507795100223,5.0,4.848888888888889,2
3920,0.39097465266730297,0.31403118040089084,5.0,4.848888888888889,2
3930,0.39078905504295264,0.3207126948775056,5.0,4.848888888888889,2
3940,0.38793085162795626,0.3184855233853007,5.0,4.848888888888889,2
3950,0.3280491038286138,0.2561247216035635,5.0,4.848888888888889,2
3960,0.15611411602502917,0.08463251670378619,5.0,4.848888888888889,2
3970,0.1720012726694241,0.09131403118040089,5.0,4.848888888888889,2
3980,0.22974069360483615,0.10690423162583519,5.0,4.848888888888889,2
3990,0.31827871460388163,0.1603563474387528,5.0,4.848888888888889,2
4000,0.3460520733906035,0.2071269487750557,5.0,4.848888888888889,2
4010,0.31874536005939125,0.22494432071269488,5.0,4.848888888888889,2
4020,0.32210732845476725,0.22717149220489977,5.0,4.848888888888889,2
4030,0.33168416587124827,0.24276169265033407,5.0,4.848888888888889,2
4040,0.3291414784176477,0.23385300668151449,5.0,4.848888888888889,2
4050,0.32630448615972,0.2383073496659243,5.0,4.848888888888889,2
4060,0.33950047725103405,0.23608017817371937,5.0,4.848888888888889,2
4070,0.3454051331000106,0.2383073496659243,5.0,4.848888888888889,2
4080,0.3436605154311168,0.23162583518930957,5.0,4.848888888888889,2
4090,0.3439203521052073,0.23608017817371937,5.0,4.848888888888889,2
4100,0.34971364937957367,0.2383073496659243,5.0,4.848888888888889,2
4110,0.35486000636334714,0.24944320712694878,5.0,4.848888888888889,2
4120,0.3620240746632728,0.2583518930957684,5.0,4.848888888888889,2
4130,0.36902110510128333,0.2806236080178174,5.0,4.848888888888889,2
4140,0.37442729875914726,0.2717149220489978,5.0,4.848888888888889,2
4150,0.3796266836355923,0.26948775055679286,5.0,4.848888888888889,2
4160,0.24423321667196943,0.16481069042316257,5.0,4.848888888888889,2
4170,0.25665234913564533,0.16703786191536749,5.0,4.848888888888889,2
4180,0.26403913458479156,0.17371937639198218,5.0,4.848888888888889,2
4190,0.273764450100753,0.16703786191536749,5.0,4.848888888888889,2
4200,0.27083200763601656,0.1603563474387528,5.0,4.848888888888889,2
4210,0.2775506416375013,0.1759465478841871,5.0,4.848888888888889,2
4220,0.30610351044649486,0.1915367483296214,5.0,4.848888888888889,2
4230,0.32333227277547993,0.2026726057906459,5.0,4.848888888888889,2
4240,0.32774949623501964,0.2026726057906459,5.0,4.848888888888889,2
4250,0.3268798387952062,0.2026726057906459,5.0,4.848888888888889,2
4260,0.3242443525294305,0.2071269487750557,5.0,4.848888888888889,2
4270,0.32866157598897017,0.21603563474387527,5.0,4.848888888888889,2
4280,0.33333863612260045,0.22271714922049,5.0,4.848888888888889,2
4290,0.3440317106798176,0.23162583518930957,5.0,4.848888888888889,2
4300,0.34479531233428784,0.22939866369710468,5.0,4.848888888888889,2
4310,0.3521476296531976,0.23608017817371937,5.0,4.848888888888889,2
4320,0.35833068193869977,0.24944320712694878,5.0,4.848888888888889,2
4330,0.359351468872627,0.2561247216035635,5.0,4.848888888888889,2
4340,0.35746367589351996,0.24276169265033407,5.0,4.848888888888889,2
4350,0.3598260685120373,0.2561247216035635,5.0,4.848888888888889,2
4360,0.34948828083571964,0.24053452115812918,5.0,4.848888888888889,2
4370,0.3563394845688832,0.24276169265033407,5.0,4.848888888888889,2
4380,0.3651182522006575,0.26280623608017817,5.0,4.848888888888889,2
4390,0.37016650758298864,0.26948775055679286,5.0,4.848888888888889,2
4400,0.3681249337151342,0.2650334075723831,5.0,4.848888888888889,2
4410,0.35443843461660834,0.27616926503340755,5.0,4.848888888888889,2
4420,0.3606002757450419,0.2828507795100223,5.0,4.848888888888889,2
4430,0.36301304486159724,0.289532293986637,5.0,4.848888888888889,2
4440,0.34881747799342455,0.2806236080178174,5.0,4.848888888888889,2
4450,0.2081715982606851,0.1514476614699332,5.0,4.848888888888889,2
4460,0.21762116873475448,0.14699331848552338,5.0,4.848888888888889,2
4470,0.2218527945699438,0.1492204899777283,5.0,4.848888888888889,2
4480,0.26845370664969775,0.15367483296213807,5.0,4.848888888888889,2
4490,0.2961819917276487,0.1603563474387528,5.0,4.848888888888889,2
0,0.3111411602502917,0.19376391982182628,5.0,4.788888888888889,3
10,0.30650121964153143,0.19599109131403117,5.0,4.788888888888889,3
20,0.32465797009226854,0.2026726057906459,5.0,4.788888888888889,3
30,0.3275532930321349,0.20935412026726058,5.0,4.788888888888889,3
40,0.32454661151765835,0.2071269487750557,5.0,4.788888888888889,3
50,0.3333068193869975,0.21603563474387527,5.0,4.788888888888889,3
60,0.32588291441298123,0.19821826280623608,5.0,4.788888888888889,3
70,0.3549740163325909,0.25389755011135856,5.0,4.788888888888889,3
80,0.3533407572383073,0.24944320712694878,5.0,4.788888888888889,3
90,0.35205748223565597,0.22717149220489977,5.0,4.788888888888889,3
100,0.35315515961395694,0.22717149220489977,5.0,4.788888888888889,3
110,0.36980061512355494,0.25389755011135856,5.0,4.788888888888889,3
120,0.3694559338211899,0.24721603563474387,5.0,4.788888888888889,3
130,0.35234383285608234,0.267260579064588,5.0,4.788888888888889,3
140,0.3567981758404921,0.27616926503340755,5.0,4.788888888888889,3
150,0.3551649167462085,0.2739420935412027,5.0,4.788888888888889,3
160,0.3540354226323046,0.27616926503340755,5.0,4.788888888888889,3
170,0.34606002757450427,0.26057906458797325,5.0,4.788888888888889,3
180,0.35091207975395056,0.267260579064588,5.0,4.788888888888889,3
190,0.35184006787570266,0.267260579064588,5.0,4.788888888888889,3
200,0.34635168098419766,0.26280623608017817,5.0,4.788888888888889,3
210,0.3443472266412133,0.26280623608017817,5.0,4.788888888888889,3
220,0.3459274578428253,0.267260579064588,5.0,4.788888888888889,3
230,0.3499628804751299,0.267260579064588,5.0,4.788888888888889,3
240,0.3519726376073815,0.26948775055679286,5.0,4.788888888888889,3
250,0.35396118358256445,0.26948775055679286,5.0,4.788888888888889,3
260,0.35752465797009225,0.27616926503340755,5.0,4.788888888888889,3
270,0.3585268851415845,0.27616926503340755,5.0,4.788888888888889,3
280,0.35270442252624884,0.26057906458797325,5.0,4.788888888888889,3
290,0.35644288895959275,0.26948775055679286,5.0,4.788888888888889,3
300,0.3819599109131403,0.31625835189309576,5.0,4.788888888888889,3
310,0.38357726163962247,0.3184855233853007,5.0,4.788888888888889,3
320,0.3833545444904019,0.3184855233853007,5.0,4.788888888888889,3
330,0.3831000106055785,0.31625835189309576,5.0,4.788888888888889,3
340,0.38573549687135433,0.31403118040089084,5.0,4.788888888888889,3
350,0.28034786297592534,0.23385300668151449,5.0,4.788888888888889,3
360,0.2879573655742921,0.23385300668151449,5.0,4.788888888888889,3
370,0.28988227807826916,0.2071269487750557,5.0,4.788888888888889,3
380,0.2930745572170962,0.2071269487750557,5.0,4.788888888888889,3
390,0.29686074875384455,0.21380846325167038,5.0,4.788888888888889,3
400,0.3205324000424223,0.21603563474387527,5.0,4.788888888888889,3
410,0.32487538445222186,0.22048997772828507,5.0,4.788888888888889,3
420,0.32420723300456045,0.21380846325167038,5.0,4.788888888888889,3
430,0.3780994803266518,0.27616926503340755,5.0,4.788888888888889,3
440,0.38508855658076147,0.2984409799554566,5.0,4.788888888888889,3
450,0.3811167674196627,0.2873051224944321,5.0,4.788888888888889,3
460,0.3805970940714816,0.28507795100222716,5.0,4.788888888888889,3
470,0.38505143705589134,0.2873051224944321,5.0,4.788888888888889,3
480,0.3886255170219536,0.29398663697104677,5.0,4.788888888888889,3
490,0.37597836461979,0.3028953229398664,5.0,4.788888888888889,3
500,0.37401102980167567,0.30066815144766146,5.0,4.788888888888889,3
510,0.3612472160356347,0.27839643652561247,5.0,4.788888888888889,3
520,0.36417965850037115,0.2828507795100223,5.0,4.788888888888889,3
530,0.3649591685226429,0.27839643652561247,5.0,4.788888888888889,3
540,0.36781737193763914,0.2806236080178174,5.0,4.788888888888889,3
550,0.3696945593382119,0.2828507795100223,5.0,4.788888888888889,3
560,0.3675787464206173,0.2806236080178174,5.0,4.788888888888889,3
570,0.36594548732633364,0.27616926503340755,5.0,4.788888888888889,3
580,0.20978894898716724,0.11581291759465479,5.0,4.788888888888889,3
590,0.21754692968501432,0.11804008908685969,5.0,4.788888888888889,3
600,0.22072330045603986,0.12026726057906459,5.0,4.788888888888889,3
610,0.22156114116025027,0.11804008908685969,5.0,4.788888888888889,3
620,0.2519673348181143,0.13140311804008908,5.0,4.788888888888889,3
630,0.30374907201187823,0.1759465478841871,5.0,4.788888888888889,3
640,0.30270972531551593,0.1759465478841871,5.0,4.788888888888889,3
650,0.30725951850673455,0.18262806236080179,5.0,4.788888888888889,3
660,0.3068352953653622,0.18040089086859687,5.0,4.788888888888889,3
670,0.3047566019726376,0.17371937639198218,5.0,4.788888888888889,3
680,0.30156432283381057,0.16926503340757237,5.0,4.788888888888889,3
690,0.3003977091950366,0.15812917594654788,5.0,4.788888888888889,3
700,0.33758617032559124,0.2071269487750557,5.0,4.788888888888889,3
710,0.3432336408951109,0.2516703786191537,5.0,4.788888888888889,3
720,0.3372573973910277,0.24053452115812918,5.0,4.788888888888889,3
730,0.351988545975183,0.2561247216035635,5.0,4.788888888888889,3
740,0.35371725527627523,0.25389755011135856,5.0,4.788888888888889,3
750,0.36153356665606107,0.26057906458797325,5.0,4.788888888888889,3
760,0.35915791706437583,0.2561247216035635,5.0,4.788888888888889,3
770,0.28915049315940183,0.25389755011135856,5.0,4.788888888888889,3
780,0.29119206702725636,0.25389755011135856,5.0,4.788888888888889,3
790,0.2920086965743981,0.2516703786191537,5.0,4.788888888888889,3
800,0.26274790539823945,0.19821826280623608,5.0,4.788888888888889,3
810,0.2692067027256337,0.2026726057906459,5.0,4.788888888888889,3
820,0.27035740799660624,0.20044543429844097,5.0,4.788888888888889,3
830,0.2787464206172447,0.20044543429844097,5.0,4.788888888888889,3
840,0.28104783115918974,0.2026726057906459,5.0,4.788888888888889,3
850,0.2918124933715134,0.2026726057906459,5.0,4.788888888888889,3
860,0.3160250291653409,0.20935412026726058,5.0,4.788888888888889,3
870,0.35583306819387,0.23162583518930957,5.0,4.788888888888889,3
880,0.18582564428889595,0.08685968819599109,5.0,4.788888888888889,3
890,0.19379043376816205,0.09131403118040089,5.0,4.788888888888889,3
900,0.19306925442782902,0.08908685968819599,5.0,4.788888888888889,3
910,0.2054671757344363,0.08908685968819599,5.0,4.788888888888889,3
920,0.20702619577897977,0.0957683741648107,5.0,4.788888888888889,3
930,0.21434934775692016,0.0957683741648107,5.0,4.788888888888889,3
940,0.21895216884081026,0.09799554565701558,5.0,4.788888888888889,3
950,0.22014529642592004,0.10022271714922049,5.0,4.788888888888889,3
960,0.2841870824053452,0.12472160356347439,5.0,4.788888888888889,3
970,0.280851627956305,0.11581291759465479,5.0,4.788888888888889,3
980,0.2793509385937003,0.12026726057906459,5.0,4.788888888888889,3
990,0.35333545444904024,0.21158129175946547,5.0,4.788888888888889,3
1000,0.3545073708770813,0.21380846325167038,5.0,4.788888888888889,3
1010,0.35632622759571536,0.21380846325167038,5.0,4.788888888888889,3
1020,0.18081981122070206,0.12026726057906459,5.0,4.788888888888889,3
1030,0.18304698271290698,0.12026726057906459,5.0,4.788888888888889,3
1040,0.21542581397815252,0.12472160356347439,5.0,4.788888888888889,3
1050,0.21613108495068406,0.12472160356347439,5.0,4.788888888888889,3
1060,0.21627956305016438,0.12249443207126949,5.0,4.788888888888889,3
1070,0.22268533248488703,0.12026726057906459,5.0,4.788888888888889,3
1080,0.23693923003499842,0.12472160356347439,5.0,4.788888888888889,3
1090,0.23868384770389225,0.12472160356347439,5.0,4.788888888888889,3
1100,0.2465213702407466,0.1358574610244989,5.0,4.788888888888889,3
1110,0.30809735921094494,0.16926503340757237,5.0,4.788888888888889,3
1120,0.3101389330787994,0.1759465478841871,5.0,4.788888888888889,3
1130,0.3138508855658076,0.18040089086859687,5.0,4.788888888888889,3
1140,0.3126524551914307,0.19821826280623608,5.0,4.788888888888889,3
1150,0.3159401845370665,0.2071269487750557,5.0,4.788888888888889,3
1160,0.328894898716725,0.21380846325167038,5.0,4.788888888888889,3
1170,0.3324424647364514,0.22048997772828507,5.0,4.788888888888889,3
1180,0.352916534096935,0.26280623608017817,5.0,4.788888888888889,3
1190,0.3524339802736239,0.26057906458797325,5.0,4.788888888888889,3
1200,0.35590730724361014,0.26280623608017817,5.0,4.788888888888889,3
1210,0.354873263336515,0.27616926503340755,5.0,4.788888888888889,3
1220,0.35578534309046556,0.26948775055679286,5.0,4.788888888888889,3
1230,0.3634690847385724,0.2650334075723831,5.0,4.788888888888889,3
1240,0.3640258776116237,0.26057906458797325,5.0,4.788888888888889,3
1250,0.34814932654576314,0.22494432071269488,5.0,4.788888888888889,3
1260,0.3383762859263973,0.22048997772828507,5.0,4.788888888888889,3
1270,0.35373846643334395,0.23608017817371937,5.0,4.788888888888889,3
1280,0.3528847173613321,0.23385300668151449,5.0,4.788888888888889,3
1290,0.356967865097041,0.24276169265033407,5.0,4.788888888888889,3
1300,0.3548149326545763,0.2383073496659243,5.0,4.788888888888889,3
1310,0.3544066178810054,0.23608017817371937,5.0,4.788888888888889,3
1320,0.35121964153144547,0.2383073496659243,5.0,4.788888888888889,3
1330,0.3556368649909853,0.2516703786191537,5.0,4.788888888888889,3
1340,0.35263548626577573,0.24721603563474387,5.0,4.788888888888889,3
1350,0.35289532293986636,0.24944320712694878,5.0,4.788888888888889,3
1360,0.35484674939017924,0.24498886414253898,5.0,4.788888888888889,3
1370,0.35286880899353057,0.2516703786191537,5.0,4.788888888888889,3
1380,0.35222186870293776,0.24276169265033407,5.0,4.788888888888889,3
1390,0.35430056209566235,0.2516703786191537,5.0,4.788888888888889,3
1400,0.35293244246473643,0.2383073496659243,5.0,4.788888888888889,3
1410,0.34109661682044756,0.24498886414253898,5.0,4.788888888888889,3
1420,0.33750662848658397,0.22939866369710468,5.0,4.788888888888889,3
1430,0.3452699119736982,0.24276169265033407,5.0,4.788888888888889,3
1440,0.34970304380103934,0.26948775055679286,5.0,4.788888888888889,3
1450,0.3131668257503447,0.23608017817371937,5.0,4.788888888888889,3
1460,0.31422738360377567,0.23608017817371937,5.0,4.788888888888889,3
1470,0.3165181885671863,0.22271714922049,5.0,4.788888888888889,3
1480,0.32262700180294834,0.22494432071269488,5.0,4.788888888888889,3
1490,0.3495333545444904,0.26948775055679286,5.0,4.788888888888889,3
1500,0.3416746208505675,0.2561247216035635,5.0,4.788888888888889,3
1510,0.3425495810796479,0.25389755011135856,5.0,4.788888888888889,3
1520,0.3389383815887157,0.24944320712694878,5.0,4.788888888888889,3
1530,0.3352529430480433,0.23162583518930957,5.0,4.788888888888889,3
1540,0.35873899671227066,0.25389755011135856,5.0,4.788888888888889,3
1550,0.36148584155265673,0.25389755011135856,5.0,4.788888888888889,3
1560,0.358887474811751,0.25389755011135856,5.0,4.788888888888889,3
1570,0.3512461554777814,0.24721603563474387,5.0,4.788888888888889,3
1580,0.3510234383285608,0.24944320712694878,5.0,4.788888888888889,3
1590,0.3516173507264821,0.24944320712694878,5.0,4.788888888888889,3
1600,0.3615759889701983,0.25389755011135856,5.0,4.788888888888889,3
1610,0.3604252836992258,0.2516703786191537,5.0,4.788888888888889,3
1620,0.365203096828932,0.2561247216035635,5.0,4.788888888888889,3
1630,0.36646516067451473,0.26057906458797325,5.0,4.788888888888889,3
1640,0.3737246791812493,0.26948775055679286,5.0,4.788888888888889,3
1650,0.35886096086541525,0.24498886414253898,5.0,4.788888888888889,3
1660,0.3630183476508644,0.25389755011135856,5.0,4.788888888888889,3
1670,0.35687771767949944,0.24276169265033407,5.0,4.788888888888889,3
1680,0.35999045497931914,0.2383073496659243,5.0,4.788888888888889,3
1690,0.3602502916534097,0.24053452115812918,5.0,4.788888888888889,3
1700,0.3595450206808781,0.24053452115812918,5.0,4.788888888888889,3
1710,0.3509704104358893,0.22939866369710468,5.0,4.788888888888889,3
1720,0.35865415208399615,0.24053452115812918,5.0,4.788888888888889,3
1730,0.3638827023014105,0.24944320712694878,5.0,4.788888888888889,3
1740,0.23578322197475873,0.17371937639198218,5.0,4.788888888888889,3
1750,0.2357832219747587,0.16926503340757237,5.0,4.788888888888889,3
1760,0.24088980803902854,0.16258351893095768,5.0,4.788888888888889,3
1770,0.2537596775904125,0.15812917594654788,5.0,4.788888888888889,3
1780,0.2543164704634638,0.15812917594654788,5.0,4.788888888888889,3
1790,0.26207975395057803,0.16481069042316257,5.0,4.788888888888889,3
1800,0.2921677802524128,0.17817371937639198,5.0,4.788888888888889,3
1810,0.300445434298441,0.17817371937639198,5.0,4.788888888888889,3
1820,0.3359900307561777,0.22048997772828507,5.0,4.788888888888889,3
1830,0.33194400254533885,0.22048997772828507,5.0,4.788888888888889,3
1840,0.35459221550535586,0.2383073496659243,5.0,4.788888888888889,3
1850,0.3394580549368968,0.24498886414253898,5.0,4.788888888888889,3
1860,0.34647364513734225,0.24276169265033407,5.0,4.788888888888889,3
1870,0.3469880156962562,0.23608017817371937,5.0,4.788888888888889,3
1880,0.35140523915579597,0.2383073496659243,5.0,4.788888888888889,3
1890,0.34661682044755543,0.2383073496659243,5.0,4.788888888888889,3
1900,0.3396224414041786,0.22494432071269488,5.0,4.788888888888889,3
1910,0.34166401527203305,0.23385300668151449,5.0,4.788888888888889,3
1920,0.34237458903383183,0.23385300668151449,5.0,4.788888888888889,3
1930,0.33936790751935514,0.22048997772828507,5.0,4.788888888888889,3
1940,0.3410011666136388,0.22048997772828507,5.0,4.788888888888889,3
1950,0.3443790433768162,0.22717149220489977,5.0,4.788888888888889,3
1960,0.35290062572913355,0.24276169265033407,5.0,4.788888888888889,3
1970,0.3448722027786616,0.2739420935412027,5.0,4.788888888888889,3
1980,0.33913988758086755,0.26948775055679286,5.0,4.788888888888889,3
1990,0.34151553717255273,0.26280623608017817,5.0,4.788888888888889,3
2000,0.261119949093223,0.1870824053452116,5.0,4.788888888888889,3
2010,0.26798706119418814,0.18262806236080179,5.0,4.788888888888889,3
2020,0.2879838795206279,0.19821826280623608,5.0,4.788888888888889,3
2030,0.2863506204263443,0.18040089086859687,5.0,4.788888888888889,3
2040,0.2913246367589352,0.1915367483296214,5.0,4.788888888888889,3
2050,0.3334499946972107,0.20489977728285078,5.0,4.788888888888889,3
2060,0.33805281578110086,0.2071269487750557,5.0,4.788888888888889,3
2070,0.3400572701240853,0.22494432071269488,5.0,4.788888888888889,3
2080,0.33937321030862233,0.22271714922049,5.0,4.788888888888889,3
2090,0.3403754374801145,0.22717149220489977,5.0,4.788888888888889,3
2100,0.33824371619471844,0.22717149220489977,5.0,4.788888888888889,3
2110,0.34655848976561676,0.2516703786191537,5.0,4.788888888888889,3
2120,0.3478417647682681,0.24498886414253898,5.0,4.788888888888889,3
2130,0.35170749814402374,0.24721603563474387,5.0,4.788888888888889,3
2140,0.35768374164810696,0.24498886414253898,5.0,4.788888888888889,3
2150,0.34155265669742285,0.22939866369710468,5.0,4.788888888888889,3
2160,0.36783328030544066,0.2806236080178174,5.0,4.788888888888889,3
2170,0.3654947502386255,0.2828507795100223,5.0,4.788888888888889,3
2180,0.3610828295683529,0.2717149220489978,5.0,4.788888888888889,3
2190,0.3449994697210733,0.2516703786191537,5.0,4.788888888888889,3
2200,0.3386361226004878,0.24276169265033407,5.0,4.788888888888889,3
2210,0.33083571958850355,0.24944320712694878,5.0,4.788888888888889,3
2220,0.3283540142114752,0.24053452115812918,5.0,4.788888888888889,3
2230,0.33084102237777074,0.24276169265033407,5.0,4.788888888888889,3
2240,0.3283540142114752,0.24053452115812918,5.0,4.788888888888889,3
2250,0.3338530066815144,0.2383073496659243,5.0,4.788888888888889,3
2260,0.14430480432707601,0.0801781737193764,5.0,4.788888888888889,3
2270,0.22262700180294834,0.0957683741648107,5.0,4.788888888888889,3
2280,0.30097571322515637,0.1403118040089087,5.0,4.788888888888889,3
2290,0.31703255912610034,0.155902004454343,5.0,4.788888888888889,3
2300,0.3330151659773041,0.1714922048997773,5.0,4.788888888888889,3
2310,0.34077314667515113,0.18262806236080179,5.0,4.788888888888889,3
2320,0.3479000954502068,0.1870824053452116,5.0,4.788888888888889,3
2330,0.3528582034149963,0.19376391982182628,5.0,4.788888888888889,3
2340,0.3623236822568671,0.20489977728285078,5.0,4.788888888888889,3
2350,0.3657492841234489,0.22717149220489977,5.0,4.788888888888889,3
2360,0.36256230777388904,0.23385300668151449,5.0,4.788888888888889,3
2370,0.3604464948562944,0.22939866369710468,5.0,4.788888888888889,3
2380,0.35855870187718736,0.23385300668151449,5.0,4.788888888888889,3
2390,0.3633206066390921,0.2583518930957684,5.0,4.788888888888889,3
2400,0.3640258776116237,0.2561247216035635,5.0,4.788888888888889,3
2410,0.3635274154205112,0.2561247216035635,5.0,4.788888888888889,3
2420,0.36785449146250926,0.26280623608017817,5.0,4.788888888888889,3
2430,0.3691748859900307,0.26948775055679286,5.0,4.788888888888889,3
2440,0.37328454767207553,0.27616926503340755,5.0,4.788888888888889,3
2450,0.364412981228126,0.2717149220489978,5.0,4.788888888888889,3
2460,0.35184006787570266,0.24944320712694878,5.0,4.788888888888889,3
2470,0.35354756601972637,0.24721603563474387,5.0,4.788888888888889,3
2480,0.3563527415420511,0.2516703786191537,5.0,4.788888888888889,3
2490,0.35633683317424963,0.24276169265033407,5.0,4.788888888888889,3
2500,0.3584526460918443,0.24721603563474387,5.0,4.788888888888889,3
2510,0.38663166825750345,0.2717149220489978,5.0,4.788888888888889,3
2520,0.38622335348393255,0.26948775055679286,5.0,4.788888888888889,3
2530,0.3912716088662636,0.27839643652561247,5.0,4.788888888888889,3
2540,0.3887686923321667,0.2806236080178174,5.0,4.788888888888889,3
2550,0.3935889277760102,0.30066815144766146,5.0,4.788888888888889,3
2560,0.3947979637289214,0.30066815144766146,5.0,4.788888888888889,3
2570,0.39765616714391766,0.30734966592427615,5.0,4.788888888888889,3
2580,0.39075723830734965,0.311804008908686,5.0,4.788888888888889,3
2590,0.3878460069996818,0.31403118040089084,5.0,4.788888888888889,3
2600,0.38218793085162794,0.30734966592427615,5.0,4.788888888888889,3
2610,0.3772881535687771,0.30066815144766146,5.0,4.788888888888889,3
2620,0.37632304592215504,0.2962138084632517,5.0,4.788888888888889,3
2630,0.3730936472584579,0.289532293986637,5.0,4.788888888888889,3
2640,0.3717944638880051,0.29398663697104677,5.0,4.788888888888889,3
2650,0.37324212535793827,0.2984409799554566,5.0,4.788888888888889,3
2660,0.32445116131084956,0.24721603563474387,5.0,4.788888888888889,3
2670,0.3331424329197158,0.2583518930957684,5.0,4.788888888888889,3
2680,0.3310637395269912,0.2516703786191537,5.0,4.788888888888889,3
2690,0.3367801463569838,0.26280623608017817,5.0,4.788888888888889,3
2700,0.33737405875490506,0.267260579064588,5.0,4.788888888888889,3
2710,0.3326068512037331,0.2516703786191537,5.0,4.788888888888889,3
2720,0.3158341287517234,0.22939866369710468,5.0,4.788888888888889,3
2730,0.320622547459964,0.23608017817371937,5.0,4.788888888888889,3
2740,0.33334393891186764,0.2561247216035635,5.0,4.788888888888889,3
2750,0.34241170855870184,0.2650334075723831,5.0,4.788888888888889,3
2760,0.3430480432707604,0.26948775055679286,5.0,4.788888888888889,3
2770,0.34007848128115387,0.26057906458797325,5.0,4.788888888888889,3
2780,0.3407996606214869,0.24498886414253898,5.0,4.788888888888889,3
2790,0.3461448722027786,0.24944320712694878,5.0,4.788888888888889,3
2800,0.3385194612366105,0.24276169265033407,5.0,4.788888888888889,3
2810,0.3363665287941457,0.24276169265033407,5.0,4.788888888888889,3
2820,0.34118146144872197,0.24721603563474387,5.0,4.788888888888889,3
2830,0.34036483190158023,0.2516703786191537,5.0,4.788888888888889,3
2840,0.3488864142538975,0.26280623608017817,5.0,4.788888888888889,3
2850,0.34566231837946765,0.26057906458797325,5.0,4.788888888888889,3
2860,0.3427669954396012,0.2561247216035635,5.0,4.788888888888889,3
2870,0.35138402799872726,0.25389755011135856,5.0,4.788888888888889,3
2880,0.35260897231944,0.24721603563474387,5.0,4.788888888888889,3
2890,0.35216353802099903,0.24498886414253898,5.0,4.788888888888889,3
2900,0.36549475023862554,0.26057906458797325,5.0,4.788888888888889,3
2910,0.3602555944426768,0.2561247216035635,5.0,4.788888888888889,3
2920,0.36084950684059813,0.26057906458797325,5.0,4.788888888888889,3
2930,0.36709088980803906,0.267260579064588,5.0,4.788888888888889,3
2940,0.36815144766146995,0.27839643652561247,5.0,4.788888888888889,3
2950,0.3701399936366529,0.2828507795100223,5.0,4.788888888888889,3
2960,0.3689786827871461,0.27839643652561247,5.0,4.788888888888889,3
2970,0.36510234383285606,0.2739420935412027,5.0,4.788888888888889,3
2980,0.35108176901049953,0.2383073496659243,5.0,4.788888888888889,3
2990,0.34874323894368436,0.2383073496659243,5.0,4.788888888888889,3
3000,0.35030756177749495,0.24276169265033407,5.0,4.788888888888889,3
3010,0.35223777707073917,0.24944320712694878,5.0,4.788888888888889,3
3020,0.3717838583094708,0.2873051224944321,5.0,4.788888888888889,3
3030,0.3672181567504507,0.2806236080178174,5.0,4.788888888888889,3
3040,0.3419927882065967,0.2650334075723831,5.0,4.788888888888889,3
3050,0.35343620744511606,0.2650334075723831,5.0,4.788888888888889,3
3060,0.3685438540672394,0.2806236080178174,5.0,4.788888888888889,3
3070,0.3651447661469933,0.29398663697104677,5.0,4.788888888888889,3
3080,0.3565966698483402,0.28507795100222716,5.0,4.788888888888889,3
3090,0.35637395269911976,0.28507795100222716,5.0,4.788888888888889,3
3100,0.3542581397815251,0.2828507795100223,5.0,4.788888888888889,3
3110,0.25540884505249767,0.19821826280623608,5.0,4.788888888888889,3
3120,0.25837840704210413,0.1915367483296214,5.0,4.788888888888889,3
3130,0.2662689574716301,0.19821826280623608,5.0,4.788888888888889,3
3140,0.29183370452858204,0.20044543429844097,5.0,4.788888888888889,3
3150,0.30674514794782054,0.20489977728285078,5.0,4.788888888888889,3
3160,0.3116820447555414,0.20935412026726058,5.0,4.788888888888889,3
3170,0.3438540672393679,0.24276169265033407,5.0,4.788888888888889,3
3180,0.16820447555414147,0.10467706013363029,5.0,4.788888888888889,3
3190,0.19751829462297169,0.111358574610245,5.0,4.788888888888889,3
3200,0.20674514794782053,0.11581291759465479,5.0,4.788888888888889,3
3210,0.21710679817584047,0.12026726057906459,5.0,4.788888888888889,3
3220,0.28951108282956833,0.1403118040089087,5.0,4.788888888888889,3
3230,0.2909958638243716,0.1403118040089087,5.0,4.788888888888889,3
3240,0.29407678438858836,0.1403118040089087,5.0,4.788888888888889,3
3250,0.3082193233640895,0.16926503340757237,5.0,4.788888888888889,3
3260,0.29682362922897443,0.15367483296213807,5.0,4.788888888888889,3
3270,0.29960759359423056,0.15812917594654788,5.0,4.788888888888889,3
3280,0.31908473857248915,0.16926503340757237,5.0,4.788888888888889,3
3290,0.32719800615123557,0.19376391982182628,5.0,4.788888888888889,3
3300,0.32552762753208186,0.1915367483296214,5.0,4.788888888888889,3
3310,0.32549050800721174,0.18930957683741648,5.0,4.788888888888889,3
3320,0.32771767949941666,0.1915367483296214,5.0,4.788888888888889,3
3330,0.3329727436631668,0.22271714922049,5.0,4.788888888888889,3
3340,0.34143599533354546,0.22717149220489977,5.0,4.788888888888889,3
3350,0.3527309364725845,0.24498886414253898,5.0,4.788888888888889,3
3360,0.356108813235762,0.2561247216035635,5.0,4.788888888888889,3
3370,0.3557800403011985,0.2516703786191537,5.0,4.788888888888889,3
3380,0.34611305546717575,0.24276169265033407,5.0,4.788888888888889,3
3390,0.36122600487856615,0.2516703786191537,5.0,4.788888888888889,3
3400,0.36404708876869235,0.2583518930957684,5.0,4.788888888888889,3
3410,0.3633789373210308,0.2561247216035635,5.0,4.788888888888889,3
3420,0.36582882596245625,0.26280623608017817,5.0,4.788888888888889,3
3430,0.35781100859051856,0.24944320712694878,5.0,4.788888888888889,3
3440,0.3395004772510341,0.22271714922049,5.0,4.788888888888889,3
3450,0.34951214338742176,0.22271714922049,5.0,4.788888888888889,3
3460,0.357996606214869,0.24276169265033407,5.0,4.788888888888889,3
3470,0.36582882596245625,0.24276169265033407,5.0,4.788888888888889,3
3480,0.35691483720436945,0.2873051224944321,5.0,4.788888888888889,3
3490,0.36297062254745993,0.3051224944320713,5.0,4.788888888888889,3
3500,0.36111994909322304,0.30066815144766146,5.0,4.788888888888889,3
3510,0.35468236292289745,0.289532293986637,5.0,4.788888888888889,3
3520,0.3584526460918443,0.29398663697104677,5.0,4.788888888888889,3
3530,0.3600487856612578,0.2806236080178174,5.0,4.788888888888889,3
3540,0.3807349665924276,0.2962138084632517,5.0,4.788888888888889,3
3550,0.3314561459327606,0.2717149220489978,5.0,4.788888888888889,3
3560,0.3358733693923004,0.27616926503340755,5.0,4.788888888888889,3
3570,0.3414784176476827,0.27839643652561247,5.0,4.788888888888889,3
3580,0.3424064057694347,0.2828507795100223,5.0,4.788888888888889,3
3590,0.34422526248806873,0.2828507795100223,5.0,4.788888888888889,3
3600,0.34604411920670275,0.2806236080178174,5.0,4.788888888888889,3
3610,0.3419821826280624,0.27616926503340755,5.0,4.788888888888889,3
3620,0.33945805493689685,0.26948775055679286,5.0,4.788888888888889,3
3630,0.3379361544172234,0.26057906458797325,5.0,4.788888888888889,3
3640,0.3389012620638456,0.2561247216035635,5.0,4.788888888888889,3
3650,0.35091207975395056,0.2739420935412027,5.0,4.788888888888889,3
3660,0.360091207975395,0.26948775055679286,5.0,4.788888888888889,3
3670,0.36005408845052495,0.267260579064588,5.0,4.788888888888889,3
3680,0.35493159401845376,0.26280623608017817,5.0,4.788888888888889,3
3690,0.356140629971365,0.26948775055679286,5.0,4.788888888888889,3
3700,0.36241382967440877,0.27616926503340755,5.0,4.788888888888889,3
3710,0.2963834977198006,0.24944320712694878,5.0,4.788888888888889,3
3720,0.31360165447025135,0.22271714922049,5.0,4.788888888888889,3
3730,0.3143281365998515,0.22717149220489977,5.0,4.788888888888889,3
3740,0.1572860324530703,0.08463251670378619,5.0,4.788888888888889,3
3750,0.25309682893201824,0.14253897550111358,5.0,4.788888888888889,3
3760,0.3386361226004878,0.20489977728285078,5.0,4.788888888888889,3
3770,0.3501325697316789,0.22717149220489977,5.0,4.788888888888889,3
3780,0.3645985788524764,0.289532293986637,5.0,4.788888888888889,3
3790,0.3640417859794251,0.2873051224944321,5.0,4.788888888888889,3
3800,0.3759571534627214,0.30066815144766146,5.0,4.788888888888889,3
3810,0.20874960229080497,0.16258351893095768,5.0,4.788888888888889,3
3820,0.21420617244670698,0.16481069042316257,5.0,4.788888888888889,3
3830,0.2622600487856612,0.15812917594654788,5.0,4.788888888888889,3
3840,0.27163538020999045,0.16703786191536749,5.0,4.788888888888889,3
3850,0.28314243291971575,0.17371937639198218,5.0,4.788888888888889,3
3860,0.30757238307349666,0.18262806236080179,5.0,4.788888888888889,3
3870,0.3416746208505674,0.21603563474387527,5.0,4.788888888888889,3
3880,0.3405239155795948,0.21603563474387527,5.0,4.788888888888889,3
3890,0.35662848658394314,0.26280623608017817,5.0,4.788888888888889,3
3900,0.35548308410223783,0.2717149220489978,5.0,4.788888888888889,3
3910,0.35552020362710784,0.2739420935412027,5.0,4.788888888888889,3
3920,0.3565224307986001,0.2739420935412027,5.0,4.788888888888889,3
3930,0.3525506416375013,0.2650334075723831,5.0,4.788888888888889,3
3940,0.3554141478417647,0.2650334075723831,5.0,4.788888888888889,3
3950,0.3519302152932442,0.2650334075723831,5.0,4.788888888888889,3
3960,0.35452858203415,0.2717149220489978,5.0,4.788888888888889,3
3970,0.20479902428677482,0.10690423162583519,5.0,4.788888888888889,3
3980,0.22406405769434723,0.11804008908685969,5.0,4.788888888888889,3
3990,0.2302471099798494,0.12026726057906459,5.0,4.788888888888889,3
4000,0.23622335348393256,0.12026726057906459,5.0,4.788888888888889,3
4010,0.23826492735178703,0.12249443207126949,5.0,4.788888888888889,3
4020,0.24140948138720966,0.1291759465478842,5.0,4.788888888888889,3
4030,0.2433980273623926,0.13140311804008908,5.0,4.788888888888889,3
4040,0.3071587655106587,0.1603563474387528,5.0,4.788888888888889,3
4050,0.3093488174779935,0.16481069042316257,5.0,4.788888888888889,3
4060,0.3130607699650016,0.1603563474387528,5.0,4.788888888888889,3
4070,0.3133046982712907,0.155902004454343,5.0,4.788888888888889,3
4080,0.31159720012726694,0.15367483296213807,5.0,4.788888888888889,3
4090,0.3132675787464206,0.155902004454343,5.0,4.788888888888889,3
4100,0.31989606533036374,0.16258351893095768,5.0,4.788888888888889,3
4110,0.33715664439495174,0.19821826280623608,5.0,4.788888888888889,3
4120,0.3408685968819599,0.20489977728285078,5.0,4.788888888888889,3
4130,0.3478311591897338,0.22494432071269488,5.0,4.788888888888889,3
4140,0.34768268109025346,0.22939866369710468,5.0,4.788888888888889,3
4150,0.3439548202354438,0.26280623608017817,5.0,4.788888888888889,3
4160,0.3804327076041999,0.2984409799554566,5.0,4.788888888888889,3
4170,0.3806607275426875,0.2984409799554566,5.0,4.788888888888889,3
4180,0.3846908473857249,0.30957683741648107,5.0,4.788888888888889,3
4190,0.23368862021423267,0.08463251670378619,5.0,4.788888888888889,3
4200,0.23910807084526461,0.0957683741648107,5.0,4.788888888888889,3
4210,0.24196627426026088,0.10022271714922049,5.0,4.788888888888889,3
4220,0.2663378937321031,0.11358574610244988,5.0,4.788888888888889,3
4230,0.2677855552020363,0.111358574610245,5.0,4.788888888888889,3
4240,0.33899140948138723,0.2182628062360802,5.0,4.788888888888889,3
4250,0.37120055149008374,0.267260579064588,5.0,4.788888888888889,3
4260,0.364858415526567,0.2561247216035635,5.0,4.788888888888889,3
4270,0.3678650970410436,0.2650334075723831,5.0,4.788888888888889,3
4280,0.3589298971258882,0.2583518930957684,5.0,4.788888888888889,3
4290,0.3644607063315304,0.2583518930957684,5.0,4.788888888888889,3
4300,0.3784282532612154,0.29398663697104677,5.0,4.788888888888889,3
4310,0.3792448828083572,0.2984409799554566,5.0,4.788888888888889,3
4320,0.3798971258882172,0.3028953229398664,5.0,4.788888888888889,3
4330,0.3756283805281578,0.2984409799554566,5.0,4.788888888888889,3
4340,0.2560982076572277,0.12472160356347439,5.0,4.788888888888889,3
4350,0.29510552550641644,0.1358574610244989,5.0,4.788888888888889,3
4360,0.3014953865733376,0.1403118040089087,5.0,4.788888888888889,3
4370,0.3062095662318379,0.1447661469933185,5.0,4.788888888888889,3
4380,0.31719694559338213,0.155902004454343,5.0,4.788888888888889,3
4390,0.3208717785555202,0.15367483296213807,5.0,4.788888888888889,3
4400,0.333216671969456,0.17817371937639198,5.0,4.788888888888889,3
4410,0.33091526142751093,0.16926503340757237,5.0,4.788888888888889,3
4420,0.3436101389330788,0.18040089086859687,5.0,4.788888888888889,3
4430,0.34650546187294523,0.1915367483296214,5.0,4.788888888888889,3
4440,0.3505567928730512,0.2071269487750557,5.0,4.788888888888889,3
4450,0.3492098843991939,0.2026726057906459,5.0,4.788888888888889,3
4460,0.34184431010711636,0.20044543429844097,5.0,4.788888888888889,3
4470,0.34488811114646306,0.20935412026726058,5.0,4.788888888888889,3
4480,0.347528900201506,0.23385300668151449,5.0,4.788888888888889,3
4490,0.3485682468978683,0.23385300668151449,5.0,4.788888888888889,3
0,0.2802630183476509,0.1714922048997773,5.0,5.18,4
10,0.20154311167674194,0.09799554565701558,5.0,5.18,4
20,0.2146091844310107,0.10690423162583519,5.0,5.18,4
30,0.21631668257503447,0.10690423162583519,5.0,5.18,4
40,0.2185438540672394,0.1091314031180401,5.0,5.18,4
50,0.22289214126630608,0.1091314031180401,5.0,5.18,4
60,0.2320818750662849,0.111358574610245,5.0,5.18,4
70,0.24576307137554354,0.12249443207126949,5.0,5.18,4
80,0.27117934033301516,0.16481069042316257,5.0,5.18,4
90,0.2759147311485841,0.16926503340757237,5.0,5.18,4
100,0.27836461979000954,0.16926503340757237,5.0,5.18,4
110,0.3238519461236611,0.19821826280623608,5.0,5.18,4
120,0.3359157917064376,0.21158129175946547,5.0,5.18,4
130,0.3639463357726163,0.24721603563474387,5.0,5.18,4
140,0.3631297062254746,0.24944320712694878,5.0,5.18,4
150,0.3676794994166932,0.2561247216035635,5.0,5.18,4
160,0.36422738360377555,0.2516703786191537,5.0,5.18,4
170,0.3570845264609185,0.2561247216035635,5.0,5.18,4
180,0.34833492417011347,0.23162583518930957,5.0,5.18,4
190,0.34736981652349136,0.22939866369710468,5.0,5.18,4
200,0.3553505143705589,0.24053452115812918,5.0,5.18,4
210,0.3560929048679605,0.24498886414253898,5.0,5.18,4
220,0.3505461872945169,0.23385300668151449,5.0,5.18,4
230,0.3387262700180295,0.22494432071269488,5.0,5.18,4
240,0.3344416162901686,0.21603563474387527,5.0,5.18,4
250,0.3371354332378831,0.2182628062360802,5.0,5.18,4
260,0.3384027998727331,0.2182628062360802,5.0,5.18,4
270,0.3322992894262382,0.20935412026726058,5.0,5.18,4
280,0.3369763495598685,0.21380846325167038,5.0,5.18,4
290,0.3364937957365574,0.22048997772828507,5.0,5.18,4
300,0.3525983667409057,0.24944320712694878,5.0,5.18,4
310,0.358203414996288,0.24721603563474387,5.0,5.18,4
320,0.3807879944850992,0.2806236080178174,5.0,5.18,4
330,0.37073390603457423,0.26948775055679286,5.0,5.18,4
340,0.37563898610669205,0.2717149220489978,5.0,5.18,4
350,0.378757026195779,0.27616926503340755,5.0,5.18,4
360,0.3834181779616077,0.28507795100222716,5.0,5.18,4
370,0.3821402057482236,0.2873051224944321,5.0,5.18,4
380,0.3441245094919928,0.27839643652561247,5.0,5.18,4
390,0.34603881641743556,0.2717149220489978,5.0,5.18,4
400,0.3468024180719058,0.2717149220489978,5.0,5.18,4
410,0.3466645455509598,0.24944320712694878,5.0,5.18,4
420,0.3553770283168946,0.26057906458797325,5.0,5.18,4
430,0.3604252836992258,0.26057906458797325,5.0,5.18,4
440,0.35788524764025875,0.25389755011135856,5.0,5.18,4
450,0.34911443419238525,0.24276169265033407,5.0,5.18,4
460,0.34777813129706225,0.2383073496659243,5.0,5.18,4
470,0.3606586064269806,0.24721603563474387,5.0,5.18,4
480,0.3616237140736027,0.24053452115812918,5.0,5.18,4
490,0.3704793721497508,0.2516703786191537,5.0,5.18,4
500,0.37185809735921094,0.24944320712694878,5.0,5.18,4
510,0.37289744405557324,0.25389755011135856,5.0,5.18,4
520,0.3628380528157811,0.24498886414253898,5.0,5.18,4
530,0.36362286562731994,0.24276169265033407,5.0,5.18,4
540,0.35943366210626787,0.24053452115812918,5.0,5.18,4
550,0.3652614275108707,0.2516703786191537,5.0,5.18,4
560,0.3621433874217838,0.24721603563474387,5.0,5.18,4
570,0.3700551490083784,0.26280623608017817,5.0,5.18,4
580,0.3114009969243822,0.2583518930957684,5.0,5.18,4
590,0.3128486583943154,0.2583518930957684,5.0,5.18,4
600,0.31292289744405555,0.24944320712694878,5.0,5.18,4
610,0.3045126736663485,0.2383073496659243,5.0,5.18,4
620,0.3106002757450419,0.24053452115812918,5.0,5.18,4
630,0.31542581397815245,0.2383073496659243,5.0,5.18,4
640,0.3184696150174992,0.24498886414253898,5.0,5.18,4
650,0.3257821614169053,0.2561247216035635,5.0,5.18,4
660,0.31975289002015056,0.24276169265033407,5.0,5.18,4
670,0.31808251140099697,0.24053452115812918,5.0,5.18,4
680,0.2709884399193976,0.2026726057906459,5.0,5.18,4
690,0.3336568034786298,0.22048997772828507,5.0,5.18,4
700,0.3373316364407678,0.22271714922049,5.0,5.18,4
710,0.33219323364089515,0.2182628062360802,5.0,5.18,4
720,0.34184431010711636,0.21603563474387527,5.0,5.18,4
730,0.35448615972001274,0.23385300668151449,5.0,5.18,4
740,0.3364354650546187,0.21380846325167038,5.0,5.18,4
750,0.3375331424329197,0.2182628062360802,5.0,5.18,4
760,0.3387580867536324,0.2182628062360802,5.0,5.18,4
770,0.35651182522006575,0.23608017817371937,5.0,5.18,4
780,0.36537278608548096,0.24276169265033407,5.0,5.18,4
790,0.36873475448085696,0.24498886414253898,5.0,5.18,4
800,0.36454024817053776,0.24053452115812918,5.0,5.18,4
810,0.3605313394845689,0.2383073496659243,5.0,5.18,4
820,0.35839961819917276,0.23608017817371937,5.0,5.18,4
830,0.3447396330469827,0.21603563474387527,5.0,5.18,4
840,0.35060451797645564,0.22494432071269488,5.0,5.18,4
850,0.3608707179976668,0.23385300668151449,5.0,5.18,4
860,0.3683794675999576,0.2962138084632517,5.0,5.18,4
870,0.3679923639834553,0.29175946547884185,5.0,5.18,4
880,0.3738201293880581,0.2984409799554566,5.0,5.18,4
890,0.3796478947926609,0.30734966592427615,5.0,5.18,4
900,0.3745466115176583,0.30066815144766146,5.0,5.18,4
910,0.37124297380422105,0.289532293986637,5.0,5.18,4
920,0.3696680453918761,0.2828507795100223,5.0,5.18,4
930,0.37050588609608653,0.29175946547884185,5.0,5.18,4
940,0.37507158765510656,0.2873051224944321,5.0,5.18,4
950,0.3799183370452858,0.28507795100222716,5.0,5.18,4
960,0.3789532293986637,0.28507795100222716,5.0,5.18,4
970,0.3776169265033408,0.2873051224944321,5.0,5.18,4
980,0.3678491886732421,0.25389755011135856,5.0,5.18,4
990,0.3666242443525294,0.24721603563474387,5.0,5.18,4
1000,0.3758670060451798,0.25389755011135856,5.0,5.18,4
1010,0.36187294516915897,0.2383073496659243,5.0,5.18,4
1020,0.36095025983667406,0.23608017817371937,5.0,5.18,4
1030,0.38904974016332594,0.27616926503340755,5.0,5.18,4
1040,0.25756708028422953,0.20935412026726058,5.0,5.18,4
1050,0.2819811220702089,0.1603563474387528,5.0,5.18,4
1060,0.28354014211475237,0.1603563474387528,5.0,5.18,4
1070,0.2846908473857249,0.16258351893095768,5.0,5.18,4
1080,0.2924859476084421,0.1759465478841871,5.0,5.18,4
1090,0.29805917912822144,0.18262806236080179,5.0,5.18,4
1100,0.3021052073390603,0.18262806236080179,5.0,5.18,4
1110,0.3109025347332697,0.20044543429844097,5.0,5.18,4
1120,0.31942411708558704,0.20489977728285078,5.0,5.18,4
1130,0.3185703680135752,0.20489977728285078,5.0,5.18,4
1140,0.3143758617032559,0.2026726057906459,5.0,5.18,4
1150,0.32388376285926396,0.2182628062360802,5.0,5.18,4
1160,0.3274843567716618,0.21380846325167038,5.0,5.18,4
1170,0.32848658394315416,0.21603563474387527,5.0,5.18,4
1180,0.3323098950047725,0.22271714922049,5.0,5.18,4
1190,0.3212535793827553,0.21380846325167038,5.0,5.18,4
1200,0.32815781100859054,0.2182628062360802,5.0,5.18,4
1210,0.34181779616078056,0.23385300668151449,5.0,5.18,4
1220,0.33833386361226003,0.22939866369710468,5.0,5.18,4
1230,0.3353271820977834,0.22494432071269488,5.0,5.18,4
1240,0.36058967016650756,0.26057906458797325,5.0,5.18,4
1250,0.3727648743238944,0.2739420935412027,5.0,5.18,4
1260,0.3708399618199173,0.2739420935412027,5.0,5.18,4
1270,0.365717467387846,0.2650334075723831,5.0,5.18,4
1280,0.36245094919927884,0.267260579064588,5.0,5.18,4
1290,0.3634796903171068,0.2583518930957684,5.0,5.18,4
1300,0.3648212960016969,0.2650334075723831,5.0,5.18,4
1310,0.364174355711104,0.2650334075723831,5.0,5.18,4
1320,0.358235231731891,0.26280623608017817,5.0,5.18,4
1330,0.3593116979531233,0.267260579064588,5.0,5.18,4
1340,0.3413935730194082,0.22717149220489977,5.0,5.18,4
1350,0.3429525930639516,0.22939866369710468,5.0,5.18,4
1360,0.33504613426662433,0.2182628062360802,5.0,5.18,4
1370,0.3309629865309152,0.21158129175946547,5.0,5.18,4
1380,0.33408102662000216,0.20935412026726058,5.0,5.18,4
1390,0.333598472796691,0.20489977728285078,5.0,5.18,4
1400,0.18716724997348605,0.10467706013363029,5.0,5.18,4
1410,0.19403436207445116,0.10690423162583519,5.0,5.18,4
1420,0.2458956411072224,0.12694877505567928,5.0,5.18,4
1430,0.24890232262169903,0.12694877505567928,5.0,5.18,4
1440,0.3010446494856294,0.1447661469933185,5.0,5.18,4
1450,0.33168946866051546,0.17817371937639198,5.0,5.18,4
1460,0.3435942305652773,0.19599109131403117,5.0,5.18,4
1470,0.34619259730618307,0.20044543429844097,5.0,5.18,4
1480,0.3576837416481069,0.21603563474387527,5.0,5.18,4
1490,0.3833015165977304,0.2561247216035635,5.0,5.18,4
1500,0.3893519991515537,0.2583518930957684,5.0,5.18,4
1510,0.3897603139251246,0.26280623608017817,5.0,5.18,4
1520,0.3814296319864249,0.2717149220489978,5.0,5.18,4
1530,0.37868278714603876,0.2650334075723831,5.0,5.18,4
1540,0.37085056739845157,0.2516703786191537,5.0,5.18,4
1550,0.3570314985682469,0.24721603563474387,5.0,5.18,4
1560,0.35810796478947926,0.24944320712694878,5.0,5.18,4
1570,0.34936896807720863,0.23385300668151449,5.0,5.18,4
1580,0.3525824583731043,0.23608017817371937,5.0,5.18,4
1590,0.35082193233640896,0.23608017817371937,5.0,5.18,4
1600,0.3534149962880475,0.24276169265033407,5.0,5.18,4
1610,0.3782055361119949,0.2828507795100223,5.0,5.18,4
1620,0.37579276699543956,0.2828507795100223,5.0,5.18,4
1630,0.3742337469508962,0.2828507795100223,5.0,5.18,4
1640,0.2947025135221126,0.25389755011135856,5.0,5.18,4
1650,0.3115441722345954,0.2383073496659243,5.0,5.18,4
1660,0.3092798812175204,0.23385300668151449,5.0,5.18,4
1670,0.308203414996288,0.23608017817371937,5.0,5.18,4
1680,0.31054724785237037,0.22048997772828507,5.0,5.18,4
1690,0.317843885883975,0.22717149220489977,5.0,5.18,4
1700,0.32545338848234173,0.22939866369710468,5.0,5.18,4
1710,0.31015484144660094,0.22939866369710468,5.0,5.18,4
1720,0.31301834765086434,0.22939866369710468,5.0,5.18,4
1730,0.317812069148372,0.22494432071269488,5.0,5.18,4
1740,0.318665818220384,0.22271714922049,5.0,5.18,4
1750,0.3190953441510234,0.22271714922049,5.0,5.18,4
1760,0.3250715876551066,0.22939866369710468,5.0,5.18,4
1770,0.32625941245094925,0.23162583518930957,5.0,5.18,4
1780,0.3263760738148266,0.22717149220489977,5.0,5.18,4
1790,0.36334181779616076,0.267260579064588,5.0,5.18,4
1800,0.3644023756495917,0.26948775055679286,5.0,5.18,4
1810,0.36399936366528796,0.26280623608017817,5.0,5.18,4
1820,0.36055255064163744,0.2516703786191537,5.0,5.18,4
1830,0.3686021847491781,0.2828507795100223,5.0,5.18,4
1840,0.36648637183158345,0.2806236080178174,5.0,5.18,4
1850,0.3706861809311698,0.2828507795100223,5.0,5.18,4
1860,0.24310107116343196,0.155902004454343,5.0,5.18,4
1870,0.2753049103828614,0.16926503340757237,5.0,5.18,4
1880,0.28976561671439177,0.17817371937639198,5.0,5.18,4
1890,0.3647788736875596,0.23608017817371937,5.0,5.18,4
1900,0.3691960971470994,0.24053452115812918,5.0,5.18,4
1910,0.37212853961183584,0.24721603563474387,5.0,5.18,4
1920,0.37821614169052925,0.26280623608017817,5.0,5.18,4
1930,0.2706914837204369,0.20935412026726058,5.0,5.18,4
1940,0.2808887474811751,0.20044543429844097,5.0,5.18,4
1950,0.2977993424541309,0.20935412026726058,5.0,5.18,4
1960,0.3141001166613639,0.21158129175946547,5.0,5.18,4
1970,0.3241435995333545,0.22494432071269488,5.0,5.18,4
1980,0.3249602290804963,0.22717149220489977,5.0,5.18,4
1990,0.32368225686711205,0.22271714922049,5.0,5.18,4
2000,0.32783964365256124,0.22048997772828507,5.0,5.18,4
2010,0.33170007423904974,0.22717149220489977,5.0,5.18,4
2020,0.3302736239261852,0.22494432071269488,5.0,5.18,4
2030,0.32945699437904336,0.22048997772828507,5.0,5.18,4
2040,0.33354014211475236,0.22494432071269488,5.0,5.18,4
2050,0.3606267896913777,0.24053452115812918,5.0,5.18,4
2060,0.36738254321773256,0.24053452115812918,5.0,5.18,4
2070,0.36281153886944534,0.267260579064588,5.0,5.18,4
2080,0.360568459009439,0.26280623608017817,5.0,5.18,4
2090,0.36370771025559445,0.27616926503340755,5.0,5.18,4
2100,0.36402587761162375,0.2739420935412027,5.0,5.18,4
2110,0.3598313713013045,0.26057906458797325,5.0,5.18,4
2120,0.3603881641743557,0.26057906458797325,5.0,5.18,4
2130,0.3605631562201718,0.26280623608017817,5.0,5.18,4
2140,0.36532506098207657,0.2739420935412027,5.0,5.18,4
2150,0.3645667621168735,0.27616926503340755,5.0,5.18,4
2160,0.3532347014529642,0.26280623608017817,5.0,5.18,4
2170,0.3540937533142433,0.26280623608017817,5.0,5.18,4
2180,0.35260897231944005,0.2583518930957684,5.0,5.18,4
2190,0.3581928094177537,0.26948775055679286,5.0,5.18,4
2200,0.35802842295047194,0.27839643652561247,5.0,5.18,4
2210,0.3689998939442147,0.2739420935412027,5.0,5.18,4
2220,0.37118994591154947,0.2806236080178174,5.0,5.18,4
2230,0.3691748859900308,0.2717149220489978,5.0,5.18,4
2240,0.3753049103828614,0.2717149220489978,5.0,5.18,4
2250,0.3655265669742284,0.2583518930957684,5.0,5.18,4
2260,0.36107222398981864,0.2561247216035635,5.0,5.18,4
2270,0.36081769010499526,0.24721603563474387,5.0,5.18,4
2280,0.3612100965107647,0.24276169265033407,5.0,5.18,4
2290,0.3629971364937958,0.24944320712694878,5.0,5.18,4
2300,0.3597041043588928,0.24276169265033407,5.0,5.18,4
2310,0.3724732209142009,0.2828507795100223,5.0,5.18,4
2320,0.37854491462509277,0.2962138084632517,5.0,5.18,4
2330,0.37700710573761803,0.289532293986637,5.0,5.18,4
2340,0.19940078481281154,0.12472160356347439,5.0,5.18,4
2350,0.21549475023862552,0.12472160356347439,5.0,5.18,4
2360,0.2767843885883975,0.1403118040089087,5.0,5.18,4
2370,0.2780464524339803,0.1403118040089087,5.0,5.18,4
2380,0.2812016120479372,0.1403118040089087,5.0,5.18,4
2390,0.29650015908367805,0.15367483296213807,5.0,5.18,4
2400,0.3179181249337152,0.16258351893095768,5.0,5.18,4
2410,0.33401209035952917,0.19821826280623608,5.0,5.18,4
2420,0.24778873687559658,0.13808463251670378,5.0,5.18,4
2430,0.253361968395376,0.13140311804008908,5.0,5.18,4
2440,0.2824159507901156,0.1447661469933185,5.0,5.18,4
2450,0.28833916640152724,0.1514476614699332,5.0,5.18,4
2460,0.2942411708558702,0.15367483296213807,5.0,5.18,4
2470,0.3054353589988334,0.16481069042316257,5.0,5.18,4
2480,0.31152296107752675,0.17371937639198218,5.0,5.18,4
2490,0.3190582246261533,0.18262806236080179,5.0,5.18,4
2500,0.3272245200975714,0.1915367483296214,5.0,5.18,4
2510,0.33164174355711107,0.2026726057906459,5.0,5.18,4
2520,0.3296744087389968,0.20044543429844097,5.0,5.18,4
2530,0.32645031286456677,0.20044543429844097,5.0,5.18,4
2540,0.3299236398345529,0.21380846325167038,5.0,5.18,4
2550,0.33465372786085484,0.21158129175946547,5.0,5.18,4
2560,0.25485205217944634,0.21158129175946547,5.0,5.18,4
2570,0.2642698059179128,0.19599109131403117,5.0,5.18,4
2580,0.25856400466645457,0.1714922048997773,5.0,5.18,4
2590,0.2629069890762541,0.17817371937639198,5.0,5.18,4
2600,0.29739633046982705,0.19599109131403117,5.0,5.18,4
2610,0.3075670802842295,0.2071269487750557,5.0,5.18,4
2620,0.31294941139039134,0.21380846325167038,5.0,5.18,4
2630,0.3139516385618836,0.21380846325167038,5.0,5.18,4
2640,0.3360642698059179,0.22271714922049,5.0,5.18,4
2650,0.34068830204687667,0.23608017817371937,5.0,5.18,4
2660,0.34662742602608976,0.24498886414253898,5.0,5.18,4
2670,0.34454873263336516,0.24276169265033407,5.0,5.18,4
2680,0.34364725845794886,0.24944320712694878,5.0,5.18,4
2690,0.3420511188885354,0.24498886414253898,5.0,5.18,4
2700,0.34481917488599007,0.24276169265033407,5.0,5.18,4
2710,0.34181249337151337,0.2383073496659243,5.0,5.18,4
2720,0.34700922685332486,0.24944320712694878,5.0,5.18,4
2730,0.34678650970410435,0.24721603563474387,5.0,5.18,4
2740,0.33869445328242653,0.23385300668151449,5.0,5.18,4
2750,0.34530172870930104,0.24498886414253898,5.0,5.18,4
2760,0.3621168734754481,0.24053452115812918,5.0,5.18,4
2770,0.36913246367589353,0.24721603563474387,5.0,5.18,4
2780,0.3718050694665394,0.25389755011135856,5.0,5.18,4
2790,0.3765192491250398,0.26280623608017817,5.0,5.18,4
2800,0.3673719376391982,0.2650334075723831,5.0,5.18,4
2810,0.36361226004878566,0.2717149220489978,5.0,5.18,4
2820,0.358304167992364,0.2583518930957684,5.0,5.18,4
2830,0.36972107328454773,0.2650334075723831,5.0,5.18,4
2840,0.33523173189097466,0.24276169265033407,5.0,5.18,4
2850,0.33751723406511824,0.24276169265033407,5.0,5.18,4
2860,0.3369074132993955,0.24276169265033407,5.0,5.18,4
2870,0.3319333969668046,0.22939866369710468,5.0,5.18,4
2880,0.3204263442570792,0.21380846325167038,5.0,5.18,4
2890,0.3233216671969456,0.21603563474387527,5.0,5.18,4
2900,0.32703361968395384,0.22271714922049,5.0,5.18,4
2910,0.3331265245519143,0.23162583518930957,5.0,5.18,4
2920,0.33318485523385305,0.21603563474387527,5.0,5.18,4
2930,0.3341870824053452,0.21603563474387527,5.0,5.18,4
2940,0.3547619047619048,0.24721603563474387,5.0,5.18,4
2950,0.3534627213914519,0.24498886414253898,5.0,5.18,4
2960,0.27105737617987063,0.22939866369710468,5.0,5.18,4
2970,0.28429313819068835,0.22048997772828507,5.0,5.18,4
2980,0.29536005939123977,0.22939866369710468,5.0,5.18,4
2990,0.3134372680029696,0.23385300668151449,5.0,5.18,4
3000,0.324260260897232,0.24498886414253898,5.0,5.18,4
3010,0.21026620002121119,0.12249443207126949,5.0,5.18,4
3020,0.2142379891823099,0.12472160356347439,5.0,5.18,4
3030,0.21472054300562093,0.12026726057906459,5.0,5.18,4
3040,0.22912291865521264,0.1358574610244989,5.0,5.18,4
3050,0.26138508855658077,0.14253897550111358,5.0,5.18,4
3060,0.2796319864248595,0.1403118040089087,5.0,5.18,4
3070,0.28252730936472586,0.13808463251670378,5.0,5.18,4
3080,0.28976561671439177,0.1514476614699332,5.0,5.18,4
3090,0.31538339166401524,0.18040089086859687,5.0,5.18,4
3100,0.32100965107646623,0.18485523385300667,5.0,5.18,4
3110,0.3327023014105419,0.19599109131403117,5.0,5.18,4
3120,0.3327977516173507,0.19599109131403117,5.0,5.18,4
3130,0.3379838795206278,0.2182628062360802,5.0,5.18,4
3140,0.34280941775373847,0.22717149220489977,5.0,5.18,4
3150,0.3417329515325061,0.22494432071269488,5.0,5.18,4
3160,0.35256124721603566,0.23385300668151449,5.0,5.18,4
3170,0.3551596139569413,0.2383073496659243,5.0,5.18,4
3180,0.36675151129494116,0.2561247216035635,5.0,5.18,4
3190,0.36694241170855874,0.2516703786191537,5.0,5.18,4
3200,0.23421359635168099,0.1714922048997773,5.0,5.18,4
3210,0.32996075935942304,0.20935412026726058,5.0,5.18,4
3220,0.33757026195778983,0.21380846325167038,5.0,5.18,4
3230,0.34070951320394527,0.21603563474387527,5.0,5.18,4
3240,0.33833386361226014,0.21380846325167038,5.0,5.18,4
3250,0.33590518612790327,0.21158129175946547,5.0,5.18,4
3260,0.3340333015165977,0.20489977728285078,5.0,5.18,4
3270,0.3343302577155584,0.20935412026726058,5.0,5.18,4
3280,0.3063262275957154,0.21380846325167038,5.0,5.18,4
3290,0.3050270442252625,0.21380846325167038,5.0,5.18,4
3300,0.3065118252200657,0.21380846325167038,5.0,5.18,4
3310,0.3092586700604518,0.21158129175946547,5.0,5.18,4
3320,0.3234807508749602,0.21158129175946547,5.0,5.18,4
3330,0.2068512037331636,0.11581291759465479,5.0,5.18,4
3340,0.21735602927139672,0.12249443207126949,5.0,5.18,4
3350,0.2219429419874854,0.12694877505567928,5.0,5.18,4
3360,0.23207657227701772,0.1291759465478842,5.0,5.18,4
3370,0.23525294304804328,0.133630289532294,5.0,5.18,4
3380,0.23759147311485843,0.1358574610244989,5.0,5.18,4
3390,0.2305387633895429,0.12472160356347439,5.0,5.18,4
3400,0.24466539399724258,0.11581291759465479,5.0,5.18,4
3410,0.26119418814296325,0.1403118040089087,5.0,5.18,4
3420,0.2708452646091844,0.1447661469933185,5.0,5.18,4
3430,0.31903701346908475,0.18040089086859687,5.0,5.18,4
3440,0.32579276699543963,0.18040089086859687,5.0,5.18,4
3450,0.3255912610032878,0.17817371937639198,5.0,5.18,4
3460,0.3308993530597094,0.1915367483296214,5.0,5.18,4
3470,0.33535369604411924,0.1915367483296214,5.0,5.18,4
3480,0.33431434934775695,0.19376391982182628,5.0,5.18,4
3490,0.33843461660833596,0.19376391982182628,5.0,5.18,4
3500,0.3457683741648107,0.19821826280623608,5.0,5.18,4
3510,0.35035528688089934,0.20489977728285078,5.0,5.18,4
3520,0.3478311591897338,0.2026726057906459,5.0,5.18,4
3530,0.3723883762859264,0.24276169265033407,5.0,5.18,4
3540,0.37016120479372144,0.24721603563474387,5.0,5.18,4
3550,0.37010817690104997,0.24498886414253898,5.0,5.18,4
3560,0.37627532081875065,0.24498886414253898,5.0,5.18,4
3570,0.36948775055679284,0.24053452115812918,5.0,5.18,4
3580,0.369524870081663,0.24276169265033407,5.0,5.18,4
3590,0.3707869339272457,0.2583518930957684,5.0,5.18,4
3600,0.34782585640046665,0.24276169265033407,5.0,5.18,4
3610,0.35913670590730723,0.26280623608017817,5.0,5.18,4
3620,0.3044331318273412,0.1514476614699332,5.0,5.18,4
3630,0.31259942729875917,0.16481069042316257,5.0,5.18,4
3640,0.3208399618199173,0.1759465478841871,5.0,5.18,4
3650,0.3265563686499099,0.1915367483296214,5.0,5.18,4
3660,0.33234701452964255,0.19599109131403117,5.0,5.18,4
3670,0.3352847597836462,0.20044543429844097,5.0,5.18,4
3680,0.29135115070527096,0.23608017817371937,5.0,5.18,4
3690,0.29434192385194613,0.23608017817371937,5.0,5.18,4
3700,0.2912610032877293,0.23162583518930957,5.0,5.18,4
3710,0.3023968607487538,0.2182628062360802,5.0,5.18,4
3720,0.33138190688302044,0.22048997772828507,5.0,5.18,4
3730,0.33299925760950255,0.22271714922049,5.0,5.18,4
3740,0.3423586806660303,0.23608017817371937,5.0,5.18,4
3750,0.34902428677484354,0.2650334075723831,5.0,5.18,4
3760,0.34850461342666245,0.26280623608017817,5.0,5.18,4
3770,0.35013787252094597,0.2516703786191537,5.0,5.18,4
3780,0.3525506416375014,0.25389755011135856,5.0,5.18,4
3790,0.35375967759041255,0.2561247216035635,5.0,5.18,4
3800,0.3757980697847067,0.28507795100222716,5.0,5.18,4
3810,0.3763389542899565,0.2828507795100223,5.0,5.18,4
3820,0.36750450737087703,0.2739420935412027,5.0,5.18,4
3830,0.3645190370134691,0.26057906458797325,5.0,5.18,4
3840,0.3671545232792449,0.26057906458797325,5.0,5.18,4
3850,0.36157068618093113,0.2516703786191537,5.0,5.18,4
3860,0.3453918761268427,0.23162583518930957,5.0,5.18,4
3870,0.3473592109449571,0.23385300668151449,5.0,5.18,4
3880,0.3466539399724255,0.23162583518930957,5.0,5.18,4
3890,0.36551596139569414,0.2561247216035635,5.0,5.18,4
3900,0.36492735178704,0.26948775055679286,5.0,5.18,4
3910,0.3596245625198855,0.24721603563474387,5.0,5.18,4
3920,0.3508113267578747,0.23162583518930957,5.0,5.18,4
3930,0.3581079647894792,0.23385300668151449,5.0,5.18,4
3940,0.35988970198324316,0.2383073496659243,5.0,5.18,4
3950,0.3636599851521901,0.24053452115812918,5.0,5.18,4
3960,0.3661098737936154,0.24498886414253898,5.0,5.18,4
3970,0.3607487538445222,0.2383073496659243,5.0,5.18,4
3980,0.3705164916746209,0.2583518930957684,5.0,5.18,4
3990,0.35272033089405025,0.24498886414253898,5.0,5.18,4
4000,0.353054406617881,0.24944320712694878,5.0,5.18,4
4010,0.3565171280093329,0.2583518930957684,5.0,5.18,4
4020,0.3486477887368756,0.24721603563474387,5.0,5.18,4
4030,0.22497613744829778,0.15367483296213807,5.0,5.18,4
4040,0.22375119312758507,0.15367483296213807,5.0,5.18,4
4050,0.23984515855339905,0.15812917594654788,5.0,5.18,4
4060,0.23947396330469825,0.15367483296213807,5.0,5.18,4
4070,0.24311167674196626,0.15812917594654788,5.0,5.18,4
4080,0.2671121009651076,0.17371937639198218,5.0,5.18,4
4090,0.27543217732527303,0.18930957683741648,5.0,5.18,4
4100,0.3094442676848022,0.19599109131403117,5.0,5.18,4
4110,0.3079064587973274,0.19821826280623608,5.0,5.18,4
4120,0.3459221550535582,0.23385300668151449,5.0,5.18,4
4130,0.3462774419344575,0.24276169265033407,5.0,5.18,4
4140,0.34910913140311806,0.2516703786191537,5.0,5.18,4
4150,0.353123342878354,0.2516703786191537,5.0,5.18,4
4160,0.23449994697210735,0.16703786191536749,5.0,5.18,4
4170,0.2368384770389225,0.1714922048997773,5.0,5.18,4
4180,0.262010817690105,0.16258351893095768,5.0,5.18,4
4190,0.28187506628486586,0.1870824053452116,5.0,5.18,4
4200,0.2767525718527946,0.18040089086859687,5.0,5.18,4
4210,0.2877028316894687,0.18485523385300667,5.0,5.18,4
4220,0.2895959274578428,0.1870824053452116,5.0,5.18,4
4230,0.3037808887474812,0.2026726057906459,5.0,5.18,4
4240,0.23886944532824264,0.17817371937639198,5.0,5.18,4
4250,0.2493583624986743,0.16703786191536749,5.0,5.18,4
4260,0.3044755541414784,0.18485523385300667,5.0,5.18,4
4270,0.3098207657227702,0.1915367483296214,5.0,5.18,4
4280,0.3132781843249549,0.19599109131403117,5.0,5.18,4
4290,0.33251140099692433,0.1915367483296214,5.0,5.18,4
4300,0.34636228656273194,0.21603563474387527,5.0,5.18,4
4310,0.35274684484038604,0.22939866369710468,5.0,5.18,4
4320,0.3382543217732527,0.2182628062360802,5.0,5.18,4
4330,0.2794251776434405,0.22048997772828507,5.0,5.18,4
4340,0.28326969986212747,0.2071269487750557,5.0,5.18,4
4350,0.2880952380952381,0.21380846325167038,5.0,5.18,4
4360,0.34538657333757555,0.23385300668151449,5.0,5.18,4
4370,0.347115282638668,0.23162583518930957,5.0,5.18,4
4380,0.35777388906564855,0.24944320712694878,5.0,5.18,4
4390,0.3376763177431329,0.2182628062360802,5.0,5.18,4
4400,0.35479902428677484,0.22494432071269488,5.0,5.18,4
4410,0.35387103616502275,0.22048997772828507,5.0,5.18,4
4420,0.36670378619153676,0.24053452115812918,5.0,5.18,4
4430,0.37757980697847066,0.2561247216035635,5.0,5.18,4
4440,0.37509279881217517,0.2583518930957684,5.0,5.18,4
4450,0.3709619259730618,0.2561247216035635,5.0,5.18,4
4460,0.36614699331848555,0.2739420935412027,5.0,5.18,4
4470,0.36254109661682044,0.26948775055679286,5.0,5.18,4
4480,0.36584473433025777,0.2717149220489978,5.0,5.18,4
4490,0.36610457100434834,0.26948775055679286,5.0,5.18,4
